{"type":"FeatureCollection","features":[{"type":"Feature","id":"64182","properties":{"name":"Soorajpur Mahanwa","source_code":"119437","source_subdistrict":"Baghpat","lgd_id":null,"lgd_name":null,"subdistrict":"Baghpat","status":"unlinked"},"geometry":{"type":"Polygon","coordinates":[[[77.285842279287,28.9453565186864],[77.27891050101069,28.93806176113228],[77.2782392891603,28.936507592978504],[77.27774050922592,28.933178802658798],[77.27700204687521,28.932084627801913],[77.2760060193937,28.932302462943035],[77.27379427513382,28.93405915016346],[77.27202585988513,28.934724966669275],[77.27020990046788,28.935817568664145],[77.26804425245504,28.93720603095279],[77.26706521185065,28.938379943773658],[77.26583610364396,28.939222580658903],[77.26812518814243,28.94261545933419],[77.26899441277767,28.942965661818576],[77.2699044238964,28.94492638084035],[77.27064529898452,28.94591160671419],[77.27162520975924,28.94643136797097],[77.27345743187975,28.948072380013866],[77.27531476183924,28.94857351068945],[77.27695299089234,28.948634902749912],[77.27864978520647,28.949502178990265],[77.28110022591599,28.949040722690075],[77.28177968923453,28.94935409232278],[77.28221355275679,28.950434658024996],[77.28580119673146,28.94636195911246],[77.285842279287,28.9453565186864]]]}},{"type":"Feature","id":"64183","properties":{"name":"Gyasri Urf Gadhi","source_code":"119416","source_subdistrict":"Baghpat","lgd_id":null,"lgd_name":null,"subdistrict":"Baghpat","status":"unlinked"},"geometry":{"type":"Polygon","coordinates":[[[77.27256182603018,29.011038692560817],[77.27498956579862,29.009900285752956],[77.27487181055203,29.009237108823697],[77.27592907765532,29.008840425489943],[77.2763780702737,29.009000697773747],[77.28048166517297,29.007055125157706],[77.2807252149596,29.00753332083767],[77.28096130870392,29.007519907174352],[77.28320917670369,29.00705343158754],[77.28451530866982,29.00654851169159],[77.28436929695856,29.00575449494963],[77.28459777963931,29.005222236028693],[77.28888093240971,29.001726825606255],[77.29014365660956,29.000003819423696],[77.29214443674942,28.99938959175796],[77.29496321713803,28.999571329666807],[77.29469879906982,28.99770568350648],[77.29523295999422,28.996826024943285],[77.29504117656097,28.99600118090242],[77.29387852247268,28.994220965740364],[77.29038269942212,28.99099282502812],[77.2856768580725,28.988163290288263],[77.28504775009003,28.988152633555703],[77.28266335515555,28.987307369204203],[77.28161558635155,28.98725606337944],[77.28085407696122,28.98806476520321],[77.27870215686838,28.98705570783456],[77.27848047138438,28.985861429623],[77.27692694120124,28.984527147292866],[77.27604523874335,28.984730145169266],[77.2679481079792,28.988700421423136],[77.2677921113993,28.989720594225172],[77.26673064499425,28.990289364212977],[77.2667341779681,28.990993668474477],[77.26480666162672,28.991916540758176],[77.26400632816454,28.991886112489922],[77.26049658556974,28.993637063098795],[77.26310525892158,28.99814180472939],[77.26308052456524,28.999996674632836],[77.26426507020673,29.00171588396171],[77.2639436162927,29.003389391218956],[77.26738088984736,29.005436431850214],[77.26935346782884,29.00688059975005],[77.27064847101434,29.00861555516882],[77.27151499676816,29.010657195385722],[77.2719331539296,29.01099114015299],[77.27256182603018,29.011038692560817]]]}},{"type":"Feature","id":"64184","properties":{"name":"Norozpur Goorjar","source_code":"119422","source_subdistrict":"Baghpat","lgd_id":null,"lgd_name":null,"subdistrict":"Baghpat","status":"unlinked"},"geometry":{"type":"Polygon","coordinates":[[[77.25557759084703,29.010946914254237],[77.25934595847811,29.00799365122563],[77.26258737669757,29.006508401017438],[77.2650286692514,29.004057448564456],[77.2639436162927,29.003389391218956],[77.26426507020673,29.00171588396171],[77.26308052456524,28.999996674632836],[77.26310525892158,28.99814180472939],[77.26049658556974,28.993637063098795],[77.25919766159457,28.992005158975743],[77.25807012436682,28.991248093803744],[77.25747787921313,28.990433109401536],[77.25331030976218,28.987444140871894],[77.24862628956434,28.98874544460263],[77.24359455137913,28.9892817482968],[77.24287740439317,28.988294641599392],[77.23962274864532,28.990621385269026],[77.23964208758206,28.991826638383973],[77.24054761712925,28.994725906986332],[77.243920028518,29.000003515851194],[77.24655643303178,29.00349832691457],[77.2501371252262,29.0075002080013],[77.25122473425,29.008042067336866],[77.25165091598649,29.007654336357806],[77.2528769280222,29.00864282639385],[77.25329281600226,29.008234746052405],[77.25512100838523,29.01068285908529],[77.25557759084703,29.010946914254237]]]}},{"type":"Feature","id":"64185","properties":{"name":"Mawi Kalan","source_code":"119387","source_subdistrict":"Baraut","lgd_id":null,"lgd_name":null,"subdistrict":"Baraut","status":"unlinked"},"geometry":{"type":"Polygon","coordinates":[[[77.4470068891612,29.038921399496708],[77.44464280694798,29.036733608841352],[77.4435415702202,29.03460212451582],[77.4437776221928,29.03254053695262],[77.44507351285183,29.029908219278177],[77.4457535269602,29.02967355740909],[77.44721650116733,29.030600556995417],[77.4508405095497,29.031534047589226],[77.45460287651737,29.031001259533106],[77.45895767948576,29.028587138320013],[77.4600813009452,29.026128333076958],[77.46104840607187,29.024637201915],[77.46109943629938,29.023374122306898],[77.45979037938311,29.022223978075978],[77.45710600516512,29.021696563982207],[77.45557379646839,29.021049427328784],[77.451832370837,29.022252154343693],[77.45126269837377,29.021825894466577],[77.45094946469328,29.02103646853783],[77.45058503790472,29.02123950494231],[77.45029764065994,29.021115484647773],[77.44968667253093,29.019306588008945],[77.44854971955678,29.018061631307663],[77.44723320678675,29.017362471355394],[77.44673529183662,29.016755728854136],[77.4442486031921,29.015107133789172],[77.43565736808355,29.016907278630104],[77.43184394855217,29.018801816649436],[77.43137688655295,29.0186619575933],[77.43015536173039,29.019431048305627],[77.4290005822661,29.018968649188032],[77.42591336299157,29.019983437538205],[77.41918433927185,29.02266230339867],[77.4181730615336,29.023426892345867],[77.41787279237124,29.023386212248322],[77.41493924986537,29.02487895089265],[77.41513155040235,29.02570004750443],[77.41615786037731,29.02698139899952],[77.41731215775383,29.029888957920996],[77.41989324076202,29.034278687042313],[77.4219026277393,29.036345008788288],[77.42512601411582,29.03883103178916],[77.44094694060013,29.03909540744096],[77.44543349896225,29.038786152074668],[77.4470068891612,29.038921399496708]]]}},{"type":"Feature","id":"64186","properties":{"name":"Tera","source_code":"119379","source_subdistrict":"Baraut","lgd_id":null,"lgd_name":null,"subdistrict":"Baraut","status":"unlinked"},"geometry":{"type":"Polygon","coordinates":[[[77.36836076139018,29.018403491140525],[77.36720977659549,29.018783208193828],[77.36652429050825,29.01814746169237],[77.36516141781243,29.017663027691892],[77.36423981094633,29.017022838906094],[77.36074416654631,29.015718180276636],[77.35889142015347,29.015788691767217],[77.3567056202481,29.016838278219357],[77.35587110713021,29.01567243683988],[77.35182254544972,29.01774658176214],[77.34757155749662,29.020953024457775],[77.34508528159587,29.022309258418005],[77.34588910748924,29.024081883678345],[77.34927063355785,29.02861699457395],[77.35006931301537,29.03019120519076],[77.34994375579971,29.03051154285006],[77.35025948177457,29.030833949157742],[77.35032161632303,29.032234633006794],[77.35211246513767,29.03724155528182],[77.35347522623245,29.036972722672836],[77.35548230047168,29.037071292423583],[77.35630381896274,29.037508637776362],[77.35852389394901,29.0372755303324],[77.35892686174383,29.037392724570857],[77.35964850181462,29.038170616495943],[77.3606877194468,29.037581502959537],[77.36135004950046,29.037976049656447],[77.36453441996737,29.036217725725688],[77.37139755786671,29.03186385760904],[77.37125327380079,29.03088719801719],[77.37180485180212,29.030361423810167],[77.37195082757648,29.02983807440477],[77.3729334633933,29.02931881033272],[77.37281236281804,29.028581336027575],[77.37174033531275,29.025444314102327],[77.36970589789883,29.021991890063767],[77.3690886738653,29.019619229788812],[77.36836076139018,29.018403491140525]]]}},{"type":"Feature","id":"64187","properties":{"name":"Budhera","source_code":"119410","source_subdistrict":"Baghpat","lgd_id":null,"lgd_name":null,"subdistrict":"Baghpat","status":"unlinked"},"geometry":{"type":"Polygon","coordinates":[[[77.31854071482812,29.03576322496767],[77.32083508435595,29.03411874873724],[77.32028578918835,29.03289398962926],[77.32147394970586,29.03157441249887],[77.3215688409386,29.030891016262977],[77.32326744712974,29.02711044984291],[77.32653918959137,29.024177942484243],[77.32730870950977,29.021448521191168],[77.3269569205198,29.020171954634574],[77.32563254737464,29.018446547763652],[77.32560427405042,29.01806534975223],[77.32277604695398,29.014923549935872],[77.32046895714126,29.01304708695454],[77.31744343777794,29.011292409574477],[77.31579610825264,29.011775194023535],[77.31420269897966,29.01259403179393],[77.31281447860032,29.012357160529557],[77.30939136925902,29.01329323331578],[77.30970186149261,29.014642045608376],[77.30971715096614,29.018566836167583],[77.3054083898778,29.02144704413141],[77.30570857012265,29.02194557411977],[77.30497973117512,29.022725942190192],[77.30509257504028,29.023905581152324],[77.30114025502318,29.0252632533978],[77.29868149130537,29.02741028531563],[77.30085482839954,29.03092700340132],[77.30044413527533,29.031258454527887],[77.30064941222449,29.031689291058296],[77.30031823954523,29.032368238354106],[77.30438327707495,29.03762173187924],[77.30732978207467,29.036099429366093],[77.30784823392841,29.03622345891195],[77.31039174107264,29.035467862983968],[77.31061250999782,29.035758867756243],[77.3112130975606,29.035357423209753],[77.31199846749482,29.03568897030424],[77.31289677225872,29.035661858843582],[77.31336901090305,29.03534387755547],[77.31657460991482,29.034353593863578],[77.31698528506767,29.03435359075351],[77.31854071482812,29.03576322496767]]]}},{"type":"Feature","id":"64188","properties":{"name":"Jahangarh Urf Doja","source_code":"119405","source_subdistrict":"Baghpat","lgd_id":null,"lgd_name":null,"subdistrict":"Baghpat","status":"unlinked"},"geometry":{"type":"Polygon","coordinates":[[[77.30850471068744,29.054290635781612],[77.31206266648982,29.053029811685562],[77.31890101306732,29.049161323191594],[77.31949911338941,29.049237967271775],[77.32186054414558,29.047981480695682],[77.32310275416214,29.047034091133394],[77.32300258274739,29.046325822590806],[77.32383928528171,29.04545507538737],[77.31950855282115,29.038426990179573],[77.31854071482812,29.03576322496767],[77.31698528506767,29.03435359075351],[77.31553518045428,29.034631012461556],[77.31289677225872,29.035661858843582],[77.31199846749482,29.03568897030424],[77.3112130975606,29.035357423209753],[77.31061250999782,29.035758867756243],[77.31039174107264,29.035467862983968],[77.30784823392841,29.03622345891195],[77.30732978207467,29.036099429366093],[77.30438327707495,29.03762173187924],[77.30379281817271,29.0384044012571],[77.30284828544177,29.039096865260397],[77.30136718656945,29.0397057641733],[77.29823048751281,29.041771567235443],[77.29976762614137,29.044000233463237],[77.30000369835403,29.045421261642087],[77.30309120801984,29.049553665775633],[77.30414359654193,29.050298124517482],[77.30497789189073,29.05014924964644],[77.30527565292863,29.05035455359858],[77.30682597569132,29.052783911011396],[77.30850471068744,29.054290635781612]]]}},{"type":"Feature","id":"64189","properties":{"name":"Shahpur Banganga","source_code":"119363","source_subdistrict":"Baraut","lgd_id":null,"lgd_name":null,"subdistrict":"Baraut","status":"unlinked"},"geometry":{"type":"Polygon","coordinates":[[[77.44963784775675,29.14377478308399],[77.45618940292846,29.14346951630342],[77.45643854581068,29.142756733774963],[77.45748137705584,29.14153409686301],[77.45695453884021,29.14065219681179],[77.45680762865734,29.138403515064205],[77.45631913342415,29.13619083947125],[77.45729479618458,29.133540423794056],[77.45775398507502,29.130082663710862],[77.45740945608007,29.1284947681984],[77.45635611599131,29.12805059207557],[77.45075068504632,29.127228031313514],[77.44875463101503,29.127230407564593],[77.44753709410547,29.12754183455572],[77.44141554286374,29.1301112721813],[77.44063202565248,29.130169903881104],[77.44031862864924,29.129928524532673],[77.44055759345821,29.131850324803924],[77.44111515608326,29.133550993479357],[77.43818647081235,29.135856144013488],[77.43385493865352,29.138118461950143],[77.4311289663793,29.13897545322129],[77.43039682911702,29.139045397791893],[77.4291996334349,29.13840022416404],[77.42809230594756,29.138896391320166],[77.42768381003333,29.138413698493455],[77.42701327765649,29.13870907800836],[77.43023207307145,29.143664699698174],[77.43006508795925,29.14399857955561],[77.43023972203858,29.144447362407643],[77.43304264342413,29.14827520756717],[77.4378705587975,29.145685876319096],[77.44691969133599,29.145593052835544],[77.44963784775675,29.14377478308399]]]}},{"type":"Feature","id":"64190","properties":{"name":"Begamabad Garhi","source_code":"119365","source_subdistrict":"Baraut","lgd_id":null,"lgd_name":null,"subdistrict":"Baraut","status":"unlinked"},"geometry":{"type":"Polygon","coordinates":[[[77.4133980313647,29.14444327599672],[77.40985085462438,29.140587827721244],[77.40930600577613,29.14102080912864],[77.40836071047772,29.140350675356295],[77.40778267976506,29.140364162668643],[77.40744361229434,29.14013394914927],[77.4064338699047,29.140233028165],[77.4057944633161,29.1392652688139],[77.40488495232134,29.139219860981584],[77.4014557092493,29.137646935459774],[77.40073169966072,29.136315925164183],[77.40022378658374,29.13394747549057],[77.39916618721271,29.131761576226044],[77.3988449473615,29.13199605003566],[77.39660634360703,29.13472464415074],[77.39534909308495,29.13729412359387],[77.39584730509888,29.13750094824035],[77.39703886682922,29.13900582442532],[77.3981249039854,29.14085341497475],[77.39854827889805,29.142400807409693],[77.39912597264379,29.143406911302737],[77.39829071480592,29.14407885582656],[77.3982957087579,29.14449165539588],[77.39958230600466,29.146258055726143],[77.40065847597549,29.147298159533516],[77.40064803536335,29.1477403106143],[77.40145976893488,29.148293109277574],[77.40175010851758,29.148164637130876],[77.40332708066607,29.150093521101628],[77.40352491810616,29.150208629356687],[77.40411095280989,29.149552338880344],[77.40529826527496,29.14890081810177],[77.40587107634092,29.149302444275342],[77.40810430391076,29.147784904450038],[77.409360825886,29.14769043987156],[77.41336953945425,29.14547630606495],[77.41294320210939,29.144795046233035],[77.4133980313647,29.14444327599672]]]}},{"type":"Feature","id":"64191","properties":{"name":"Basoli","source_code":"119266","source_subdistrict":"Baraut","lgd_id":null,"lgd_name":null,"subdistrict":"Baraut","status":"unlinked"},"geometry":{"type":"Polygon","coordinates":[[[77.26597739171415,29.184813256937563],[77.26639410404472,29.18416606751388],[77.26802674639391,29.182995996182406],[77.26915019169559,29.182376127153326],[77.27079781297608,29.182114986279128],[77.27278747454744,29.18129901785087],[77.27468481367478,29.17994173078163],[77.2745692650364,29.1796688523886],[77.27513492139244,29.17881410170406],[77.2772610934927,29.17697867363003],[77.2770144594293,29.17664033350387],[77.27759322553041,29.175127007476107],[77.27352502135052,29.1678607771365],[77.27016002224126,29.163991592795558],[77.2685086029265,29.161627181484416],[77.26646811357524,29.161940088497808],[77.26556086316813,29.162287124477682],[77.26248406924879,29.16401595794953],[77.25900320897664,29.166732624836154],[77.25683303810354,29.168894749763474],[77.25618284284003,29.169065934564745],[77.2544088285054,29.170346317806167],[77.25465533685203,29.17074344411126],[77.25303826974819,29.171834392223847],[77.25327445672013,29.17224948995021],[77.24879807087075,29.17545258341088],[77.2467118462146,29.176653007846163],[77.24694544570235,29.178980357202814],[77.24792479297489,29.181825747515482],[77.24878129687634,29.181867279300345],[77.24951914185016,29.1815857243957],[77.25082500599896,29.185682374393195],[77.251169228447,29.185955425816054],[77.25257019291064,29.185804994140884],[77.25693896500542,29.18728640981366],[77.25743260432552,29.186912207094725],[77.25913838816207,29.188728578065515],[77.26048517677987,29.188898290918864],[77.26091463492791,29.188681902855837],[77.26238995013593,29.188655463385167],[77.2625679474731,29.1873427877763],[77.26308224982118,29.18686480735922],[77.26305160876488,29.186413646922322],[77.26597739171415,29.184813256937563]]]}},{"type":"Feature","id":"64192","properties":{"name":"Sadakpur Jonmana","source_code":"119300","source_subdistrict":"Baraut","lgd_id":null,"lgd_name":null,"subdistrict":"Baraut","status":"unlinked"},"geometry":{"type":"Polygon","coordinates":[[[77.23269946536244,29.09877665143956],[77.23382382613416,29.09810370713382],[77.23427013255973,29.097476356621566],[77.23405858718434,29.096420868102026],[77.23446884296933,29.09561304853486],[77.23344499511308,29.093714448177252],[77.23468671498723,29.09224741166968],[77.23580086038221,29.09180902425644],[77.23745322579656,29.09012060826029],[77.23802225599137,29.08903299563455],[77.23739448169904,29.08768900830783],[77.2383697356844,29.087070286192667],[77.2383397477322,29.085872202516626],[77.23756617135177,29.08449935109343],[77.23483099414184,29.081347864801526],[77.23250481835132,29.07990630220629],[77.23182018189846,29.079865663476962],[77.229956652419,29.080706064131327],[77.22610155019365,29.083072631248715],[77.22504878456027,29.083181563096876],[77.22281036338416,29.084247673228024],[77.22034560351264,29.084767992871157],[77.21804556016383,29.086023632776982],[77.21665881811724,29.08597482638926],[77.21581670522815,29.08622796814986],[77.21320888866288,29.08790764723784],[77.20972201056946,29.089451765258747],[77.21177906425395,29.092415364748426],[77.21224749364222,29.093863190186266],[77.21280794310049,29.094733566472],[77.21237204716236,29.095654092792888],[77.21257808478587,29.096542782283517],[77.21223926359865,29.09680913725106],[77.21218308910528,29.0972827969101],[77.21133568714369,29.097387049528102],[77.21138752760804,29.098032164146368],[77.21112591114631,29.098614265387358],[77.21025365288777,29.099941055605008],[77.20862133925625,29.101615586660234],[77.21070870761594,29.104330286401577],[77.2119321092639,29.105430329605827],[77.2148233090149,29.104309829407402],[77.22071779184216,29.1010536993348],[77.22299262940791,29.100262805455056],[77.22465157437969,29.1000903116065],[77.22639339581818,29.100657672472664],[77.22717923296332,29.10055786886876],[77.23215982687611,29.0984387285159],[77.23245780540051,29.09844753480529],[77.23269946536244,29.09877665143956]]]}},{"type":"Feature","id":"64193","properties":{"name":"Jiwana","source_code":"119370","source_subdistrict":"Baraut","lgd_id":null,"lgd_name":null,"subdistrict":"Baraut","status":"unlinked"},"geometry":{"type":"Polygon","coordinates":[[[77.35713575251829,29.108840670104776],[77.35925450085305,29.108314410659183],[77.35969631919194,29.10846091395303],[77.36728999619842,29.106509128035583],[77.37018642695055,29.10522681575327],[77.3728647362628,29.104501568037165],[77.37812400078667,29.104015910710913],[77.3789539208905,29.10331249918201],[77.38074416743515,29.10306070307115],[77.38443985791908,29.103258394022646],[77.38351068663043,29.102245330254007],[77.3810563746823,29.100410559428624],[77.37920748024852,29.09997889035482],[77.37818829369105,29.099385228999868],[77.37614291611894,29.096826508744908],[77.37514502284162,29.095102885994237],[77.37496845093933,29.093965949474516],[77.37685830673503,29.08992932717142],[77.37730545230623,29.089300221284933],[77.37850011650174,29.088389550502836],[77.37853409876936,29.087248255059073],[77.37762294650857,29.086505737198564],[77.37703754648405,29.08641073599438],[77.37378007877527,29.088664884494197],[77.37039592728755,29.089694922518284],[77.36884204341332,29.089174553668645],[77.36827720617912,29.089314608417435],[77.36759962147784,29.09002084724316],[77.36673439691131,29.09042270605145],[77.36632338683049,29.09006204699321],[77.36615090965756,29.08923204661049],[77.36556764620684,29.08866387209577],[77.36433775772663,29.088901152346974],[77.36336644885307,29.087591085449603],[77.3632684568294,29.08676330990467],[77.36270819733645,29.08580721311952],[77.36199149191545,29.0851511226283],[77.36164182466865,29.084303162269002],[77.36220132548713,29.083761553004177],[77.36175657344751,29.08258661905911],[77.35996178983862,29.082891756816885],[77.3594172950222,29.08252429493041],[77.35850314905741,29.0824276626147],[77.35743256737707,29.082761837048807],[77.35932142783591,29.086200924136513],[77.35998240663244,29.088569027010898],[77.36089201380817,29.089678363550775],[77.36078701854498,29.090422774799155],[77.36256395262451,29.09546558571629],[77.36274184791766,29.096784963823676],[77.36047239947739,29.098495544487026],[77.35383487407502,29.10138042694752],[77.35454436579015,29.102771814881645],[77.35451637271977,29.103383100848927],[77.35626977984008,29.10785306153064],[77.35713575251829,29.108840670104776]]]}},{"type":"Feature","id":"64194","properties":{"name":"Dhodra","source_code":"119401","source_subdistrict":"Baghpat","lgd_id":null,"lgd_name":null,"subdistrict":"Baghpat","status":"unlinked"},"geometry":{"type":"Polygon","coordinates":[[[77.30438327707495,29.03762173187924],[77.30031823954523,29.032368238354106],[77.30064941222449,29.031689291058296],[77.30044413527533,29.031258454527887],[77.30085482839954,29.03092700340132],[77.29868149130537,29.02741028531563],[77.29538146769306,29.024892738516833],[77.29365190583411,29.023866224002568],[77.28791685211166,29.021248797829667],[77.28617663269937,29.022617665439263],[77.28110220565603,29.025530818699462],[77.28218740180031,29.02687537996382],[77.28432293145218,29.025854014656385],[77.28608817195672,29.027230325420565],[77.28761471862465,29.029481635322746],[77.28931628119886,29.029434599731925],[77.29090196685826,29.0312370265495],[77.29402191132324,29.036538082324626],[77.29881576795879,29.041257341535044],[77.29925716848457,29.041203264946738],[77.30136718656945,29.0397057641733],[77.30245552599835,29.039360690236485],[77.30379281817271,29.0384044012571],[77.30438327707495,29.03762173187924]]]}},{"type":"Feature","id":"64195","properties":{"name":"Jiwana","source_code":"119279","source_subdistrict":"Baraut","lgd_id":null,"lgd_name":null,"subdistrict":"Baraut","status":"unlinked"},"geometry":{"type":"Polygon","coordinates":[[[77.2896025783549,29.165816426819454],[77.29176117921972,29.16613248648542],[77.2947396284397,29.166090044969444],[77.29914186286038,29.164958303045506],[77.29789595975573,29.161868083958964],[77.29676835579723,29.15799747879565],[77.29602328531986,29.157379377037458],[77.2953066354208,29.156034937803703],[77.29307136290264,29.154110659312476],[77.29250096709441,29.154119645093576],[77.28653658126512,29.156047139191255],[77.28589945169398,29.155704122985934],[77.28266928507524,29.156445578461945],[77.28104491931747,29.15771286262042],[77.28084972665543,29.157453384884576],[77.27497179154612,29.160758538111573],[77.27238893565624,29.161551739385857],[77.26949486715351,29.163021502317314],[77.27352502135052,29.1678607771365],[77.27565656048597,29.171808560373638],[77.28819166016801,29.166233445909455],[77.2896025783549,29.165816426819454]]]}},{"type":"Feature","id":"64196","properties":{"name":"Palra","source_code":"119345","source_subdistrict":"Baraut","lgd_id":null,"lgd_name":null,"subdistrict":"Baraut","status":"unlinked"},"geometry":{"type":"Polygon","coordinates":[[[77.40868255735194,29.166291811516167],[77.40892211548538,29.16389873759024],[77.40959349244223,29.16146285493337],[77.41081724196444,29.159518782551736],[77.40808372800066,29.15717246896188],[77.40740021752529,29.15704375012426],[77.40516703594972,29.15786882930399],[77.40437064095688,29.157009273547743],[77.40328954810407,29.154850426284117],[77.4024161252045,29.154135244984776],[77.40181994690761,29.154333556390526],[77.4005116218244,29.155557930520573],[77.39614992451862,29.158581415089884],[77.39715153414633,29.15987858383947],[77.39554726801717,29.161892360846817],[77.39569353017124,29.162453990092537],[77.39549031425828,29.16304486795661],[77.39528251008764,29.16849416610552],[77.39433050136356,29.171189269177567],[77.39284165470963,29.173157838800588],[77.39484844155308,29.174268211856802],[77.39552441790427,29.173925595699142],[77.39630291795662,29.174570969855022],[77.39982483066456,29.171851799845307],[77.40488587129806,29.169507347836593],[77.4061120091574,29.168686548626027],[77.40868255735194,29.166291811516167]]]}},{"type":"Feature","id":"64197","properties":{"name":"Karimpur","source_code":"119278","source_subdistrict":"Baraut","lgd_id":null,"lgd_name":null,"subdistrict":"Baraut","status":"unlinked"},"geometry":{"type":"Polygon","coordinates":[[[77.28848750305926,29.17627736277397],[77.28779660216219,29.174319493616842],[77.28557968726311,29.17033122675559],[77.28784152436958,29.16884299793639],[77.2904352119341,29.16583231515967],[77.2896025783549,29.165816426819454],[77.28819166016801,29.166233445909455],[77.27565656048597,29.171808560373638],[77.27759322553041,29.175127007476107],[77.28140489192697,29.174194068366383],[77.28228342623203,29.175949112365675],[77.28540110451517,29.175203213804906],[77.28634140037826,29.17659276617951],[77.28848750305926,29.17627736277397]]]}},{"type":"Feature","id":"64198","properties":{"name":"Khaprana","source_code":"119349","source_subdistrict":"Baraut","lgd_id":null,"lgd_name":null,"subdistrict":"Baraut","status":"unlinked"},"geometry":{"type":"Polygon","coordinates":[[[77.47268148026987,29.165270472797307],[77.46998543541801,29.164587740223258],[77.46888280626042,29.163942923726683],[77.46807790237376,29.16197624549112],[77.46813129056899,29.160153789619606],[77.46864214293575,29.15845750554058],[77.4708713136919,29.15465180959541],[77.4714488705362,29.152779572020464],[77.4710962340314,29.15098423547877],[77.46935611917228,29.148868968753195],[77.4690139768126,29.147818001092613],[77.46899571983035,29.14669478243927],[77.46930877051253,29.145564687444697],[77.4706468794364,29.144059844480875],[77.47082661117415,29.143750780687675],[77.4706980313512,29.14336060193731],[77.46839051891345,29.14232144199306],[77.4670210792483,29.1420826169125],[77.46099634730398,29.142875548777702],[77.45948051081146,29.142684111854493],[77.45807247036574,29.142088890894712],[77.45748137705584,29.14153409686301],[77.45643854581068,29.142756733774963],[77.45618940292846,29.14346951630342],[77.45429075855634,29.143494589876873],[77.45422658198223,29.143934425396406],[77.45339937509206,29.144863868172042],[77.45321207526587,29.146395355191423],[77.45335606127446,29.147094570585374],[77.45415274422811,29.148201911368872],[77.4539345270508,29.148973373947353],[77.45252402243786,29.149722343811014],[77.45232884070101,29.150586279484852],[77.45149652211818,29.151766015046757],[77.45074367176642,29.151865326603122],[77.44978774725385,29.151057990566738],[77.44885259478144,29.152438446418987],[77.44849280994524,29.1525710911388],[77.44933864750985,29.156006665211905],[77.45031273029514,29.15760120429798],[77.45046196309745,29.158435768951236],[77.44819302555004,29.15936746256808],[77.4481596933136,29.15956599930705],[77.44933437952254,29.16271463599973],[77.45131605135089,29.165971466401935],[77.45316885362489,29.165339614695636],[77.45656325360603,29.163440086993642],[77.45889696203278,29.165144893992945],[77.46051884747145,29.166912914497683],[77.46155473677351,29.16761868584914],[77.46293770434087,29.169084576579007],[77.4633205617065,29.169158905200643],[77.46585180745967,29.16877041838738],[77.46983727482903,29.16734855628948],[77.47130191932332,29.16658124572455],[77.47268148026987,29.165270472797307]]]}},{"type":"Feature","id":"64199","properties":{"name":"Arifpur Kheri","source_code":"119313","source_subdistrict":"Baraut","lgd_id":null,"lgd_name":null,"subdistrict":"Baraut","status":"unlinked"},"geometry":{"type":"Polygon","coordinates":[[[77.33543361227188,29.1012676262542],[77.33527672591917,29.10057068238282],[77.3365915298287,29.09981485559254],[77.33674801069623,29.09931853667739],[77.33622841940753,29.09594654378349],[77.33694735394435,29.095026178229237],[77.33592216600884,29.093093401480914],[77.33674640204124,29.092666920827288],[77.33707247566053,29.092213468278143],[77.33607036739691,29.08979121610851],[77.33705883785316,29.08884589252966],[77.33704572218737,29.087738468275806],[77.33774902435854,29.086605991336825],[77.34012645814747,29.08514397105969],[77.33951258743856,29.084535039891207],[77.33864925989484,29.082642787181534],[77.33795853011355,29.082566243528326],[77.33792998513754,29.081375318897503],[77.33619193838054,29.082431227021313],[77.33413008643055,29.082788015273156],[77.33443067428428,29.08360442606894],[77.33274893378888,29.084538490319712],[77.32937261960551,29.08619011356889],[77.32866903566007,29.086244305402438],[77.32654043876522,29.087160318706324],[77.32783515292158,29.090622492854365],[77.32802787949201,29.091450216680656],[77.32782248399535,29.092151778034694],[77.32821307558623,29.093347155937366],[77.32925859125751,29.09577850842849],[77.33067154809875,29.098198540767783],[77.33296804780582,29.10095671475919],[77.33395179001852,29.10146180598004],[77.33543361227188,29.1012676262542]]]}},{"type":"Feature","id":"64200","properties":{"name":"Bohla","source_code":"119299","source_subdistrict":"Baraut","lgd_id":null,"lgd_name":null,"subdistrict":"Baraut","status":"unlinked"},"geometry":{"type":"Polygon","coordinates":[[[77.20862133925625,29.101615586660234],[77.21025365288777,29.099941055605008],[77.21112591114631,29.098614265387358],[77.21138752760804,29.098032164146368],[77.21133568714369,29.097387049528102],[77.21218308910528,29.0972827969101],[77.21223926359865,29.09680913725106],[77.21257808478587,29.096542782283517],[77.21237204716236,29.095654092792888],[77.21280267767126,29.0944854308278],[77.21224749364222,29.093863190186266],[77.21177906425395,29.092415364748426],[77.210406160195,29.090295762023416],[77.2081545416131,29.087364640451415],[77.20734195070317,29.085623696330412],[77.20736692399024,29.084577030662842],[77.20762340509161,29.084161848400825],[77.20676490730553,29.08293965738402],[77.20227276286073,29.08579771125921],[77.19864240424833,29.087143898982728],[77.19723233108327,29.091060424115252],[77.19349503574479,29.094314820547122],[77.1943178896197,29.09620466983863],[77.19455495828517,29.09766169415908],[77.19482210456245,29.097810462101773],[77.19902930506936,29.098480704947228],[77.20218334984487,29.098727226504074],[77.206597339038,29.101373108099406],[77.20766087394665,29.101728943312697],[77.20862133925625,29.101615586660234]]]}},{"type":"Feature","id":"64201","properties":{"name":"Kakripur","source_code":"119245","source_subdistrict":"Baraut","lgd_id":null,"lgd_name":null,"subdistrict":"Baraut","status":"unlinked"},"geometry":{"type":"Polygon","coordinates":[[[77.29442860048255,29.25730495427558],[77.29048904837536,29.253282854146864],[77.28997211628318,29.2529534952583],[77.28957599565403,29.253057145973575],[77.28723862559856,29.250686242764502],[77.28658045310615,29.24938531802693],[77.28656056272793,29.247012455397282],[77.28344668948702,29.244546610446523],[77.28177052374309,29.242392222041392],[77.279693109213,29.24048357329064],[77.27862894068883,29.239125496721602],[77.2781761374676,29.239427569716444],[77.27759696821894,29.241078458643646],[77.27511546164607,29.240550055768075],[77.27372168812815,29.240513579513177],[77.27028829338641,29.24099971381028],[77.268894159609,29.24166011260835],[77.2675769509727,29.242654368700176],[77.26919678358294,29.24370149407311],[77.26865133103898,29.244123111550582],[77.26912140146676,29.245523931191407],[77.26886867586228,29.24722898197958],[77.2680755603019,29.249380468743436],[77.26805704833241,29.250539199912332],[77.26589463204061,29.255205107295264],[77.26635098175127,29.258473520220935],[77.26552711062473,29.26010173184257],[77.2643768776124,29.261242552704584],[77.26381204792543,29.264323380506283],[77.26364880965495,29.266937455677787],[77.26442322536263,29.266592618454606],[77.26510273019271,29.265729059615293],[77.26730760136367,29.264865878436982],[77.26866274958432,29.265967016925003],[77.2724029576065,29.26577872939014],[77.27382519080318,29.266394924004647],[77.27609650347439,29.26676772779379],[77.27701481004216,29.266625860235248],[77.27787604486092,29.268272574548654],[77.28337426105533,29.264500419102625],[77.28603698785368,29.263167936795046],[77.28737478502136,29.262029126884833],[77.29041813599056,29.260162152739934],[77.29364150605299,29.257428971629274],[77.29442860048255,29.25730495427558]]]}},{"type":"Feature","id":"64202","properties":{"name":"Kanhar Talibpur","source_code":"119351","source_subdistrict":"Baraut","lgd_id":null,"lgd_name":null,"subdistrict":"Baraut","status":"unlinked"},"geometry":{"type":"Polygon","coordinates":[[[77.39356159397649,29.19685467570045],[77.39371590524838,29.196649510918295],[77.39630988583168,29.19614730503287],[77.3977884083069,29.19504704986318],[77.39795306894956,29.19445392718306],[77.40031333330307,29.193087768242954],[77.40034946459554,29.192740372147224],[77.40112853835136,29.19216772899012],[77.40130341040057,29.19171892600743],[77.40083611950182,29.19041282215533],[77.40178481223226,29.189680062785005],[77.40269229510112,29.189337412696414],[77.40322726288586,29.188376714610698],[77.40468489627416,29.187612390624004],[77.40473900863613,29.187377916103994],[77.40379620300115,29.185543933949134],[77.4004539656742,29.180596687038616],[77.39729676710432,29.176461400418187],[77.39630291795662,29.174570969855022],[77.39552441790427,29.173925595699142],[77.39484844155308,29.174268211856802],[77.39284165470963,29.173157838800588],[77.3876990142017,29.178659624138948],[77.38703846751436,29.178754088019854],[77.38194329603523,29.180782031795875],[77.38174793662324,29.180878926464775],[77.38188903360953,29.181411321859837],[77.38067816326868,29.182015332150204],[77.3805778445197,29.182195709286937],[77.3818666807143,29.184735951547104],[77.38149127224884,29.1850741507034],[77.38159335614193,29.186314709189762],[77.38118693294713,29.186948331023974],[77.38016890821686,29.187182472083936],[77.3801584322722,29.187671973161237],[77.38038159530814,29.188456998956266],[77.38237223159982,29.191205055425336],[77.3818288211082,29.19305433176972],[77.38278738597236,29.198438675975744],[77.38450193909578,29.19856118742265],[77.38770300685762,29.197265458013554],[77.38895989176109,29.197608766117067],[77.39025810180866,29.197419724946112],[77.39030431159009,29.197620539017723],[77.39254101905507,29.196944600603867],[77.39356159397649,29.19685467570045]]]}},{"type":"Feature","id":"64203","properties":{"name":"Asharfabad Thal","source_code":"119273","source_subdistrict":"Baraut","lgd_id":null,"lgd_name":null,"subdistrict":"Baraut","status":"unlinked"},"geometry":{"type":"Polygon","coordinates":[[[77.32037272330386,29.198398833492398],[77.32132978208688,29.19505862363431],[77.32174094408016,29.194361633024172],[77.32249408854204,29.19375484077248],[77.32394890547917,29.19274201246747],[77.32463004129727,29.192532217074653],[77.32894061647517,29.191834780124676],[77.32891227417441,29.19110167906499],[77.32561351931957,29.18448660606764],[77.32494208346901,29.180253063045583],[77.32557430036172,29.179443242096866],[77.32650972319529,29.178901866723887],[77.326432468061,29.177620694043863],[77.32530391641446,29.176005816164682],[77.32500577831698,29.175705919287946],[77.32260020192709,29.17608273832305],[77.32200131445185,29.175715131710867],[77.31825163135777,29.176297301621613],[77.31301898938815,29.176739553060035],[77.31169276137727,29.17703959337759],[77.30938476199064,29.177977828122533],[77.30905067089338,29.178045457896904],[77.30847494264313,29.177713933174765],[77.3043215533938,29.17972571165386],[77.30937158673359,29.193692128812607],[77.31075705028218,29.195618389297863],[77.31357185092696,29.197476901370738],[77.31478012264738,29.199116686266088],[77.31538166081833,29.19886628419318],[77.31592404143515,29.198266268608446],[77.3175101021912,29.197612111639646],[77.32037272330386,29.198398833492398]]]}},{"type":"Feature","id":"64204","properties":{"name":"Phulera","source_code":"119548","source_subdistrict":"Khekada","lgd_id":null,"lgd_name":null,"subdistrict":"Khekada","status":"unlinked"},"geometry":{"type":"Polygon","coordinates":[[[77.39483408308404,28.81601250248154],[77.39444555806176,28.815469461652555],[77.39526832937312,28.813470176442564],[77.39569805694703,28.812957228796225],[77.39671758117281,28.812470649840837],[77.39651872461168,28.81196424166408],[77.39905000356266,28.81021914954571],[77.39789920039327,28.807885831368488],[77.39429273480053,28.803701074700918],[77.39107428352168,28.80507429302652],[77.38985879556822,28.80582600534648],[77.38861651087426,28.8060405478733],[77.38660715476097,28.805605192164872],[77.38160874614982,28.806043411001536],[77.3766657410265,28.80566052294704],[77.37560776712544,28.80616312218148],[77.37377852688638,28.806216966029442],[77.37284007911545,28.806469919420515],[77.37299578797348,28.80721047116295],[77.37079523863153,28.81220608111179],[77.37004802381624,28.81331755318199],[77.36951751873589,28.814986074030784],[77.37152064848975,28.8175180765715],[77.37225449362165,28.817488200227768],[77.37354954597953,28.81658698669362],[77.37546856561838,28.815897267839933],[77.38237256320402,28.81542334075722],[77.38474982814459,28.81467391699752],[77.38690600158075,28.814474335207265],[77.38842618825359,28.813727627475252],[77.39015329501365,28.81400739680193],[77.39078822613696,28.814604785154692],[77.3923256794723,28.814847891822897],[77.39310975713249,28.81559865324556],[77.39483408308404,28.81601250248154]]]}},{"type":"Feature","id":"64205","properties":{"name":"Tyodhi","source_code":"119393","source_subdistrict":"Baghpat","lgd_id":null,"lgd_name":null,"subdistrict":"Baghpat","status":"unlinked"},"geometry":{"type":"Polygon","coordinates":[[[77.24723141994316,29.06146323450908],[77.2463911203586,29.059828352833403],[77.24575239704447,29.05783475382363],[77.24669151905866,29.057256584685508],[77.24660386153514,29.056882166269066],[77.24530734823753,29.054302487099076],[77.24578921590874,29.053426877914657],[77.24704686845713,29.05313266884144],[77.24734439379144,29.05287073984761],[77.24539054512908,29.050061489549105],[77.24489554372835,29.047945923253376],[77.24117832026542,29.04262939993488],[77.24052489413076,29.04105981722653],[77.2405040696923,29.04085677135606],[77.24089948657057,29.040746466935335],[77.24012943789126,29.040960879891692],[77.23949293682739,29.041159852998828],[77.23641342371648,29.042226858924813],[77.23333401412833,29.043492276308534],[77.22956610298317,29.044189655670113],[77.22496798398787,29.04685461915301],[77.22329007865874,29.04813702714529],[77.22116977641629,29.04847670015106],[77.21953699548266,29.04836946752215],[77.22176685873491,29.063450401975263],[77.22308066028373,29.062497611994928],[77.22411253896604,29.062163099538303],[77.22635653745448,29.062166174023044],[77.2280878974641,29.063126000929778],[77.23034425032843,29.065515650460803],[77.23252667381108,29.065554700620638],[77.23540685707279,29.064848932826862],[77.2394979693339,29.063127093447708],[77.24048964779625,29.06380307710275],[77.24168536325992,29.062922448819737],[77.24274935045497,29.064076614405383],[77.24363260413521,29.06409848909621],[77.24569608503052,29.06321716090785],[77.24553074103949,29.06218414491379],[77.24723141994316,29.06146323450908]]]}},{"type":"Feature","id":"64206","properties":{"name":"Idrispur","source_code":"119320","source_subdistrict":"Baraut","lgd_id":null,"lgd_name":null,"subdistrict":"Baraut","status":"unlinked"},"geometry":{"type":"Polygon","coordinates":[[[77.27328630573908,29.063713467480596],[77.27544089020647,29.062024607022778],[77.27651409151605,29.061573766750225],[77.2792542697947,29.058800172977545],[77.28198348649929,29.057679778344752],[77.27771552025224,29.054166838646275],[77.27704849490968,29.05292154314154],[77.27486161343847,29.052336756194208],[77.27167663174764,29.050574227619066],[77.26964872654655,29.050546586828382],[77.26820974864197,29.04802212406957],[77.26740150699226,29.04718276195692],[77.26348362875325,29.048967887702137],[77.26381643526852,29.050912312537783],[77.26040055497471,29.054459020483794],[77.26091365487466,29.055043382037738],[77.26053346412596,29.05554849731128],[77.26061291612505,29.055814689518854],[77.26152898088559,29.056591010979268],[77.26049138798003,29.057553697488167],[77.26221193223098,29.061846709370645],[77.26341523046604,29.063484742560263],[77.26393357242652,29.063890878091563],[77.26455765045368,29.0634264974136],[77.26480149905244,29.063591167690472],[77.26624102958388,29.065292420931936],[77.26740904631467,29.065398769358502],[77.2678554576914,29.06609141145981],[77.26768852928134,29.066350738415043],[77.26805295168187,29.066664401786223],[77.26882332955022,29.066265382541566],[77.26949371521084,29.06539944148534],[77.27059545282133,29.064612613817058],[77.27328630573908,29.063713467480596]]]}},{"type":"Feature","id":"64207","properties":{"name":"Ladhwari","source_code":"119421","source_subdistrict":"Baghpat","lgd_id":null,"lgd_name":null,"subdistrict":"Baghpat","status":"unlinked"},"geometry":{"type":"Polygon","coordinates":[[[77.25122473425,29.008042067336866],[77.24987046466528,29.00722270846368],[77.24475775069186,29.001198557944925],[77.24054761712925,28.994725906986332],[77.23964208758206,28.991826638383973],[77.23610838799512,28.994920178530396],[77.23366960043543,28.996556854715024],[77.23219179327407,28.99791224753833],[77.23114799839097,28.99913973990652],[77.23153250367842,28.999850370755446],[77.23321885882756,28.999997824950587],[77.23216754149777,29.00092799982913],[77.23124489678604,29.002408628049885],[77.22919323482712,29.003935100741163],[77.2311878122482,29.0075704102607],[77.2332346388277,29.012126095138353],[77.2417070209845,29.009922607100766],[77.24242183221938,29.011370387698946],[77.24328891306034,29.010972755025136],[77.2445412607856,29.010822851511854],[77.24564574168546,29.011774006842625],[77.25043875678546,29.00945820396584],[77.25122473425,29.008042067336866]]]}},{"type":"Feature","id":"64208","properties":{"name":"Mozizabad Nagal","source_code":"119329","source_subdistrict":"Baraut","lgd_id":null,"lgd_name":null,"subdistrict":"Baraut","status":"unlinked"},"geometry":{"type":"Polygon","coordinates":[[[77.35485690680244,29.181273090292123],[77.35400289399003,29.17940120386572],[77.3518999345998,29.177976399151994],[77.35108264253861,29.178098466578323],[77.34971486023343,29.176808658836435],[77.34938078891835,29.176964354986172],[77.3483781670391,29.176096283094125],[77.34736056979617,29.176516093097643],[77.3469671629548,29.175922943628926],[77.34633487486867,29.175887015633858],[77.345589252436,29.175122612393377],[77.34489804619658,29.175413719221797],[77.34349190592886,29.174236678814754],[77.34295217389068,29.174433043107623],[77.34200074094092,29.172401082596387],[77.3415637834394,29.17244627219208],[77.34079501713273,29.171230720037997],[77.33908764559216,29.167624474176232],[77.33744253567562,29.16590834006805],[77.33596212031063,29.165119131675343],[77.33333289179032,29.164009844851453],[77.33286277071481,29.164461027109738],[77.33122592656909,29.165203332203415],[77.32904655766052,29.16404206192348],[77.32532574647864,29.165639376018763],[77.32546204692405,29.16689342345303],[77.32656994480305,29.168575989309353],[77.32683476477902,29.169460157161957],[77.3268146183515,29.17208781617328],[77.32708475761417,29.17401623912871],[77.32554043224248,29.176335113337746],[77.326432468061,29.177620694043863],[77.32650972319529,29.178901866723887],[77.32507829646889,29.179894417817433],[77.32511190821555,29.181671780089438],[77.32561351931957,29.18448660606764],[77.32891227417441,29.19110167906499],[77.32910775725705,29.192021954769295],[77.33037763390823,29.192213535247443],[77.33327200995197,29.192145419278173],[77.33594000906167,29.19172541951987],[77.34076231621431,29.1919139518199],[77.34184972109003,29.1923106425122],[77.34629928124626,29.192489996768984],[77.35144335228792,29.193959249021297],[77.35187726359337,29.192386962773455],[77.35272250382124,29.19143713931031],[77.35301002654734,29.190442374299717],[77.35310357380047,29.186472642926194],[77.353596151305,29.18428459808772],[77.35370824469511,29.1817357768075],[77.35485690680244,29.181273090292123]]]}},{"type":"Feature","id":"64209","properties":{"name":"Jainuddinpur Chirchiya","source_code":"119381","source_subdistrict":"Baraut","lgd_id":null,"lgd_name":null,"subdistrict":"Baraut","status":"unlinked"},"geometry":{"type":"Polygon","coordinates":[[[77.45312602685418,29.056221013722176],[77.45411158959905,29.05519238600599],[77.45465561342185,29.054240435140727],[77.45482488965996,29.053288584468753],[77.45425467743696,29.051044389641675],[77.45373083980333,29.050097114223433],[77.45165141318279,29.048640193865353],[77.45076836547705,29.048491497207603],[77.44865839087889,29.048631468802412],[77.4479190729017,29.048387965660268],[77.44716951716723,29.047700068751915],[77.44685619633687,29.046933219549487],[77.44670721949811,29.044930258859395],[77.44752811669109,29.040779967679356],[77.44738165113526,29.039343182530867],[77.4470068891612,29.038921399496708],[77.44543349896225,29.038786152074668],[77.44094694060013,29.03909540744096],[77.42536213984742,29.038858107592837],[77.4219026277393,29.036345008788288],[77.4198876832976,29.037343987353943],[77.4204162303863,29.03798016180682],[77.42090891668126,29.03923654949947],[77.42120312455432,29.045610883048415],[77.42189840224196,29.047350031087756],[77.42294509743228,29.051994393154818],[77.42469550209067,29.05481628672951],[77.42686158753035,29.060155402482472],[77.43163655665121,29.06036092029186],[77.43728699023386,29.059039270702115],[77.43727928534578,29.05868063682722],[77.43749748905678,29.05859263956267],[77.43955638664447,29.058908408907204],[77.4398926640054,29.05912947090039],[77.44331470935323,29.059104494890082],[77.45077460935399,29.056670223489633],[77.45312602685418,29.056221013722176]]]}},{"type":"Feature","id":"64210","properties":{"name":"Milana","source_code":"119343","source_subdistrict":"Baraut","lgd_id":null,"lgd_name":null,"subdistrict":"Baraut","status":"unlinked"},"geometry":{"type":"Polygon","coordinates":[[[77.46843177033477,29.17618830000886],[77.4713765769465,29.174696663152737],[77.47380507254378,29.174240448008856],[77.47664238474061,29.17410653453475],[77.47746216150125,29.173941618686673],[77.47856191057232,29.173361620550562],[77.47973834565386,29.1720259827267],[77.47998978674885,29.17088908472807],[77.47965766871191,29.169477242444444],[77.47840288149025,29.167896476730053],[77.47540056991795,29.166140303022402],[77.47268148026987,29.165270472797307],[77.47130191932332,29.16658124572455],[77.46859617573732,29.167840580258922],[77.46515802029661,29.168948813617405],[77.46293770434087,29.169084576579007],[77.45889696203278,29.165144893992945],[77.45636791049724,29.16344908921911],[77.45316885362489,29.165339614695636],[77.44707088926903,29.167460508073578],[77.4450793111037,29.16889283896996],[77.44571427572606,29.17065894659417],[77.44736429965458,29.172221872461105],[77.44760596258591,29.17283307291817],[77.44718460011805,29.17387520369025],[77.44571549483527,29.1750068167689],[77.44525988975208,29.176473713354724],[77.44563528057293,29.178093154300846],[77.44492337736895,29.179270593775996],[77.44504433762675,29.18116972074631],[77.44443786369575,29.182505088543987],[77.44515766888917,29.18386284272781],[77.44500102328499,29.185965025263002],[77.44671802267183,29.18654460077285],[77.44759715010423,29.18730009099971],[77.45015196694358,29.18578415189766],[77.45242107370773,29.182971227949007],[77.45428689133043,29.18184102311185],[77.45820377027957,29.18106001018234],[77.46036508157295,29.17982140838627],[77.46159604713623,29.179469334119457],[77.46388831517436,29.17825309800746],[77.46509632635944,29.17819427300223],[77.46565877868821,29.176752822469982],[77.46655023334287,29.17537447906345],[77.46748065858334,29.17559536609126],[77.46843177033477,29.17618830000886]]]}},{"type":"Feature","id":"64211","properties":{"name":"Palri","source_code":"119352","source_subdistrict":"Baraut","lgd_id":null,"lgd_name":null,"subdistrict":"Baraut","status":"unlinked"},"geometry":{"type":"Polygon","coordinates":[[[77.42103346270787,29.18122769190728],[77.42057368871015,29.17899243115547],[77.41928897395096,29.176980357560506],[77.41821748566753,29.175701310889707],[77.41716624335473,29.176043942116802],[77.41509017169535,29.17334152686824],[77.41436584184001,29.17183918503269],[77.41342544642423,29.1705827344059],[77.4123055983753,29.167837551805107],[77.41037661364204,29.164201192050673],[77.40888337906813,29.16494522290925],[77.40868255735194,29.166291811516167],[77.4061120091574,29.168686548626027],[77.40488587129806,29.169507347836593],[77.39982483066456,29.171851799845307],[77.39630291795662,29.174570969855022],[77.39729676710432,29.176461400418187],[77.4004539656742,29.180596687038616],[77.40419438085631,29.18615295292075],[77.404674779704,29.18703952440854],[77.40468489627416,29.187612390624004],[77.41079254152677,29.185696585149312],[77.41376680323575,29.18426486962362],[77.41766610396881,29.182957221051208],[77.42103346270787,29.18122769190728]]]}},{"type":"Feature","id":"64212","properties":{"name":"Tikri Rural","source_code":"119326","source_subdistrict":"Baraut","lgd_id":null,"lgd_name":null,"subdistrict":"Baraut","status":"unlinked"},"geometry":{"type":"Polygon","coordinates":[[[77.3285412569489,29.24947908479074],[77.33098709381316,29.249320878381166],[77.33203128007554,29.248847132416486],[77.33424038881088,29.24833699572026],[77.33600964743754,29.247420910325616],[77.34515660148337,29.24382146125112],[77.34553700229179,29.243361213353932],[77.34573258503427,29.24347395336626],[77.34720595073084,29.242905201200674],[77.3509626499202,29.24117637943106],[77.3513406813913,29.24117628940966],[77.35144115354,29.24169506485572],[77.35432134463161,29.241283684355274],[77.35454540180524,29.24196027792865],[77.357508021261,29.242101314921],[77.35799949668272,29.242610936433344],[77.35933906806395,29.241992496282382],[77.35990746219781,29.24198323492566],[77.36015949640158,29.242192922538926],[77.36051696032386,29.24205519733034],[77.3618544843732,29.24250576091758],[77.3694345357875,29.239969775630044],[77.3740127655898,29.238055279153404],[77.37432465078714,29.236914151271822],[77.37425502095796,29.233016581012055],[77.37544876259288,29.23195033507642],[77.37551369968287,29.23089478248982],[77.37627508827403,29.230473301912486],[77.37678223687884,29.229487834003777],[77.3766209621074,29.228235953041285],[77.37738299722344,29.226704795760725],[77.37754201746418,29.222893092159207],[77.3766011478272,29.222583650726346],[77.3766837227993,29.22209425690487],[77.37530873232436,29.221044763596648],[77.37411691209857,29.219104463185886],[77.37003432178945,29.21819254179189],[77.36717691760084,29.21663518297242],[77.3655288479132,29.216597529673095],[77.3653510131088,29.215785588155896],[77.36293781579859,29.21274833364674],[77.36237978553561,29.21252298301665],[77.36048506002022,29.212674868569316],[77.36036911814324,29.212072697398987],[77.35548282856611,29.20888503592123],[77.35465459874266,29.207829674688334],[77.35439762004245,29.207942563197015],[77.35374441521024,29.207539013397767],[77.35332808500269,29.20783009004473],[77.35127766334426,29.20429179086679],[77.35009016863314,29.20465985998167],[77.35015356854251,29.202471960419466],[77.34603022162575,29.202635460428642],[77.3434236753069,29.203540526907585],[77.34044983703905,29.205280221012874],[77.33991021334064,29.206363049716977],[77.3398590334487,29.207066767339043],[77.33894894509751,29.207161664879763],[77.33751433312972,29.206812365932954],[77.33713907709608,29.206945444025532],[77.33661499403739,29.20852220691501],[77.33673334072614,29.20884245145447],[77.33638632511224,29.20923049281648],[77.33629166393033,29.211165733061],[77.33583147510393,29.211109437661587],[77.33590108343667,29.21217402954873],[77.33676792699376,29.21367606035538],[77.33636179705503,29.21443619944437],[77.3362439916317,29.21607823831856],[77.33577108685036,29.21683396608072],[77.33717789575516,29.21872158960161],[77.33997326884719,29.220496105926355],[77.33763377262852,29.221807056947956],[77.33789101407062,29.22218366330909],[77.33643335803528,29.223395111008042],[77.33680378026882,29.22392507912124],[77.33610707688771,29.22445751376464],[77.33898822223898,29.229207121657012],[77.33759463442932,29.229832116314583],[77.33969133725915,29.23341573335876],[77.33974816156174,29.234430767538967],[77.34062812805806,29.236356766359624],[77.3356066434058,29.239641783782634],[77.33245913832864,29.240968543173295],[77.33115750841071,29.23917104388612],[77.32811796250529,29.240233851398273],[77.32855307848492,29.242962956820453],[77.32838341814767,29.243522340992804],[77.32789225144249,29.24395092408008],[77.32575787133332,29.245466856026884],[77.32471353181616,29.24400762457769],[77.32095641922318,29.24650027403134],[77.31939794966604,29.247289863041935],[77.31718370062298,29.24896351812563],[77.31736044923417,29.250574131771938],[77.32210149331867,29.252307500388],[77.32648386009323,29.250683166566855],[77.32743289266652,29.250522918680925],[77.32820960705796,29.25001982351916],[77.3285412569489,29.24947908479074]],[[77.35212247587795,29.236607391080984],[77.35169097378747,29.235632442917183],[77.35144303881546,29.23572763723899],[77.35114113857156,29.235280885301723],[77.35093057553699,29.235399958888593],[77.34957192417728,29.233141647959034],[77.34829336032844,29.234024577878806],[77.346989281732,29.232146857993474],[77.3477711168103,29.231772888508424],[77.34429361914869,29.226607178216312],[77.34610585932381,29.225743990630694],[77.34679124010407,29.226071155946077],[77.34738668134833,29.225711011545453],[77.34761534398025,29.225917361431765],[77.3570576251437,29.221601911682693],[77.35696106618055,29.222041993648308],[77.35751896559792,29.222744247810965],[77.35708981154498,29.22302514728205],[77.35891652370427,29.22569471729561],[77.3642355050469,29.22324276463748],[77.36694152582278,29.230604518953292],[77.36498017410314,29.23115357884365],[77.36474256206071,29.230776570322146],[77.36363820295323,29.23112765920327],[77.35338676083063,29.236434658862738],[77.35212247587795,29.236607391080984]]]}},{"type":"Feature","id":"64213","properties":{"name":"Hewa","source_code":"119249","source_subdistrict":"Baraut","lgd_id":null,"lgd_name":null,"subdistrict":"Baraut","status":"unlinked"},"geometry":{"type":"Polygon","coordinates":[[[77.21778972868336,29.24551888226197],[77.21475903117314,29.241597629261367],[77.21525054181123,29.23861159765905],[77.21259800684025,29.232754412597366],[77.20558665342774,29.236542230370606],[77.20263140230983,29.238920671599473],[77.19562959312665,29.242622323688572],[77.19437002120294,29.24320479466528],[77.19368614690684,29.243241145557295],[77.1953127575265,29.246126899425757],[77.19673837304975,29.247885152434954],[77.1972641695064,29.249986643787864],[77.1947749792014,29.250442546630214],[77.19508916934114,29.251056060398067],[77.1958710875047,29.250978985808743],[77.19680794197305,29.25171396903864],[77.19841837869905,29.251753879839452],[77.19947925388372,29.253463390558213],[77.20057503302922,29.25325540501469],[77.20057516912502,29.25352152726822],[77.20115651269678,29.253548333223904],[77.20371298133989,29.252549992821926],[77.20399081089677,29.252491230420198],[77.204232767481,29.252761743977903],[77.2082701585983,29.250688689374087],[77.21066612145242,29.24974068909087],[77.21192589331982,29.249338630176737],[77.21228604467719,29.249604494631402],[77.21529861875968,29.248037740841678],[77.21539586736763,29.247487481098652],[77.21681417385396,29.24603436374191],[77.21778972868336,29.24551888226197]]]}},{"type":"Feature","id":"64214","properties":{"name":"Khaspur","source_code":"119493","source_subdistrict":"Baghpat","lgd_id":null,"lgd_name":null,"subdistrict":"Baghpat","status":"unlinked"},"geometry":{"type":"Polygon","coordinates":[[[77.36530121676351,28.878128588376924],[77.36653811824364,28.875960367264256],[77.36579565611558,28.87413691112018],[77.36501941470979,28.870317161187025],[77.3642711159999,28.86966754780989],[77.36257089435438,28.86898547887414],[77.36071846533638,28.869189739456594],[77.35946858454281,28.868833707491135],[77.35889150159552,28.869092522036663],[77.35382990277918,28.86790204685419],[77.35203425397866,28.868123916653058],[77.35084340344451,28.868573799678998],[77.35092867303027,28.869933656456855],[77.34926523774182,28.870207995856184],[77.34913519531497,28.870943761957385],[77.3495622058598,28.872359585654603],[77.35199584676978,28.877062137354336],[77.3533814367391,28.87909753147112],[77.35603258876876,28.882101350523477],[77.35678509668999,28.881660970241853],[77.35982366792808,28.881241534747968],[77.36245050999732,28.879574233203947],[77.36530121676351,28.878128588376924]]]}},{"type":"Feature","id":"64215","properties":{"name":"Chamrawal","source_code":"119500","source_subdistrict":"Baghpat","lgd_id":null,"lgd_name":null,"subdistrict":"Baghpat","status":"unlinked"},"geometry":{"type":"Polygon","coordinates":[[[77.39792348871161,28.885286490602972],[77.39744336085101,28.88455755818341],[77.39749306751183,28.88400494366695],[77.39694806141515,28.883643904352088],[77.39724996694751,28.882877373005282],[77.39642628800401,28.882176390577115],[77.39663471468532,28.88132448561021],[77.39741637406495,28.881303653237882],[77.39750065516961,28.880919302783195],[77.39718775379617,28.880394329115273],[77.39801518608809,28.87909967845684],[77.3984567921678,28.878939149581246],[77.39837351298651,28.878367597065743],[77.3995592996914,28.87724646386623],[77.40003962471614,28.876147404363877],[77.39699921641284,28.873490156589106],[77.39709088253984,28.872753734295326],[77.39575474561269,28.871054927743597],[77.39407370560274,28.869451114548333],[77.39275036270439,28.868959982563126],[77.38851796274398,28.86909224007984],[77.38540788124179,28.868404178711152],[77.38218863820019,28.865668216534484],[77.38082962772822,28.866870263986318],[77.37959619824228,28.867537685534682],[77.37881214212241,28.867675786275797],[77.37785986423216,28.86766018959562],[77.37686356820807,28.867023342008235],[77.37379985889007,28.865950078351332],[77.36941486973812,28.86789059036161],[77.36501941470979,28.870317161187025],[77.36579565611558,28.87413691112018],[77.36653811824364,28.875960367264256],[77.36530121676351,28.878128588376924],[77.36575923371836,28.878991427450057],[77.36930496057903,28.88250447016912],[77.37274605531293,28.886468493938363],[77.37460688622015,28.88587851419706],[77.37578479979709,28.885143156754218],[77.37730643438964,28.88617431579517],[77.37815714139059,28.887395717470646],[77.38086713941694,28.88990531048661],[77.38244991515528,28.890752938901034],[77.38780419358389,28.88805651624235],[77.39126189245967,28.88854892136019],[77.39278861618388,28.888439628552558],[77.3942151345206,28.887657877359548],[77.3962109407775,28.88608039553507],[77.39792348871161,28.885286490602972]]]}},{"type":"Feature","id":"64216","properties":{"name":"Bichpari","source_code":"119412","source_subdistrict":"Baghpat","lgd_id":null,"lgd_name":null,"subdistrict":"Baghpat","status":"unlinked"},"geometry":{"type":"Polygon","coordinates":[[[77.29997139388523,29.013222758195433],[77.29913005288284,29.010797956704696],[77.29779595015641,29.009554981214645],[77.29785756066872,29.009015952750474],[77.29693670010147,29.006778268143556],[77.29780178465062,29.004024290597528],[77.29644727568802,29.00229633534799],[77.29584210510222,29.000223371330765],[77.29496321713803,28.999571329666807],[77.29214443674942,28.99938959175796],[77.29014365660956,29.000003819423696],[77.28888093240971,29.001726825606255],[77.28459777963931,29.005222236028693],[77.28443333290397,29.0062823581468],[77.28510536115769,29.007148633097703],[77.28607250312669,29.007683354014812],[77.29039757500794,29.012671221135072],[77.28976880482173,29.013189930547945],[77.29125880250376,29.017660752755265],[77.29220558885753,29.018344329340458],[77.29373732503983,29.020162537327018],[77.29537689627386,29.021367223039164],[77.29619295730568,29.021619984466497],[77.29681385850067,29.022422983762812],[77.29742723079006,29.021841107134488],[77.29865417305402,29.01984502962602],[77.30030181381477,29.01856183092346],[77.2998375410024,29.01722416847328],[77.3002122837764,29.01588440854667],[77.2998609821572,29.014316702455965],[77.29997139388523,29.013222758195433]]]}},{"type":"Feature","id":"64217","properties":{"name":"Khandwari","source_code":"119428","source_subdistrict":"Baghpat","lgd_id":null,"lgd_name":null,"subdistrict":"Baghpat","status":"unlinked"},"geometry":{"type":"Polygon","coordinates":[[[77.23964332823795,28.955143190035184],[77.23891162449436,28.954128675287805],[77.23642331276412,28.951811167240916],[77.23554470466613,28.9518637046204],[77.23452278946513,28.95143988706096],[77.2303798487669,28.952221292450073],[77.22970970538498,28.9525888064057],[77.22659677464785,28.953428541953986],[77.22505866199796,28.952684322016303],[77.22090071690278,28.952070671490414],[77.21516537157102,28.95178152209816],[77.21499045157906,28.951345222419956],[77.21440389806004,28.95141626037557],[77.21412309556463,28.950896880807406],[77.21275803436295,28.95136055456382],[77.21215761448063,28.95136364621792],[77.21181100796288,28.951032668196145],[77.21048814041119,28.951673067912715],[77.2088180482141,28.95200954195882],[77.20809968738634,28.953147871381425],[77.20836842022639,28.954885589369603],[77.20783500099613,28.95601359541186],[77.20827162722001,28.95849889023207],[77.20772521907999,28.96088580718409],[77.20880639542648,28.96072863759812],[77.21133975078018,28.96102999749373],[77.21430017917623,28.960824254699844],[77.21467759726677,28.96115575703955],[77.21621891033469,28.96107423173418],[77.21874611796026,28.960278694644824],[77.22012351105036,28.960641079072374],[77.2209584493031,28.960479555159043],[77.22504397564423,28.96090238843757],[77.22788520280086,28.96051832142648],[77.22898839726928,28.960063535385192],[77.22997539208437,28.959985828815615],[77.23485093208264,28.9581204111038],[77.23575342678663,28.95768919193943],[77.2386346568456,28.95550490685278],[77.23964332823795,28.955143190035184]]]}},{"type":"Feature","id":"64218","properties":{"name":"Fazalpur","source_code":"119375","source_subdistrict":"Baraut","lgd_id":null,"lgd_name":null,"subdistrict":"Baraut","status":"unlinked"},"geometry":{"type":"Polygon","coordinates":[[[77.38517884537492,29.048031137709767],[77.38397017195969,29.0472705494218],[77.38363900735217,29.047401183808827],[77.38334135520346,29.047180078569706],[77.38221697717113,29.047278788997854],[77.38075109593272,29.04774510100926],[77.37949556352746,29.048263422525824],[77.37651682398692,29.050258305133877],[77.3739338182585,29.051229246127598],[77.37344942355519,29.05114137686934],[77.37266667276191,29.051392103739026],[77.36804755782137,29.054091729806863],[77.36948117626676,29.056249756639954],[77.36908347707103,29.0567257757244],[77.36970785620301,29.057675159603406],[77.36918410359172,29.057670876999026],[77.36898652883731,29.05788067251588],[77.36953124074566,29.058710497200476],[77.37094301481524,29.06281955462879],[77.3728029526664,29.06495022184071],[77.37343779880368,29.066098023146736],[77.37417606410322,29.066601079748317],[77.37521467951133,29.068548122212096],[77.37731778035727,29.067876877827356],[77.38048185170906,29.06611211991718],[77.38301549265384,29.066708707250235],[77.3845893094868,29.06667992915161],[77.38603541650089,29.065356462242175],[77.38681127436433,29.064125276849143],[77.38818544990404,29.062831046759285],[77.38818579707095,29.06194912165474],[77.38873819889422,29.061159876974116],[77.3880404275449,29.06005666116043],[77.38814613914279,29.0590665378302],[77.38879604806208,29.058006623463044],[77.38855256998978,29.057327615402574],[77.38925140877303,29.05606920683136],[77.38772285836777,29.052935651167584],[77.38721566358751,29.050788201105497],[77.3856404620629,29.04891099089861],[77.38517884537492,29.048031137709767]]]}},{"type":"Feature","id":"64219","properties":{"name":"Sankrod","source_code":"119509","source_subdistrict":"Khekada","lgd_id":null,"lgd_name":null,"subdistrict":"Khekada","status":"unlinked"},"geometry":{"type":"Polygon","coordinates":[[[77.20727180187568,28.876143667583563],[77.20854226311799,28.875746052758885],[77.20865036088837,28.876411451502616],[77.21011586422834,28.87623388204021],[77.21131064303391,28.875780761903123],[77.21141843457319,28.875092043020086],[77.22094417462363,28.874959792989063],[77.22187140985656,28.874772770699675],[77.22435084887866,28.8753438843748],[77.22615506216597,28.873777307638882],[77.2286692843306,28.872791729129492],[77.22877002037492,28.872414321362992],[77.23230576806151,28.871148459571923],[77.23271404353618,28.870776365678747],[77.2334829253228,28.87078965564789],[77.23451951959449,28.872594999772982],[77.23535052771315,28.872582271813858],[77.23598010781674,28.87332436390661],[77.23800396950718,28.87363011906573],[77.23994762151396,28.87339282059222],[77.24110671269682,28.873846116426638],[77.2441659989245,28.873248840640002],[77.24508146122588,28.87358958485004],[77.24823178994295,28.873047962903087],[77.24869973440836,28.872758102462498],[77.24997468354357,28.872658688594452],[77.25080622491674,28.87394272504198],[77.25838508539583,28.856852587441313],[77.25565088670066,28.857234295952296],[77.25417005316889,28.85786298508317],[77.25158622273958,28.855822828130645],[77.24988254962217,28.85361325958411],[77.24969640664082,28.85169809622035],[77.24981866683663,28.84962050964962],[77.25095136484686,28.84836531836388],[77.25092739850587,28.847727581095764],[77.2493439243195,28.847834547142465],[77.24882409672529,28.848426388836227],[77.24657996318803,28.848360711927285],[77.24265904045484,28.847616121289217],[77.23984878494032,28.84810934478527],[77.23738399439043,28.852427220754652],[77.23711025079818,28.85504955653547],[77.23502335761523,28.856205170268048],[77.23056838018967,28.86008225319035],[77.2290133031817,28.859459515553585],[77.22874620900825,28.859021564276322],[77.22920637272641,28.857702467737642],[77.22904298238004,28.857442351038856],[77.22855095156481,28.85743383212456],[77.22860015183565,28.85660865320727],[77.22762093629979,28.85637503043101],[77.22802378434814,28.855555975848322],[77.22798527097058,28.854526151371388],[77.22692622676091,28.85373593658545],[77.22663808539902,28.852864281913288],[77.2245825374841,28.850553656391536],[77.22159114995573,28.84951321093755],[77.22080893728987,28.848727754343386],[77.22057628374635,28.8481278788586],[77.21966856415648,28.84813919487704],[77.21907835404058,28.84770914693686],[77.21720324394677,28.847649469748305],[77.2173205265534,28.851334846078938],[77.21587478470381,28.854072191634156],[77.21423590904202,28.855817619983803],[77.21154318695534,28.856542596614815],[77.20991443763529,28.8577157664171],[77.20921980545448,28.859220440947272],[77.20923158455881,28.860988667208243],[77.20854272786661,28.86161349016957],[77.20619662577427,28.86238725536555],[77.20262968130385,28.862621539663753],[77.19494876654781,28.86486265522499],[77.1904530975261,28.86651475981487],[77.19009783675948,28.867413771286728],[77.18930304645026,28.867882327573643],[77.18992594161959,28.87167974390231],[77.19195903003347,28.875021132939384],[77.19142525243197,28.876694484020174],[77.19096426311012,28.87716753951763],[77.19130687633587,28.87732679282075],[77.19388247712916,28.877724030313516],[77.19908588401732,28.87757141692963],[77.20337939580335,28.876834015951903],[77.20736817307001,28.87664636953324],[77.20727180187568,28.876143667583563]]]}},{"type":"Feature","id":"64220","properties":{"name":"Bhairapur","source_code":"119536","source_subdistrict":"Khekada","lgd_id":null,"lgd_name":null,"subdistrict":"Khekada","status":"unlinked"},"geometry":{"type":"Polygon","coordinates":[[[77.36611122212182,28.829219950119878],[77.36551692766805,28.824916517065134],[77.37135776537359,28.819813203513306],[77.37265213943789,28.81894553372915],[77.36738156494407,28.81243507643926],[77.36657933814061,28.81165033913698],[77.3654929014199,28.81124668562219],[77.36158496987964,28.814570322649345],[77.35457817190475,28.818077454567653],[77.35164981566491,28.82098932118281],[77.35621724500642,28.824276735152864],[77.35611644047823,28.82543234745154],[77.35742821877132,28.827332493438686],[77.35898446837969,28.830276521524983],[77.36611122212182,28.829219950119878]]]}},{"type":"Feature","id":"64221","properties":{"name":"Baraka","source_code":"119317","source_subdistrict":"Baraut","lgd_id":null,"lgd_name":null,"subdistrict":"Baraut","status":"unlinked"},"geometry":{"type":"Polygon","coordinates":[[[77.2787355381771,29.083196227819506],[77.28288290920617,29.08198147587082],[77.28348870244977,29.0827552177283],[77.2836684213421,29.082687587023972],[77.28644721945038,29.080874727188924],[77.28668618932572,29.07984624675833],[77.28761830454242,29.079724604978324],[77.28705633678403,29.078526743727068],[77.28693877431297,29.07597799368675],[77.28630727863184,29.07559661157588],[77.28417173139525,29.073103799250315],[77.28231319001665,29.071761388698693],[77.28083774404624,29.068998002547815],[77.28019861230217,29.068372992664035],[77.27901238946282,29.06875620978125],[77.2779295058174,29.067030430105696],[77.27706950136381,29.06680912068902],[77.2763149231986,29.066069105526367],[77.27470272379213,29.065867915024906],[77.2741716770444,29.064676827464883],[77.27328630573908,29.063713467480596],[77.27125026114193,29.06431510894985],[77.26992778887505,29.06503869075037],[77.26849967727219,29.066515624915947],[77.26770632138954,29.066797373513417],[77.26710506776938,29.067886595392356],[77.26733051813693,29.068998700836936],[77.26698109413196,29.069456402696655],[77.26750367265234,29.072309930268933],[77.26720327075924,29.07236164657286],[77.2671182623069,29.073036060059025],[77.2664505881577,29.073308758512013],[77.26608815531992,29.074264992305963],[77.2655177959044,29.074959546249822],[77.2615465775491,29.078557998633986],[77.26562979907818,29.083020930314444],[77.26873427305348,29.082762615864095],[77.26967893378311,29.083550063199933],[77.2708782365496,29.083139919995432],[77.27265230349799,29.08382394239509],[77.27374618458559,29.083774613435423],[77.2750941949416,29.084079481505967],[77.27799609605513,29.08315324831939],[77.2787355381771,29.083196227819506]]]}},{"type":"Feature","id":"64222","properties":{"name":"Galheta","source_code":"119380","source_subdistrict":"Baraut","lgd_id":null,"lgd_name":null,"subdistrict":"Baraut","status":"unlinked"},"geometry":{"type":"Polygon","coordinates":[[[77.45798297676546,29.081471512528736],[77.4613870486581,29.07827704462012],[77.46211322824738,29.07636194020879],[77.4621694410703,29.07545746202989],[77.46200239127704,29.074546240921354],[77.46013530770396,29.072586411835047],[77.45847390509695,29.07153784740201],[77.4561604744574,29.070760060594353],[77.45417062633095,29.070794212860353],[77.45142856001718,29.0705103197],[77.44795985015452,29.069736967175864],[77.4473667516008,29.069288176534073],[77.44681970393111,29.067977725431696],[77.44706102829946,29.066849952371065],[77.44933790316074,29.064296429420168],[77.45029021514542,29.06280989361202],[77.45160921600989,29.058936944429153],[77.4523714438174,29.05725421979132],[77.45312602685418,29.056221013722176],[77.45077460935399,29.056670223489633],[77.44266522733301,29.059201573815862],[77.4398926640054,29.05912947090039],[77.43955638664447,29.058908408907204],[77.43749748905678,29.05859263956267],[77.43727928534578,29.05868063682722],[77.43728699023386,29.059039270702115],[77.43163655665121,29.06036092029186],[77.42722866245825,29.060304293217936],[77.4266382136978,29.059798991420735],[77.42547011098317,29.06046655629948],[77.42506956730458,29.06128980505092],[77.42443285126109,29.06179502396357],[77.42266352860207,29.06489399350906],[77.42027052837582,29.06668912259481],[77.42004433823318,29.068040217654513],[77.41803357619673,29.071114230968053],[77.41803569435068,29.073378858370994],[77.41844105581568,29.07491041541138],[77.41958335084725,29.07696091242035],[77.42074621322026,29.078226436773054],[77.42428645997374,29.083333366481934],[77.42484603154251,29.084831147943518],[77.4243965232705,29.085927281118106],[77.4250203645302,29.08671909064572],[77.42656893206022,29.085963613396956],[77.42772188274573,29.08567494195981],[77.43116802516138,29.0838458430377],[77.43364341842633,29.083525686484286],[77.43631385881535,29.083864093892146],[77.43808560122132,29.083437749093456],[77.43998578572374,29.08254228494251],[77.44150070847675,29.081317447388233],[77.4431671028137,29.080699347239996],[77.44829986964434,29.079866733739795],[77.45123470029606,29.079631802129978],[77.4525571426764,29.08003541470158],[77.45458323987728,29.08130054576079],[77.45652713112855,29.081992731981632],[77.45798297676546,29.081471512528736]]]}},{"type":"Feature","id":"64223","properties":{"name":"Shahpur Baroli","source_code":"119318","source_subdistrict":"Baraut","lgd_id":null,"lgd_name":null,"subdistrict":"Baraut","status":"unlinked"},"geometry":{"type":"Polygon","coordinates":[[[77.25916636347311,29.078590861119356],[77.25705351674127,29.073174453082977],[77.25706416729633,29.072430113626673],[77.25752136516982,29.07212580488799],[77.25541074901147,29.067539313510736],[77.25621470395748,29.066856208606662],[77.25577110132514,29.06587491812841],[77.25631829060153,29.065322535435197],[77.2562568804984,29.06482620000221],[77.25804672106436,29.064014926770646],[77.25733148305542,29.062023016765107],[77.25843816797199,29.06160394479724],[77.25690201239678,29.058553782770247],[77.25545629935529,29.059385514948026],[77.25502256089469,29.059137184229886],[77.25329692181214,29.059986747128637],[77.25164116228414,29.059938671252073],[77.25068844049939,29.060387104142958],[77.24999016452108,29.0603620226549],[77.24587969710072,29.06200340774487],[77.24553074103949,29.06218414491379],[77.24569608503052,29.06321716090785],[77.24363260413521,29.06409848909621],[77.24274935045497,29.064076614405383],[77.24168536325992,29.062922448819737],[77.24048964779625,29.06380307710275],[77.2394979693339,29.063127093447708],[77.23445195189394,29.06513378448246],[77.23252667381108,29.065554700620638],[77.23034425032843,29.065515650460803],[77.23013006373624,29.06735192437944],[77.23196867460825,29.07346831183909],[77.23189897621734,29.075927092731693],[77.23230784744676,29.079626212035688],[77.23324332237421,29.080505298561494],[77.23483099414184,29.081347864801526],[77.23756617135177,29.08449935109343],[77.2383397477322,29.085872202516626],[77.24053970216382,29.084361883495966],[77.24155635432646,29.08400014819754],[77.24522765196998,29.083090574908688],[77.24796494161382,29.08302077869029],[77.24879827371346,29.08263742748184],[77.25177959132165,29.082329754282743],[77.2526605396071,29.0818925660518],[77.25434526990774,29.081536965667134],[77.2554805784868,29.08073891781311],[77.25570162008566,29.080333043928132],[77.25916636347311,29.078590861119356]]]}},{"type":"Feature","id":"64224","properties":{"name":"Sujra","source_code":"119404","source_subdistrict":"Baghpat","lgd_id":null,"lgd_name":null,"subdistrict":"Baghpat","status":"unlinked"},"geometry":{"type":"Polygon","coordinates":[[[77.2720646307787,29.02931332403856],[77.27331728156,29.028815208543758],[77.27471121801472,29.027859189835638],[77.27300584000078,29.02433326942071],[77.27204457345081,29.02141650368399],[77.27293772661587,29.021202419903283],[77.27323566055061,29.020589047342813],[77.27321810132291,29.01946801719211],[77.27401647839477,29.01854568027667],[77.27373200700289,29.017747114864893],[77.27505906120213,29.01669642947391],[77.27487186352546,29.016382832818366],[77.27505943519309,29.01558440645499],[77.27432613656843,29.013948905098662],[77.27408035106305,29.012478177893033],[77.27414201604743,29.01212627096942],[77.27530230973859,29.010949250762394],[77.27473036565823,29.01010095992209],[77.27256182603018,29.011038692560817],[77.27174330856705,29.01086478767853],[77.27122783089392,29.01017659584924],[77.27064847101434,29.00861555516882],[77.26963299389259,29.007153609958447],[77.26738088984736,29.005436431850214],[77.2650286692514,29.004057448564456],[77.26258737669757,29.006508401017438],[77.25934595847811,29.00799365122563],[77.25756183849488,29.00938908533817],[77.25803648484148,29.009623923208856],[77.2593185376232,29.011368002052677],[77.25916672597461,29.01219572368433],[77.25943225867441,29.014877677453274],[77.25914384633211,29.016896314660325],[77.25965369914864,29.01836497018941],[77.26086672975907,29.020018720207858],[77.26119220860552,29.02096395518939],[77.26213332557722,29.02236955241443],[77.26188425536733,29.022732640831258],[77.26240745871588,29.02332151280034],[77.26266869440244,29.02435694883702],[77.26208822337388,29.02541458897599],[77.26271372707409,29.026892246539973],[77.26595155962072,29.02907672169704],[77.266140998276,29.030091849350008],[77.26688276166375,29.029821407618016],[77.26962901442316,29.029565127442574],[77.27035290362586,29.02907819751336],[77.2720646307787,29.02931332403856]]]}},{"type":"Feature","id":"64225","properties":{"name":"Sanjarpur Kaidwa","source_code":"119385","source_subdistrict":"Baraut","lgd_id":null,"lgd_name":null,"subdistrict":"Baraut","status":"unlinked"},"geometry":{"type":"Polygon","coordinates":[[[77.39539343021724,29.033035053385557],[77.39808845136923,29.032490004406466],[77.3980809824052,29.03189227349439],[77.39921046435148,29.03129483902866],[77.4040437789051,29.02927965373479],[77.40527313844875,29.029045347150976],[77.40822507008286,29.027302456813967],[77.41075317491656,29.02656537240064],[77.4123008412868,29.025751372249612],[77.41676147026229,29.024101050768873],[77.41918433927185,29.02266230339867],[77.4184122103147,29.02106080697935],[77.4174319162538,29.020650088248924],[77.41557697522836,29.018755185420105],[77.41420959397966,29.01710381444235],[77.41236770751483,29.014139688791076],[77.41085161858602,29.01261687755871],[77.40881886808056,29.01406228631267],[77.40479233703084,29.01534027414574],[77.40278025365491,29.01619243703238],[77.40111449528317,29.01720924348906],[77.40162201547177,29.018923617424],[77.39708440005289,29.02057347399455],[77.39679455578974,29.020052369442894],[77.39537779436777,29.020735336416646],[77.39512382102991,29.020532278358626],[77.39436151747199,29.02086357447314],[77.394092135416,29.020723702405526],[77.39339139187206,29.0211181493496],[77.39001572459324,29.02334104087505],[77.39002579199425,29.023902703735384],[77.39096192688775,29.02521346698842],[77.38971448691989,29.025628058842937],[77.38715288377487,29.02750928460297],[77.39163632342,29.032370682074323],[77.39278534164913,29.03411692599376],[77.39539343021724,29.033035053385557]]]}},{"type":"Feature","id":"64226","properties":{"name":"Tatiri (Rural)","source_code":"119430","source_subdistrict":"Baghpat","lgd_id":null,"lgd_name":null,"subdistrict":"Baghpat","status":"unlinked"},"geometry":{"type":"Polygon","coordinates":[[[77.27169545279945,28.961464909865526],[77.27082691336105,28.961302237757614],[77.26936218454564,28.96169307957435],[77.26803026484554,28.959501145166644],[77.26728563153247,28.95988511602831],[77.2662369377226,28.95830142488005],[77.26493457256649,28.95922640083407],[77.26421275964196,28.957985742715607],[77.26355773006047,28.95851087923944],[77.26267682783451,28.95737590196432],[77.26288686167817,28.957192128157534],[77.26208581661317,28.955997399375253],[77.2613888637571,28.955746678607667],[77.26086246431151,28.955848472932075],[77.26072905626982,28.953648432417392],[77.26015417993979,28.95158613914029],[77.26046864089479,28.951223531692055],[77.25959265178514,28.95045807849444],[77.25979974623034,28.94894758554232],[77.26564183619948,28.94991004685773],[77.26528922309556,28.949171155047598],[77.26617132496095,28.94874401907446],[77.26668862273665,28.94948365878792],[77.26838441020955,28.949271528623836],[77.27007077325246,28.946706597310747],[77.27317579111931,28.949724843698924],[77.27383905187529,28.9498265889282],[77.27372241775964,28.950497269052406],[77.27542508713691,28.95032274647787],[77.27566146646862,28.950965892278802],[77.27734519019631,28.950688132656126],[77.27825395747418,28.952723112295892],[77.27632510140775,28.95306025450088],[77.27644078011868,28.953438245728847],[77.2741240743276,28.953823908299167],[77.27420780829497,28.95513347020822],[77.27336108563267,28.95536920368234],[77.27207299482221,28.96129539302286],[77.27271527674976,28.96100519526911],[77.27458039430036,28.959427153415472],[77.27738460906353,28.956758317874925],[77.28388836516935,28.952307628933863],[77.28221355275679,28.950434658024996],[77.28177968923453,28.94935409232278],[77.28110022591599,28.949040722690075],[77.27864978520647,28.949502178990265],[77.27695299089234,28.948634902749912],[77.27531476183924,28.94857351068945],[77.27345743187975,28.948072380013866],[77.27162520975924,28.94643136797097],[77.27064529898452,28.94591160671419],[77.2699044238964,28.94492638084035],[77.26899441277767,28.942965661818576],[77.26812518814243,28.94261545933419],[77.26583610364396,28.939222580658903],[77.2606461350014,28.93943575245296],[77.25948793330626,28.940086707000948],[77.25466567821799,28.940909666703742],[77.25326292804525,28.94055023578086],[77.24764295408221,28.947062452534496],[77.24704192711191,28.95055882627497],[77.24706013021007,28.95181829663753],[77.24289350180469,28.954359724468585],[77.24183991236067,28.95535703275612],[77.24562989027083,28.959375682289608],[77.24603435325088,28.96126457218153],[77.24879873209044,28.965725794758114],[77.24951991628791,28.96575660656],[77.25080941740914,28.966935759210866],[77.25251148152921,28.967568617215967],[77.2567434405905,28.968479548770965],[77.25838451915682,28.968423795488228],[77.2597337544889,28.968631328312412],[77.26150249874539,28.96970120476861],[77.26434239283782,28.968894531912284],[77.26384385277164,28.967293026753318],[77.26474765055978,28.96608436561561],[77.26805850338607,28.962938080502862],[77.27169545279945,28.961464909865526]]]}},{"type":"Feature","id":"64227","properties":{"name":"Jawaharpur Mewla","source_code":"119431","source_subdistrict":"Baghpat","lgd_id":null,"lgd_name":null,"subdistrict":"Baghpat","status":"unlinked"},"geometry":{"type":"Polygon","coordinates":[[[77.28647166772333,28.958840876074802],[77.28579000063155,28.956884171821788],[77.28548953029264,28.954933917543247],[77.28388836516935,28.952307628933863],[77.27738460906353,28.956758317874925],[77.27271527674976,28.96100519526911],[77.26805850338607,28.962938080502862],[77.26474765055978,28.96608436561561],[77.26384385277164,28.967293026753318],[77.26434239283782,28.968894531912284],[77.26569610444034,28.970628006456767],[77.27763718567292,28.963486797873532],[77.28527302598137,28.96133584959496],[77.28647166772333,28.958840876074802]]]}},{"type":"Feature","id":"64228","properties":{"name":"Mukarampur","source_code":"119417","source_subdistrict":"Baghpat","lgd_id":null,"lgd_name":null,"subdistrict":"Baghpat","status":"unlinked"},"geometry":{"type":"Polygon","coordinates":[[[77.2679481079792,28.988700421423136],[77.2628519847404,28.984572415133805],[77.25996157452539,28.985059591998933],[77.25628485127898,28.98660639951392],[77.25331030976218,28.987444140871894],[77.25747787921313,28.990433109401536],[77.25807012436682,28.991248093803744],[77.25919766159457,28.992005158975743],[77.26049658556974,28.993637063098795],[77.26400632816454,28.991886112489922],[77.26480666162672,28.991916540758176],[77.2667341779681,28.990993668474477],[77.26673064499425,28.990289364212977],[77.2677921113993,28.989720594225172],[77.2679481079792,28.988700421423136]]]}},{"type":"Feature","id":"64229","properties":{"name":"Aminagar Sarai (Rural)","source_code":"119453","source_subdistrict":"Baghpat","lgd_id":null,"lgd_name":null,"subdistrict":"Baghpat","status":"unlinked"},"geometry":{"type":"Polygon","coordinates":[[[77.39191250593133,28.990756141525672],[77.39126558957854,28.990143889087346],[77.39135768274483,28.990012381451468],[77.39092383246691,28.989765828887336],[77.39040537859147,28.99023446933714],[77.38907883593946,28.989027034229434],[77.38854038815538,28.98966500643892],[77.3871110490608,28.98980202373387],[77.38721167144213,28.988513624386943],[77.38806863298691,28.988098042095704],[77.3878232151932,28.987293605807814],[77.38843073892531,28.987119258389825],[77.38857171579936,28.987470021860137],[77.38917634422737,28.987297380131896],[77.38979037209539,28.986965798904535],[77.38959613965301,28.986642437823072],[77.39079697817647,28.985888494519997],[77.38979297247518,28.98439080269927],[77.38920244926588,28.985003911618524],[77.38641597974721,28.985109400638393],[77.38421582997745,28.986347839340446],[77.3830868162886,28.986530617995022],[77.38024296209194,28.9884459565602],[77.3809800139044,28.989665263104595],[77.38104557131294,28.991074800654243],[77.3815421796262,28.99284349277196],[77.38054471161111,28.994017676941098],[77.38075428049629,28.99583197269245],[77.38263873511276,28.99871319169975],[77.38289007320283,28.99945505321398],[77.38576165773225,28.99804316888511],[77.38704650554281,28.996806577555066],[77.38907205767195,28.99481074603005],[77.39191250593133,28.990756141525672]]]}},{"type":"Feature","id":"64230","properties":{"name":"Fatehpur Majra","source_code":"119447","source_subdistrict":"Baghpat","lgd_id":null,"lgd_name":null,"subdistrict":"Baghpat","status":"unlinked"},"geometry":{"type":"Polygon","coordinates":[[[77.3610908335975,28.993161981971713],[77.35922222748866,28.99135385264426],[77.35783421448166,28.98936917742918],[77.35678460982487,28.989402172323484],[77.35620613898405,28.988805766071447],[77.356388445484,28.988305746796918],[77.35422686661919,28.98682806176754],[77.3517698589814,28.987575556475115],[77.34887829494589,28.98813138156538],[77.3465884614233,28.98819409130573],[77.34426876110248,28.987870617228424],[77.34269903707397,28.987257730365958],[77.33805963297623,28.989276686427964],[77.34225342493626,28.994695121915754],[77.34407940907703,28.997592612085285],[77.34511505055954,28.997324726448166],[77.34666161545945,28.999915733830367],[77.34891262013689,29.00256866858341],[77.34794784620824,29.00352171501445],[77.34966287162298,29.006365568508404],[77.3494321316892,29.006909153346648],[77.35102643019373,29.00921843196647],[77.35163762248352,29.010537755653324],[77.35238963997715,29.010939067107103],[77.35425944233188,29.009100209724064],[77.35442602106528,29.0085813220286],[77.35417667745696,29.00746269849076],[77.35802167910006,29.004465958220198],[77.35798791423963,29.00362394337001],[77.35958897183552,29.000095685413378],[77.35972766033842,28.99895779766488],[77.36040531760989,28.998482708341477],[77.36091052624576,28.99714964511856],[77.3610908335975,28.993161981971713]]]}},{"type":"Feature","id":"64231","properties":{"name":"Muzaffarpur Poes","source_code":"119378","source_subdistrict":"Baraut","lgd_id":null,"lgd_name":null,"subdistrict":"Baraut","status":"unlinked"},"geometry":{"type":"Polygon","coordinates":[[[77.35565498820577,29.050873130485446],[77.35277241067449,29.044714112777342],[77.35239694824746,29.042909702552553],[77.35108521594374,29.04058345439143],[77.34873633233681,29.041900239572566],[77.34551521341105,29.042128926611987],[77.34414722153022,29.042681875623042],[77.34354432822609,29.043442198867098],[77.34264349303417,29.043701734755818],[77.34250216987508,29.04337469397753],[77.34174507552811,29.043692984965688],[77.34263387849008,29.04620097365788],[77.34200255052255,29.04637476769165],[77.34204633386378,29.04698372568251],[77.34012654119444,29.047651795009276],[77.3395800175273,29.04878200489701],[77.33793995867002,29.049499604637486],[77.33911944302824,29.05424731255399],[77.33911981108236,29.055686431480463],[77.33929678876203,29.055896152910005],[77.34006707007526,29.05562083628973],[77.34200231818795,29.054603130115755],[77.34301175189374,29.056355425960863],[77.34355844911275,29.05620424605831],[77.34813717560584,29.053261825985338],[77.34936676381005,29.053189293303838],[77.35442314394999,29.051604319299713],[77.35565498820577,29.050873130485446]]]}},{"type":"Feature","id":"64232","properties":{"name":"Sunehra","source_code":"119504","source_subdistrict":"Khekada","lgd_id":null,"lgd_name":null,"subdistrict":"Khekada","status":"unlinked"},"geometry":{"type":"Polygon","coordinates":[[[77.28435602090505,28.910517972986394],[77.28561461385047,28.908744926253384],[77.28954695411137,28.907587325498145],[77.28995179839875,28.90737616737816],[77.29013278653332,28.906943209619342],[77.28958543366699,28.90582712360333],[77.28969827938977,28.905024071284775],[77.28918793901464,28.903958917696077],[77.28981515745926,28.903164568811416],[77.28905240250053,28.902313150568993],[77.28932498822736,28.900305343630123],[77.28741202927252,28.894537508946883],[77.28655925828873,28.892577692679005],[77.28528120176331,28.89089575303705],[77.28202525523282,28.891645495219738],[77.27730018787257,28.893342880709113],[77.27623269437366,28.893358265469885],[77.27377227791615,28.8943226148123],[77.27268517238123,28.894362797539358],[77.27312785968924,28.895896442065794],[77.27203729185138,28.896959553327733],[77.27363970314741,28.89948562070369],[77.27454836188414,28.901496747707036],[77.27377639047607,28.901936401462557],[77.27358576765542,28.90280520576793],[77.27392561625427,28.903817200314343],[77.2750039304915,28.905915048587612],[77.2773143698151,28.908318925205513],[77.27912182463619,28.911066380852226],[77.27982343725593,28.911229229319407],[77.28239882029058,28.910249990280466],[77.28311360627683,28.91068136731374],[77.28372987847085,28.91038996371743],[77.28435602090505,28.910517972986394]]]}},{"type":"Feature","id":"64233","properties":{"name":"Himmatpur","source_code":"119325","source_subdistrict":"Baraut","lgd_id":null,"lgd_name":null,"subdistrict":"Baraut","status":"unlinked"},"geometry":{"type":"Polygon","coordinates":[[[77.31787132841411,29.221437224485143],[77.31534900551881,29.221721518768838],[77.31326112630721,29.222752321323565],[77.31295779218131,29.223374814524913],[77.31347719080797,29.223756028533188],[77.31569883283692,29.22676484837606],[77.31561148145084,29.227409921637825],[77.31484774109757,29.2280076738446],[77.31488378344325,29.229753406443315],[77.31750673297192,29.231232970619107],[77.31901631112488,29.233208657067994],[77.31956662179394,29.23325605421087],[77.32144116310077,29.232322160748947],[77.32205836103041,29.232628816608177],[77.32455551142067,29.234559322231004],[77.3259444752383,29.236819203284846],[77.32803489969744,29.234845414930717],[77.32991491846562,29.236281976346056],[77.33177909818858,29.235255421460508],[77.3334074298192,29.23758958921204],[77.33677090439909,29.23671386314629],[77.3358216417607,29.235160035652864],[77.33479238378034,29.232336289695823],[77.33396939471164,29.23216730300843],[77.33181881189955,29.227652086674762],[77.33221467828055,29.227327194320274],[77.3320012117749,29.226979900600032],[77.33158211582295,29.22694837987834],[77.33089017338182,29.22584103172816],[77.32944527189319,29.226456951482692],[77.32917774749231,29.226310366782613],[77.32566305838853,29.2284151833765],[77.32267232236534,29.22700806098862],[77.32012402031403,29.225334616352388],[77.31787132841411,29.221437224485143]]]}},{"type":"Feature","id":"64234","properties":{"name":"Tilwara Sakin","source_code":"119251","source_subdistrict":"Baraut","lgd_id":null,"lgd_name":null,"subdistrict":"Baraut","status":"unlinked"},"geometry":{"type":"Polygon","coordinates":[[[77.20257051522147,29.223996268526047],[77.19936490536979,29.220236337345927],[77.19760203721547,29.221260966147188],[77.19706165570368,29.220512517424687],[77.19733931039168,29.22044927076663],[77.19697338732391,29.219024136281295],[77.19671120394312,29.219100941837958],[77.19636114555766,29.218275711626447],[77.19519411841543,29.218506259252525],[77.1944069370508,29.21760456507754],[77.1920268198091,29.21831830926159],[77.18970873761458,29.219537057139572],[77.18956959662654,29.219077041397608],[77.18916869646979,29.219212532976627],[77.18887027277066,29.218829275753052],[77.18717883291927,29.21918182223855],[77.1867979829312,29.218266402386103],[77.18466951490491,29.21852878705752],[77.18390357623827,29.218894403191893],[77.18006283148087,29.218895934738452],[77.17989363240933,29.219924335104814],[77.18032041500686,29.21996921827757],[77.18038235633176,29.22053749406328],[77.18099449635284,29.22124088828825],[77.18106157594104,29.22156117187181],[77.18074807342583,29.221913082701377],[77.18139633381386,29.2228013120669],[77.1796330776197,29.223550711253708],[77.17904298861338,29.226257040726733],[77.17987244332572,29.229923593012458],[77.17866929623486,29.230041305760242],[77.1792006249028,29.233264797715208],[77.18213624198185,29.232899555723886],[77.18446021547446,29.232298806315132],[77.18586063357718,29.235870360851848],[77.18650895162122,29.236627774012177],[77.18894240958525,29.238423360680645],[77.19179020832475,29.23697732694132],[77.19065831088797,29.235764634502875],[77.19165051681126,29.235335686937024],[77.19163996210088,29.234857588255746],[77.19243170765952,29.23455507936551],[77.19155142410821,29.232873177186953],[77.19182903654901,29.232647549196226],[77.19263096405746,29.23224578360097],[77.1937011500874,29.23334577161739],[77.19439023429555,29.233395106632265],[77.19562403127897,29.232875869275997],[77.1995202544108,29.230361810644215],[77.20154515714954,29.228714536714573],[77.20266480267982,29.22665282296026],[77.20257051522147,29.223996268526047]]]}},{"type":"Feature","id":"64235","properties":{"name":"Sujti","source_code":"119327","source_subdistrict":"Baraut","lgd_id":null,"lgd_name":null,"subdistrict":"Baraut","status":"unlinked"},"geometry":{"type":"Polygon","coordinates":[[[77.33577108685036,29.21683396608072],[77.33416651595509,29.216125974926157],[77.32403883294029,29.214746950892994],[77.32487971700901,29.215608478344866],[77.32552779922676,29.216936920246333],[77.32475682317008,29.21954434182746],[77.32391619284721,29.220633809387447],[77.32266150001276,29.221073772500834],[77.31787132841411,29.221437224485143],[77.32012402031403,29.225334616352388],[77.32267232236534,29.22700806098862],[77.32566305838853,29.2284151833765],[77.32917774749231,29.226310366782613],[77.32944527189319,29.226456951482692],[77.33061249916112,29.22588388800109],[77.33089017338182,29.22584103172816],[77.33158211582295,29.22694837987834],[77.3320012117749,29.226979900600032],[77.33221467828055,29.227327194320274],[77.33181881189955,29.227652086674762],[77.33396939471164,29.23216730300843],[77.33479238378034,29.232336289695823],[77.3358216417607,29.235160035652864],[77.33677090439909,29.23671386314629],[77.3334074298192,29.23758958921204],[77.33177909818858,29.235255421460508],[77.32991491846562,29.236281976346056],[77.32803489969744,29.234845414930717],[77.3259444752383,29.236819203284846],[77.32811796250529,29.240233851398273],[77.33115750841071,29.23917104388612],[77.33245913832864,29.240968543173295],[77.3356066434058,29.239641783782634],[77.34062812805806,29.236356766359624],[77.33974816156174,29.234430767538967],[77.33969133725915,29.23341573335876],[77.33759463442932,29.229832116314583],[77.33898822223898,29.229207121657012],[77.33610707688771,29.22445751376464],[77.33680378026882,29.22392507912124],[77.33643335803528,29.223395111008042],[77.33789101407062,29.22218366330909],[77.33763377262852,29.221807056947956],[77.33997326884719,29.220496105926355],[77.33717789575516,29.21872158960161],[77.33577108685036,29.21683396608072]]]}},{"type":"Feature","id":"64236","properties":{"name":"Ramala","source_code":"119248","source_subdistrict":"Baraut","lgd_id":null,"lgd_name":null,"subdistrict":"Baraut","status":"unlinked"},"geometry":{"type":"Polygon","coordinates":[[[77.28036158390536,29.240959597566565],[77.28140847135364,29.240501980222238],[77.28383451686759,29.236832773597925],[77.28953953003843,29.231486021497624],[77.29093366020741,29.229447328264083],[77.29294219809873,29.227812390866546],[77.29401200521826,29.227674899531806],[77.2934387126108,29.226898930255224],[77.29228218591571,29.223522303008075],[77.29013333263353,29.22031906846517],[77.28896929410978,29.217167967658973],[77.28806681325074,29.217296337751343],[77.28768142679804,29.216168476837844],[77.2869127256126,29.21578497683169],[77.28594594055701,29.21590207722004],[77.28469149125597,29.21503793258477],[77.28305365433127,29.215263173065207],[77.28209229722326,29.21470584078262],[77.28084023924089,29.214518314419404],[77.27937790182773,29.21265039814206],[77.27768373769182,29.212237241322924],[77.27661188720755,29.211614398779304],[77.27578194427645,29.21016837138525],[77.27520087310305,29.210204336624603],[77.27494106493303,29.210707275225488],[77.27425976088236,29.210646133856482],[77.2728511328698,29.2099014328022],[77.27143255335365,29.208633437906414],[77.27050416510573,29.20939774715481],[77.27025452826489,29.2099028682685],[77.2672563113949,29.21108386680972],[77.26452310416366,29.211852061598577],[77.26292091059082,29.212760459454074],[77.25726085849683,29.21509267048004],[77.25595758399713,29.21478539551369],[77.25513994208293,29.21483695013265],[77.25128709443274,29.217259937828096],[77.25176230362983,29.217988667262762],[77.25156357583316,29.219253894584718],[77.25192034912455,29.220230690830608],[77.25167070508064,29.220722303336995],[77.25223616637616,29.221142082627726],[77.25361843829131,29.22296514122023],[77.26267295661883,29.231212735405464],[77.26448195469165,29.23408013127572],[77.26713452975174,29.236853065877835],[77.26791042283428,29.238592315286304],[77.26925472188039,29.24021896899334],[77.27028829338641,29.24099971381028],[77.27442112541729,29.240522790081126],[77.27749673645839,29.241098754282103],[77.27775654468613,29.240873323185006],[77.2781761374676,29.239427569716444],[77.27853122368421,29.239102855531673],[77.28036158390536,29.240959597566565]]]}},{"type":"Feature","id":"64237","properties":{"name":"Nirpura","source_code":"119331","source_subdistrict":"Baraut","lgd_id":null,"lgd_name":null,"subdistrict":"Baraut","status":"unlinked"},"geometry":{"type":"Polygon","coordinates":[[[77.41073096937446,29.246038490110724],[77.41343970207313,29.243778989997416],[77.41440928640601,29.243452054274275],[77.4162174436923,29.242371956794432],[77.41785617757913,29.23934757094894],[77.42188658052247,29.235703218027087],[77.41734460436062,29.22498444030154],[77.41695658038358,29.223820500930834],[77.41712113656793,29.22361979542377],[77.41533731462275,29.220597085859268],[77.41519125557353,29.21854452461825],[77.41567220598697,29.217775506169065],[77.41620184191632,29.21759066135484],[77.4159964719628,29.21622601287862],[77.41566481194616,29.215975624730074],[77.41448729363826,29.21611072581085],[77.41423019520522,29.2160813846657],[77.41414019637766,29.21579941871466],[77.4132968148468,29.21598644357779],[77.41254355012667,29.215760783913893],[77.41143537396991,29.21614624678445],[77.40863285248416,29.216179594410928],[77.40731393117451,29.21597850753762],[77.4068898172527,29.21569425934865],[77.40197622825158,29.216635845905262],[77.40175516146604,29.216259102005342],[77.40083729873554,29.216285948823472],[77.40052118391876,29.215913712915683],[77.39983208032992,29.21598118865817],[77.39964473933303,29.215248038152264],[77.39735977839779,29.213235483430587],[77.3962980783211,29.21302994921387],[77.3953192102636,29.211292925981173],[77.39309028152168,29.21099897043395],[77.39227777990247,29.211242291088755],[77.39185139764,29.210389589422906],[77.3906018240857,29.210648530746596],[77.38986395443717,29.210533258533452],[77.38915423427875,29.210826162809344],[77.38913093446327,29.211182552271623],[77.38871690901398,29.211412444853384],[77.38796860890795,29.211667051749448],[77.3871820394941,29.21154272742573],[77.38605309794477,29.212063312730677],[77.38520159542945,29.213028386841657],[77.38493439467638,29.212746357322008],[77.38437618564548,29.21320400676936],[77.38397730178431,29.213936887222548],[77.38200237751374,29.214660122688517],[77.38150339836453,29.215047795040388],[77.38043062446955,29.216217993336862],[77.37786869600295,29.21819498593575],[77.37796861429537,29.21878367836463],[77.37766246133316,29.21915120661],[77.37530873232436,29.221044763596648],[77.3766837227993,29.22209425690487],[77.3766011478272,29.222583650726346],[77.37754201746418,29.222893092159207],[77.37758308502579,29.223114161467993],[77.37738299722344,29.226704795760725],[77.3766209621074,29.228235953041285],[77.37678223687884,29.229487834003777],[77.37627508827403,29.230473301912486],[77.37551369968287,29.23089478248982],[77.37544876259288,29.23195033507642],[77.37425502095796,29.233016581012055],[77.37432465078714,29.236914151271822],[77.37401260863453,29.2382741116094],[77.37446957345058,29.239589271288082],[77.37525119536879,29.239880625650933],[77.37693836461598,29.23959715799707],[77.37717731933607,29.239867912146902],[77.37778945255215,29.23985013799206],[77.37833959701061,29.24019323198583],[77.3793198804775,29.24394230650419],[77.37907793995852,29.244289609563655],[77.38227001621831,29.248089180775732],[77.38348081983949,29.24923100430939],[77.38454791854966,29.24979756095563],[77.38677515667813,29.249719437461284],[77.38743321709508,29.250506855949627],[77.38839505862573,29.250759832423714],[77.39053488868076,29.250699662675128],[77.39108767127385,29.251065290525542],[77.3919880168432,29.250702454372327],[77.3927800086675,29.251077091310183],[77.396453567872,29.249188179741154],[77.39904851658189,29.249515932411217],[77.40226658027508,29.247680816361175],[77.40310770238604,29.24740364863218],[77.40432386989256,29.248353511312512],[77.40632522817279,29.246887926781454],[77.40871723760898,29.246168956079558],[77.41073096937446,29.246038490110724]]]}},{"type":"Feature","id":"64238","properties":{"name":"Bali","source_code":"119432","source_subdistrict":"Baghpat","lgd_id":null,"lgd_name":null,"subdistrict":"Baghpat","status":"unlinked"},"geometry":{"type":"Polygon","coordinates":[[[77.29823516654223,28.973728733916566],[77.2975374617378,28.971620950059446],[77.29478585453721,28.96664465062388],[77.29219649706046,28.962978941475615],[77.29137142190166,28.963216521363652],[77.29059802266258,28.96196257980089],[77.28874924145872,28.960187380556942],[77.28647166772333,28.958840876074802],[77.28527302598137,28.96133584959496],[77.27763718567292,28.963486797873532],[77.26569610444034,28.970628006456767],[77.26914261380762,28.974308718482572],[77.27024015171452,28.9764234365529],[77.27323079392532,28.975703022664103],[77.27402033056661,28.976219499563303],[77.27520217320865,28.97623960074662],[77.27650556283874,28.977670277338092],[77.27852808063278,28.976748860189225],[77.2802697201669,28.976459836860013],[77.28619174613652,28.97771723600445],[77.28772076289971,28.97755867624434],[77.29084769622811,28.976706098520086],[77.29416334916182,28.975068547916266],[77.2963117270167,28.97274050753433],[77.29823516654223,28.973728733916566]]]}},{"type":"Feature","id":"64239","properties":{"name":"Sisana","source_code":"119426","source_subdistrict":"Baghpat","lgd_id":null,"lgd_name":null,"subdistrict":"Baghpat","status":"unlinked"},"geometry":{"type":"Polygon","coordinates":[[[77.23927495034803,28.975133983503664],[77.24172441593498,28.97368689809563],[77.24251740056202,28.971954035909814],[77.2435973530572,28.97046980164185],[77.24515092270738,28.967071171311353],[77.24623025000801,28.966304464428642],[77.24879873209044,28.965725794758114],[77.24603435325088,28.96126457218153],[77.24562989027083,28.959375682289608],[77.24183991236067,28.95535703275612],[77.24095613897582,28.95494917659864],[77.2386346568456,28.95550490685278],[77.23575342678663,28.95768919193943],[77.23485093208264,28.9581204111038],[77.22997539208437,28.959985828815615],[77.22898839726928,28.960063535385192],[77.22788520280086,28.96051832142648],[77.22504397564423,28.96090238843757],[77.2209584493031,28.960479555159043],[77.22012351105036,28.960641079072374],[77.21874611796026,28.960278694644824],[77.21621891033469,28.96107423173418],[77.21467759726677,28.96115575703955],[77.21430017917623,28.960824254699844],[77.21133975078018,28.96102999749373],[77.20880639542648,28.96072863759812],[77.20772521907999,28.96088580718409],[77.20829519600154,28.962236117974594],[77.21217663163561,28.966257120346306],[77.21159796310835,28.968711151933046],[77.21187818724691,28.969257588550303],[77.21096348690565,28.969539526798442],[77.20908620726976,28.97359559723039],[77.21059735753893,28.97417700494278],[77.21339892964296,28.976256577107172],[77.21498982560685,28.976717477015196],[77.21925275828934,28.976805051326586],[77.2212628782262,28.977110697036842],[77.22458099689752,28.976762039798714],[77.2264670940767,28.977106088603165],[77.23455638524345,28.974768302778337],[77.23495111533207,28.97432833331119],[77.23594184260233,28.97408818885417],[77.23798636042304,28.974231754246333],[77.23830624838574,28.97507667410583],[77.23927495034803,28.975133983503664]]]}},{"type":"Feature","id":"64240","properties":{"name":"Baghu","source_code":"119427","source_subdistrict":"Baghpat","lgd_id":null,"lgd_name":null,"subdistrict":"Baghpat","status":"unlinked"},"geometry":{"type":"Polygon","coordinates":[[[77.27024015171452,28.9764234365529],[77.26914261380762,28.974308718482572],[77.26434239283782,28.968894531912284],[77.26150249874539,28.96970120476861],[77.2597337544889,28.968631328312412],[77.25838451915682,28.968423795488228],[77.2567434405905,28.968479548770965],[77.25251148152921,28.967568617215967],[77.25080941740914,28.966935759210866],[77.24951991628791,28.96575660656],[77.24879873209044,28.965725794758114],[77.24623025000801,28.966304464428642],[77.24515092270738,28.967071171311353],[77.2435973530572,28.97046980164185],[77.24251740056202,28.971954035909814],[77.24172441593498,28.97368689809563],[77.23927495034803,28.975133983503664],[77.24158115487245,28.975972487878703],[77.24216904109814,28.976537696956818],[77.2488265762101,28.976259516158184],[77.25100032110565,28.974660839577382],[77.25587031708311,28.971742802510537],[77.26082796237765,28.97692515834664],[77.26428190178918,28.979407148745224],[77.26600713851795,28.97900062413978],[77.27024015171452,28.9764234365529]]]}},{"type":"Feature","id":"64241","properties":{"name":"Mukandpur","source_code":"119262","source_subdistrict":"Baraut","lgd_id":null,"lgd_name":null,"subdistrict":"Baraut","status":"unlinked"},"geometry":{"type":"Polygon","coordinates":[[[77.23156594322049,29.213447434430922],[77.23301931948552,29.211628761935813],[77.23314654420099,29.210135757157463],[77.23367599419429,29.210040584823552],[77.23366027139873,29.209706907021268],[77.23460081897709,29.20939950388913],[77.23258765400719,29.205927919596363],[77.23262807943952,29.205115987307096],[77.23304871279417,29.204145916789237],[77.24001586749894,29.201040061615817],[77.23890229932111,29.19651448843569],[77.23930654707947,29.194520582513444],[77.23771663303849,29.192875375116774],[77.23560563781348,29.189088051574224],[77.23384308001603,29.189693650280546],[77.23360699077676,29.19004114746587],[77.23409092754912,29.1908888039104],[77.23366952662012,29.1910740070333],[77.23380871348951,29.19155655131001],[77.233510726663,29.191692098869783],[77.23443701030318,29.19281003524824],[77.22930821257529,29.19438778926417],[77.22948348057112,29.194946934375128],[77.22574207153008,29.19609960980176],[77.22551553289328,29.195684838214913],[77.22295654191123,29.196958410544507],[77.22082332619271,29.197113050224004],[77.22126159436907,29.198781658035088],[77.22443700999128,29.203267621550452],[77.2232088401279,29.203917886408792],[77.22363069489428,29.204296532809717],[77.22370299626898,29.204616712498794],[77.22336901668284,29.20487854673152],[77.22391488576517,29.206023849874803],[77.22403445770648,29.20775573942911],[77.22504932579484,29.210294456063256],[77.22798512567732,29.210540633671076],[77.22864946428335,29.211888839351044],[77.22933841484318,29.211897335390137],[77.23131397229932,29.21344758176385],[77.23156594322049,29.213447434430922]]]}},{"type":"Feature","id":"64242","properties":{"name":"Gaidabra","source_code":"119336","source_subdistrict":"Baraut","lgd_id":null,"lgd_name":null,"subdistrict":"Baraut","status":"unlinked"},"geometry":{"type":"Polygon","coordinates":[[[77.4547464723758,29.208478782562104],[77.45458959326659,29.20807728237876],[77.45526829581229,29.207892195683737],[77.4544941891742,29.206699196126873],[77.45448379989665,29.205681879648907],[77.45216959878326,29.20249969072536],[77.45117724327994,29.202350877041344],[77.44902796238914,29.201428627214856],[77.44720520076716,29.199682978683004],[77.44607662319063,29.19982972018257],[77.4438916074179,29.199583991227126],[77.44292749863837,29.199187033997102],[77.43714097155276,29.203432053440626],[77.43557541081911,29.2052409515413],[77.43309188382256,29.206781491265637],[77.43124080552178,29.20903464362893],[77.42921481688363,29.21019166545086],[77.43481676677699,29.21601338811245],[77.43587090684697,29.216295340363956],[77.43649822694877,29.21679829608381],[77.43729528821129,29.216626906479355],[77.437994673446,29.217700469165642],[77.43885085527276,29.217181683375284],[77.438542316244,29.21673065037772],[77.43876593842634,29.216480276714144],[77.44225743517802,29.214576512718086],[77.44573834725576,29.212178729605704],[77.45054582729415,29.209690487723083],[77.45295979957811,29.208851122869802],[77.45433005994735,29.20878551147283],[77.4547464723758,29.208478782562104]]]}},{"type":"Feature","id":"64243","properties":{"name":"Dhanaura Tikri","source_code":"119333","source_subdistrict":"Baraut","lgd_id":null,"lgd_name":null,"subdistrict":"Baraut","status":"unlinked"},"geometry":{"type":"Polygon","coordinates":[[[77.45551906881285,29.230212779064203],[77.45567324952148,29.229473031835198],[77.45542369577933,29.22847157946242],[77.45583757391525,29.228128712119506],[77.45533588397434,29.22647994955576],[77.45554914590903,29.225783013226756],[77.46068040353106,29.220919279752593],[77.46098364724023,29.220071169599322],[77.46169306639534,29.219527402311723],[77.46169049001854,29.2191034289829],[77.46202201558326,29.218805609547136],[77.46775191949473,29.2146452457208],[77.46982885660987,29.213408733129963],[77.46839892629386,29.211882076031994],[77.4672036683052,29.212694336557675],[77.46666631330365,29.21271023890888],[77.46621890888962,29.21243512782094],[77.46384001688531,29.20962081042574],[77.460995893638,29.20675005927666],[77.45904996529445,29.20778335449304],[77.4579212790573,29.207226447636433],[77.4544303149903,29.208756216235926],[77.45372587566473,29.208948039240994],[77.45295979957811,29.208851122869802],[77.45054582729415,29.209690487723083],[77.44573834725576,29.212178729605704],[77.44225743517802,29.214576512718086],[77.43876593842634,29.216480276714144],[77.438542316244,29.21673065037772],[77.43885085527276,29.217181683375284],[77.437994673446,29.217700469165642],[77.44051446848337,29.221877703983917],[77.44105962420792,29.223616662654457],[77.44293950228372,29.22687133875905],[77.44386002203262,29.22685547310994],[77.4455906246752,29.2280981503648],[77.44943250258218,29.229906767979703],[77.45188306045013,29.230170450302644],[77.45551906881285,29.230212779064203]]]}},{"type":"Feature","id":"64244","properties":{"name":"Bhudpur","source_code":"119269","source_subdistrict":"Baraut","lgd_id":null,"lgd_name":null,"subdistrict":"Baraut","status":"unlinked"},"geometry":{"type":"Polygon","coordinates":[[[77.31506638946983,29.229922604617112],[77.31479377764563,29.229462406229416],[77.31484774109757,29.2280076738446],[77.31561148145084,29.227409921637825],[77.31569883283692,29.22676484837606],[77.31347719080797,29.223756028533188],[77.31295779218131,29.223374814524913],[77.31326112630721,29.222752321323565],[77.31375481608126,29.222432039254258],[77.31337685285804,29.218730676752234],[77.31302974401862,29.217984117781825],[77.31184444564778,29.217081942369973],[77.31080565222291,29.216721073893275],[77.30638601521575,29.215681182581438],[77.3046506772637,29.213308275813134],[77.30339103528104,29.21242851764377],[77.3019540730064,29.210163859208862],[77.30161460102674,29.210536007028768],[77.30163768388579,29.21096684965194],[77.29915659757232,29.212412353051395],[77.29856009989084,29.212556650880238],[77.29743938980556,29.210508602534567],[77.2935067185205,29.20558197715833],[77.29571271293815,29.20438916279396],[77.29431442631757,29.202825867980774],[77.29035498497679,29.2053470077166],[77.28731859297751,29.206582452297127],[77.28548787502606,29.207624137708162],[77.28272662907648,29.207885280874038],[77.28166750927441,29.20773392208364],[77.28155721548634,29.207073033277585],[77.28078339314226,29.206935203436633],[77.28054697302295,29.206680274714905],[77.27893232571061,29.207043061432334],[77.27595178792926,29.209742169623727],[77.27578194427645,29.21016837138525],[77.27661188720755,29.211614398779304],[77.27768373769182,29.212237241322924],[77.27937790182773,29.21265039814206],[77.28084023924089,29.214518314419404],[77.28209229722326,29.21470584078262],[77.28305365433127,29.215263173065207],[77.28469149125597,29.21503793258477],[77.28594594055701,29.21590207722004],[77.2869127256126,29.21578497683169],[77.28768142679804,29.216168476837844],[77.28806681325074,29.217296337751343],[77.28896929410978,29.217167967658973],[77.29013333263353,29.22031906846517],[77.29228218591571,29.223522303008075],[77.29373430204488,29.22737944095191],[77.29650587280159,29.229626247014462],[77.2968762357212,29.229540563585424],[77.29902831252319,29.230995647993733],[77.3012679277046,29.231927341288642],[77.3040657347903,29.231641111239398],[77.30641860679712,29.232268183946704],[77.30751147308429,29.232320136837707],[77.3099543568946,29.23150595930474],[77.31146129593792,29.231690918033973],[77.31316865002137,29.230346606271738],[77.3134387034451,29.230222550375544],[77.31393246269263,29.230626330798987],[77.31506638946983,29.229922604617112]]]}},{"type":"Feature","id":"64245","properties":{"name":"Bhadal","source_code":"119332","source_subdistrict":"Baraut","lgd_id":null,"lgd_name":null,"subdistrict":"Baraut","status":"unlinked"},"geometry":{"type":"Polygon","coordinates":[[[77.43216783501043,29.233058223929504],[77.43534876647799,29.23126066773976],[77.43621789156593,29.230153237492466],[77.43744711897985,29.22915179860998],[77.44293950228372,29.22687133875905],[77.44105962420792,29.223616662654457],[77.44051446848337,29.221877703983917],[77.43740842409787,29.2166923112859],[77.43649822694877,29.21679829608381],[77.43587090684697,29.216295340363956],[77.43494530853953,29.216121654338423],[77.42956956942157,29.210572896207143],[77.4291479509894,29.210850242393892],[77.4294075730533,29.21119989208359],[77.42878025816297,29.211804316136675],[77.4275717724358,29.212386142859135],[77.4272272010074,29.213006452570227],[77.426553606366,29.213394306876825],[77.4239053269594,29.214370736497656],[77.42288974834247,29.214505929083078],[77.42089444008269,29.21588162230588],[77.41851336310845,29.21705414879282],[77.41752599821854,29.217412634916787],[77.4161710954017,29.217367385134498],[77.41614524370766,29.217669571733822],[77.41567220598697,29.217775506169065],[77.41524264646426,29.21837993835722],[77.41523204833732,29.220195650655775],[77.41712113656793,29.22361979542377],[77.41695658038358,29.223820500930834],[77.41734460436062,29.22498444030154],[77.42188658052247,29.235703218027087],[77.42383075871572,29.234650040272054],[77.42571059700843,29.234000669088275],[77.42642549472588,29.233957872398342],[77.42717129476874,29.234217336019327],[77.42837735511384,29.23377753413172],[77.43188236522703,29.233547688351145],[77.43216783501043,29.233058223929504]]]}},{"type":"Feature","id":"64246","properties":{"name":"Rathaura","source_code":"119253","source_subdistrict":"Baraut","lgd_id":null,"lgd_name":null,"subdistrict":"Baraut","status":"unlinked"},"geometry":{"type":"Polygon","coordinates":[[[77.23206486669923,29.2137131895956],[77.23131397229932,29.21344758176385],[77.22933841484318,29.211897335390137],[77.22864946428335,29.211888839351044],[77.22798512567732,29.210540633671076],[77.22504932579484,29.210294456063256],[77.22403445770648,29.20775573942911],[77.22391488576517,29.206023849874803],[77.22336901668284,29.20487854673152],[77.22370299626898,29.204616712498794],[77.22363069489428,29.204296532809717],[77.2232088401279,29.203917886408792],[77.22443700999128,29.203267621550452],[77.22126159436907,29.198781658035088],[77.22082332619271,29.197113050224004],[77.21866963319859,29.19743016473211],[77.21196026860193,29.19624327867878],[77.21100926884908,29.196288901696583],[77.20960132885972,29.19710613853113],[77.20670240345237,29.19771661322412],[77.20166632253125,29.20048413003247],[77.20148112684022,29.200290275724957],[77.19996497474939,29.20091344535894],[77.19952798800946,29.20081445268926],[77.19875191196026,29.20106733616562],[77.19689665433788,29.20208762597351],[77.19813191740025,29.204558819009883],[77.19812228444418,29.205569149642063],[77.19922934572415,29.208486873803707],[77.19828344593822,29.208694817262803],[77.1987157999749,29.209506462369976],[77.1999818797681,29.211756544648264],[77.20104182362775,29.213064016299604],[77.20167967714983,29.213641041533563],[77.20197270898095,29.213649904219714],[77.20272983057316,29.215724285914185],[77.20351715067186,29.216792829768487],[77.20828188978078,29.222297490719015],[77.20917237327464,29.22383049510382],[77.20932878950404,29.226897402103734],[77.20978239922485,29.228620015016705],[77.21055389787625,29.228849691313894],[77.21253560255182,29.231681023089067],[77.21321078339531,29.232315268076253],[77.21740314637567,29.22908028752492],[77.21826567250706,29.227410921741804],[77.21881923955354,29.22511036704763],[77.21885441758918,29.223960209495687],[77.22326412169248,29.221625629237703],[77.22643975695267,29.219291794750518],[77.22776528656523,29.218163351785858],[77.23087789865443,29.214503329049126],[77.23206486669923,29.2137131895956]]]}},{"type":"Feature","id":"64247","properties":{"name":"Titrouda","source_code":"119376","source_subdistrict":"Baraut","lgd_id":null,"lgd_name":null,"subdistrict":"Baraut","status":"unlinked"},"geometry":{"type":"Polygon","coordinates":[[[77.38517884537492,29.048031137709767],[77.38832176681582,29.045839840297933],[77.38701648365296,29.043112382087237],[77.38686805271225,29.04226650347051],[77.38720547378293,29.039796802001227],[77.38986585613794,29.03709330066925],[77.39046687126735,29.036085256509022],[77.39278534164913,29.03411692599376],[77.39163632342,29.032370682074323],[77.38715288377487,29.02750928460297],[77.38511118115076,29.029178978032874],[77.38534452355367,29.029573766761498],[77.38512637588327,29.02973384417584],[77.38322405639293,29.030734579260674],[77.38253404706292,29.03017263983676],[77.37928934448766,29.026767621194534],[77.3770832140392,29.024989202798874],[77.37680432576293,29.02359972908478],[77.37518171480933,29.02042985908074],[77.37392315262721,29.018117300189342],[77.3721041709917,29.0155826651985],[77.36836076139018,29.018403491140525],[77.3690886738653,29.019619229788812],[77.36970589789883,29.021991890063767],[77.37174033531275,29.025444314102327],[77.3729334633933,29.02931881033272],[77.37195082757648,29.02983807440477],[77.37180485180212,29.030361423810167],[77.37134044875107,29.030736084988362],[77.37118415841995,29.03118500855464],[77.37139755786671,29.03186385760904],[77.36453441996737,29.036217725725688],[77.36135004950046,29.037976049656447],[77.3606877194468,29.037581502959537],[77.3598537174211,29.037953984471212],[77.35964850181462,29.038170616495943],[77.35965914492436,29.039041303912146],[77.36043708585358,29.039620640167612],[77.36147478730443,29.041036804700944],[77.36271830275972,29.043693437900522],[77.3636636217126,29.044987785554458],[77.3635408460178,29.04590356974233],[77.364579270189,29.048770017174743],[77.36614615788494,29.05076326493081],[77.36688869382303,29.051996768550197],[77.36699178785517,29.05282000019775],[77.36804755782137,29.054091729806863],[77.37266667276191,29.051392103739026],[77.37344942355519,29.05114137686934],[77.3739338182585,29.051229246127598],[77.37651682398692,29.050258305133877],[77.37949556352746,29.048263422525824],[77.38075109593272,29.04774510100926],[77.38221697717113,29.047278788997854],[77.38334135520346,29.047180078569706],[77.38363900735217,29.047401183808827],[77.38397017195969,29.0472705494218],[77.38517884537492,29.048031137709767]]]}},{"type":"Feature","id":"64248","properties":{"name":"Dhanaura Silvernagar","source_code":"119408","source_subdistrict":"Baghpat","lgd_id":null,"lgd_name":null,"subdistrict":"Baghpat","status":"unlinked"},"geometry":{"type":"Polygon","coordinates":[[[77.33929678876203,29.055896152910005],[77.33901150795224,29.053701556462165],[77.33793995867002,29.049499604637486],[77.3395800175273,29.04878200489701],[77.34012654119444,29.047651795009276],[77.34204633386378,29.04698372568251],[77.34200255052255,29.04637476769165],[77.34263387849008,29.04620097365788],[77.34174507552811,29.043692984965688],[77.34250216987508,29.04337469397753],[77.34264349303417,29.043701734755818],[77.34354432822609,29.043442198867098],[77.34414722153022,29.042681875623042],[77.34551521341105,29.042128926611987],[77.34873633233681,29.041900239572566],[77.35108521594374,29.04058345439143],[77.35060161241806,29.03970731244348],[77.35065220818323,29.037898370365276],[77.35189155960734,29.036840143615642],[77.35032161632303,29.032234633006794],[77.35025948177457,29.030833949157742],[77.34994375579971,29.03051154285006],[77.35006931301537,29.03019120519076],[77.34927063355785,29.02861699457395],[77.34721149198177,29.02606201236061],[77.34548593881011,29.023256469596348],[77.34417727029,29.023577105265602],[77.3439643480224,29.023895169330977],[77.34294826282206,29.02429242327423],[77.34216758840701,29.022774563065564],[77.3418750201267,29.022648335186854],[77.33843121568057,29.02315205991708],[77.33826426636712,29.022791208493427],[77.33711971284157,29.02263349840769],[77.33678343323878,29.02204715647077],[77.33606473732692,29.02158940296202],[77.3359388920451,29.021131506484664],[77.33516651666017,29.02124444651681],[77.3344889094545,29.02074382300243],[77.3335265518532,29.020757521882388],[77.3326486894911,29.01972459607878],[77.33171732441481,29.020570562499813],[77.33084977434198,29.019751950441346],[77.33037760242915,29.019945955553336],[77.32982578702772,29.0196009607677],[77.3284042635681,29.020322867256066],[77.3278268572688,29.020119993890802],[77.3269569205198,29.020171954634574],[77.32730870950977,29.021448521191168],[77.32653918959137,29.024177942484243],[77.32326744712974,29.02711044984291],[77.3215688409386,29.030891016262977],[77.32147394970586,29.03157441249887],[77.32028578918835,29.03289398962926],[77.32083508435595,29.03411874873724],[77.31854071482812,29.03576322496767],[77.31883335928792,29.03668126599003],[77.31950855282115,29.038426990179573],[77.32383928528171,29.04545507538737],[77.32300258274739,29.046325822590806],[77.32358546086154,29.04769493392642],[77.32494616368547,29.049524001393046],[77.32806799527758,29.052577777426848],[77.32830427996707,29.053173166263225],[77.32797317910904,29.053500318056127],[77.33205017711401,29.05648841175862],[77.33353683216859,29.057997163698523],[77.33415027047515,29.05751885925014],[77.33521564037007,29.057187125040763],[77.33813186953599,29.057231706711864],[77.338763316057,29.056836826695015],[77.33929678876203,29.055896152910005]]]}},{"type":"Feature","id":"64249","properties":{"name":"Silana","source_code":"119254","source_subdistrict":"Baraut","lgd_id":null,"lgd_name":null,"subdistrict":"Baraut","status":"unlinked"},"geometry":{"type":"Polygon","coordinates":[[[77.21866963319859,29.19743016473211],[77.22295654191123,29.196958410544507],[77.22551553289328,29.195684838214913],[77.22574207153008,29.19609960980176],[77.22948348057112,29.194946934375128],[77.22930821257529,29.19438778926417],[77.23443701030318,29.19281003524824],[77.233510726663,29.191692098869783],[77.23380871348951,29.19155655131001],[77.23366952662012,29.1910740070333],[77.23409092754912,29.1908888039104],[77.23360699077676,29.19004114746587],[77.23384308001603,29.189693650280546],[77.23559207788098,29.189092632394203],[77.23363581267017,29.187763340904777],[77.23361916369062,29.186369526645407],[77.22827417967055,29.18124457806751],[77.22704143753083,29.182318971466845],[77.22485753551823,29.182947353850007],[77.22340671590385,29.181387588188397],[77.22181374476516,29.181889313689965],[77.22109919865248,29.181772466765814],[77.21445888211869,29.182457510113363],[77.21323436409345,29.180820922234744],[77.2113175187493,29.18135871545458],[77.20921523054368,29.18128323650269],[77.20820803845007,29.181667156596415],[77.2082236447796,29.181928814601253],[77.20621936939489,29.182326817572182],[77.20562828597426,29.182403783477117],[77.20463086575474,29.181975735372227],[77.20391673032869,29.182589548277615],[77.20321784609165,29.182833538960548],[77.2023286459282,29.18283399486132],[77.20043227841708,29.183340120213593],[77.2005870425885,29.18412038008468],[77.20034638492008,29.18569916369477],[77.20123641672616,29.18706092503879],[77.20104639283487,29.18718280630128],[77.20141187641084,29.188057740501346],[77.20325807877136,29.18950919024658],[77.20559944085066,29.19329234808289],[77.20654648675628,29.195168190321695],[77.2065468821438,29.195686926369362],[77.20735649604892,29.197610526634616],[77.20960132885972,29.19710613853113],[77.21100926884908,29.196288901696583],[77.21196026860193,29.19624327867878],[77.21866963319859,29.19743016473211]]]}},{"type":"Feature","id":"64250","properties":{"name":"Bopura","source_code":"119338","source_subdistrict":"Baraut","lgd_id":null,"lgd_name":null,"subdistrict":"Baraut","status":"unlinked"},"geometry":{"type":"Polygon","coordinates":[[[77.44720520076716,29.199682978683004],[77.44892472478544,29.197578461654725],[77.45065967461714,29.19597912844443],[77.4496492955254,29.19475217642839],[77.44872103774526,29.192699783368273],[77.44837386548039,29.191120890316043],[77.44942771594144,29.190304294427328],[77.44934535989505,29.190033638584087],[77.4486358726898,29.189280398863517],[77.44759715010423,29.18730009099971],[77.44671802267183,29.18654460077285],[77.44513467532083,29.186016916411493],[77.44444341435863,29.18770403945545],[77.44131271891372,29.189310145348674],[77.44024606975421,29.189461316671512],[77.43835933637989,29.191216132300898],[77.43783500443558,29.191031164689466],[77.43487643201154,29.187911758821844],[77.43408227466225,29.18736816056146],[77.4328535537793,29.187981617475383],[77.42959925149167,29.19047165014922],[77.4366526039692,29.199117241893305],[77.43800993639518,29.20088555823183],[77.43846237215273,29.201961441383215],[77.43886340317387,29.202256883303402],[77.44292749863837,29.199187033997102],[77.4438916074179,29.199583991227126],[77.44607662319063,29.19982972018257],[77.44720520076716,29.199682978683004]]]}},{"type":"Feature","id":"64251","properties":{"name":"Gwali Khera","source_code":"119409","source_subdistrict":"Baghpat","lgd_id":null,"lgd_name":null,"subdistrict":"Baghpat","status":"unlinked"},"geometry":{"type":"Polygon","coordinates":[[[77.34548593881011,29.023256469596348],[77.34508528159587,29.022309258418005],[77.34757155749662,29.020953024457775],[77.35182254544972,29.01774658176214],[77.35528617859086,29.015977141360874],[77.35293173784406,29.01263283586971],[77.35237697383893,29.011541351330994],[77.35238963997715,29.010939067107103],[77.34919028780953,29.0123475025893],[77.34846900474167,29.01149958224873],[77.3467756285651,29.012219544865992],[77.34585143858874,29.01095662939891],[77.34466309726382,29.009849487803265],[77.34252334841996,29.010754440384417],[77.33984189313821,29.010910641848607],[77.33958012947122,29.010439300291065],[77.33608286305537,29.01115047111048],[77.33167987049829,29.012718878113166],[77.32977089053782,29.013594312920077],[77.32749504439194,29.015056198897433],[77.32675872184956,29.015703617525492],[77.3263174195354,29.01681121217471],[77.32647663291894,29.01769761612223],[77.32555552457995,29.018139801305814],[77.3269569205198,29.020171954634574],[77.3278268572688,29.020119993890802],[77.3284042635681,29.020322867256066],[77.32982578702772,29.0196009607677],[77.33037760242915,29.019945955553336],[77.33084977434198,29.019751950441346],[77.33171732441481,29.020570562499813],[77.3326486894911,29.01972459607878],[77.3335265518532,29.020757521882388],[77.3344889094545,29.02074382300243],[77.33516651666017,29.02124444651681],[77.3359388920451,29.021131506484664],[77.33606473732692,29.02158940296202],[77.33678343323878,29.02204715647077],[77.33711971284157,29.02263349840769],[77.33826426636712,29.022791208493427],[77.33843121568057,29.02315205991708],[77.3418750201267,29.022648335186854],[77.34224979506868,29.022846698419848],[77.34294826282206,29.02429242327423],[77.3439643480224,29.023895169330977],[77.34417727029,29.023577105265602],[77.34548593881011,29.023256469596348]]]}},{"type":"Feature","id":"64252","properties":{"name":"Ahamadpur Gathina","source_code":"119402","source_subdistrict":"Baghpat","lgd_id":null,"lgd_name":null,"subdistrict":"Baghpat","status":"unlinked"},"geometry":{"type":"Polygon","coordinates":[[[77.29681385850067,29.022422983762812],[77.29619295730568,29.021619984466497],[77.29537689627386,29.021367223039164],[77.29373732503983,29.020162537327018],[77.29220558885753,29.018344329340458],[77.29125880250376,29.017660752755265],[77.28976880482173,29.013189930547945],[77.29039757500794,29.012671221135072],[77.28607250312669,29.007683354014812],[77.28510536115769,29.007148633097703],[77.2847975811285,29.00669291773473],[77.28451530866982,29.00654851169159],[77.28320917670369,29.00705343158754],[77.28096130870392,29.007519907174352],[77.2807252149596,29.00753332083767],[77.28048166517297,29.007055125157706],[77.2763780702737,29.009000697773747],[77.27672934513308,29.009943604620666],[77.2779295512414,29.011746094678468],[77.27736216927552,29.012729407523075],[77.27743648936638,29.012968569852536],[77.28116355070605,29.017591151589375],[77.28169226640055,29.017528060961187],[77.28228221201745,29.018581606903485],[77.28322645605934,29.018651700866265],[77.28500942172832,29.020641558410656],[77.28568922646024,29.02174684441651],[77.28593789493405,29.02271235749239],[77.28770132378492,29.02134122681836],[77.28811701038637,29.021253376339935],[77.29417798328188,29.024173046223446],[77.29681385850067,29.022422983762812]]]}},{"type":"Feature","id":"64253","properties":{"name":"Kanoli","source_code":"119411","source_subdistrict":"Baghpat","lgd_id":null,"lgd_name":null,"subdistrict":"Baghpat","status":"unlinked"},"geometry":{"type":"Polygon","coordinates":[[[77.30939136925902,29.01329323331578],[77.30751041557718,29.013888622039964],[77.30714094819758,29.013507460948592],[77.30634546824145,29.013714943654442],[77.30562442375252,29.01313745973735],[77.3046492933292,29.013381059389467],[77.30398735250445,29.012541909198454],[77.30351517082899,29.012314035726984],[77.29997139388523,29.013222758195433],[77.2998609821572,29.014316702455965],[77.3002122837764,29.01588440854667],[77.2998375410024,29.01722416847328],[77.30030181381477,29.01856183092346],[77.29865417305402,29.01984502962602],[77.29742723079006,29.021841107134488],[77.29681385850067,29.022422983762812],[77.29417798328188,29.024173046223446],[77.29868149130537,29.02741028531563],[77.30114025502318,29.0252632533978],[77.30509257504028,29.023905581152324],[77.30497973117512,29.022725942190192],[77.30570857012265,29.02194557411977],[77.3054083898778,29.02144704413141],[77.30971715096614,29.018566836167583],[77.30970186149261,29.014642045608376],[77.30939136925902,29.01329323331578]]]}},{"type":"Feature","id":"64254","properties":{"name":"Qyampur","source_code":"119403","source_subdistrict":"Baghpat","lgd_id":null,"lgd_name":null,"subdistrict":"Baghpat","status":"unlinked"},"geometry":{"type":"Polygon","coordinates":[[[77.28218740180031,29.02687537996382],[77.28110220565603,29.025530818699462],[77.28593789493405,29.02271235749239],[77.28568922646024,29.02174684441651],[77.28500942172832,29.020641558410656],[77.28322645605934,29.018651700866265],[77.28228221201745,29.018581606903485],[77.28169226640055,29.017528060961187],[77.28116355070605,29.017591151589375],[77.27845220008264,29.014283771179347],[77.27743648936638,29.012968569852536],[77.27736216927552,29.012729407523075],[77.2779295512414,29.011746094678468],[77.27672934513308,29.009943604620666],[77.2763780702737,29.009000697773747],[77.27592907765532,29.008840425489943],[77.27538504751168,29.0089801539785],[77.27487181055203,29.009237108823697],[77.27498956579862,29.009900285752956],[77.27473036565823,29.01010095992209],[77.2752688400335,29.0111432202321],[77.27414201604743,29.01212627096942],[77.27408035106305,29.012478177893033],[77.27432613656843,29.013948905098662],[77.27505943519309,29.01558440645499],[77.27487186352546,29.016382832818366],[77.27505906120213,29.01669642947391],[77.27373200700289,29.017747114864893],[77.27401647839477,29.01854568027667],[77.27321810132291,29.01946801719211],[77.27323566055061,29.020589047342813],[77.27293772661587,29.021202419903283],[77.27204457345081,29.02141650368399],[77.27234951797674,29.02267296528418],[77.27471121801472,29.027859189835638],[77.27872304055704,29.02604223991597],[77.27963880536286,29.027416118590352],[77.28037291713315,29.026974237165962],[77.28104268531635,29.02730590665087],[77.28218740180031,29.02687537996382]]]}},{"type":"Feature","id":"64255","properties":{"name":"Malmazra","source_code":"119371","source_subdistrict":"Baraut","lgd_id":null,"lgd_name":null,"subdistrict":"Baraut","status":"unlinked"},"geometry":{"type":"Polygon","coordinates":[[[77.37850011650174,29.088389550502836],[77.3813382953737,29.087082496794007],[77.38272568902046,29.08566657047934],[77.3803083664417,29.082889018158674],[77.3794202909665,29.08225027947996],[77.37806988519051,29.081762465448485],[77.37727990579593,29.08031179356177],[77.37479551026529,29.07840476659724],[77.37453106163883,29.07833242224411],[77.37378216839994,29.07961547856816],[77.3704167367385,29.080979404136762],[77.36441677607294,29.08269607290171],[77.36175657344751,29.08258661905911],[77.36220132548713,29.083761553004177],[77.36164182466865,29.084303162269002],[77.36199149191545,29.0851511226283],[77.36270819733645,29.08580721311952],[77.3632684568294,29.08676330990467],[77.36336644885307,29.087591085449603],[77.36433775772663,29.088901152346974],[77.36556764620684,29.08866387209577],[77.36615090965756,29.08923204661049],[77.36632338683049,29.09006204699321],[77.36673439691131,29.09042270605145],[77.36759962147784,29.09002084724316],[77.36827720617912,29.089314608417435],[77.36884204341332,29.089174553668645],[77.37039592728755,29.089694922518284],[77.37378007877527,29.088664884494197],[77.37721469916538,29.086363492304248],[77.37853409876936,29.087248255059073],[77.37850011650174,29.088389550502836]]]}},{"type":"Feature","id":"64256","properties":{"name":"Barawad","source_code":"119314","source_subdistrict":"Baraut","lgd_id":null,"lgd_name":null,"subdistrict":"Baraut","status":"unlinked"},"geometry":{"type":"Polygon","coordinates":[[[77.32654043876522,29.087160318706324],[77.32866903566007,29.086244305402438],[77.32937261960551,29.08619011356889],[77.33274893378888,29.084538490319712],[77.33443067428428,29.08360442606894],[77.33413008643055,29.082788015273156],[77.33619193838054,29.082431227021313],[77.33792998513754,29.081375318897503],[77.33756946166484,29.076877829297786],[77.33729708392833,29.076117707685228],[77.33592547727673,29.07380374116547],[77.33343169701782,29.07059449364286],[77.33244277118968,29.06866615351366],[77.3324092728968,29.06800302758721],[77.33179032205727,29.06660919806777],[77.3319646691128,29.06567984121755],[77.33124051830416,29.064689791844852],[77.33054710323903,29.063063615550284],[77.33004261535177,29.06094448411461],[77.32517363234733,29.062473301967433],[77.32340753695912,29.063781639120474],[77.32270928200256,29.063619282171217],[77.32196214516081,29.06401408774257],[77.3210918503018,29.063369061636752],[77.31760293864077,29.064467777870824],[77.31761575611891,29.065027073687688],[77.31828590640387,29.066159376337538],[77.31760050528642,29.066588009695323],[77.31780339393013,29.06758718609786],[77.31589587259076,29.068645106785187],[77.31509487301305,29.069639854406923],[77.3153875163517,29.070555555706047],[77.31450695396693,29.071162407505273],[77.31520274180463,29.072522472969215],[77.31339782705415,29.07363670655671],[77.31332081332151,29.07399759032338],[77.31301265486563,29.074162286430436],[77.31314880326413,29.07506225521148],[77.31111787069835,29.075290110999823],[77.31201910824217,29.07650585935049],[77.31224505338677,29.07840731269333],[77.31298968853241,29.080498211651165],[77.31270212495727,29.081030461890048],[77.31266104411462,29.082855284774176],[77.31327983631742,29.08386571392702],[77.31695201486657,29.08808351812198],[77.31710867500416,29.088814318026554],[77.31637684392841,29.089409808711633],[77.31653095613706,29.089752642739228],[77.32178213782858,29.08763670539914],[77.32654043876522,29.087160318706324]]]}},{"type":"Feature","id":"64257","properties":{"name":"Mahwar","source_code":"119373","source_subdistrict":"Baraut","lgd_id":null,"lgd_name":null,"subdistrict":"Baraut","status":"unlinked"},"geometry":{"type":"Polygon","coordinates":[[[77.35743256737707,29.082761837048807],[77.35680332287029,29.082498109463348],[77.35596888560224,29.08280289088209],[77.3547003011763,29.08243566759056],[77.35328318364367,29.08311499086971],[77.35285665164328,29.082463276356325],[77.35090544333622,29.083142839868685],[77.35068464282718,29.083420327680702],[77.3499604564183,29.08325363570895],[77.34919538984157,29.083495180738772],[77.34877155094715,29.08309374351381],[77.34821951918845,29.083274363731846],[77.34788828350082,29.083080517375837],[77.34670724595928,29.08361986424604],[77.34626543515519,29.083107943456344],[77.34585709882136,29.08286001742186],[77.34552587499931,29.08304052432839],[77.34519449250615,29.082693222736925],[77.34418817836864,29.083322799815452],[77.34333781950437,29.081892958808574],[77.33897306602913,29.08356975499929],[77.33951258743856,29.084535039891207],[77.34030114005516,29.085328821148302],[77.3409893802434,29.085658031334162],[77.34402530239508,29.088165470247326],[77.34451869057567,29.0890608505795],[77.3462782727301,29.090758884394695],[77.35035548846412,29.09574930844207],[77.3529790203331,29.09953784098358],[77.35383487407502,29.10138042694752],[77.36047239947739,29.098495544487026],[77.36274184791766,29.096784963823676],[77.36256395262451,29.09546558571629],[77.36078701854498,29.090422774799155],[77.36089201380817,29.089678363550775],[77.35998240663244,29.088569027010898],[77.35932142783591,29.086200924136513],[77.35743256737707,29.082761837048807]]]}},{"type":"Feature","id":"64258","properties":{"name":"Adilabad","source_code":"119295","source_subdistrict":"Baraut","lgd_id":null,"lgd_name":null,"subdistrict":"Baraut","status":"unlinked"},"geometry":{"type":"Polygon","coordinates":[[[77.18739757772818,29.12347337777633],[77.1880757805196,29.11356214629307],[77.18832179724222,29.112528937560878],[77.1888716697487,29.111607300421372],[77.18656982922793,29.11215073766039],[77.1863641382346,29.11173125987833],[77.184817327813,29.110635714409927],[77.18361495035988,29.109982051454946],[77.18287520922401,29.109946241313757],[77.17511451048227,29.113102296600964],[77.17179664042366,29.11489431720827],[77.17071296839609,29.115756264102366],[77.17052829366034,29.11645559365034],[77.17069296334967,29.117046505306053],[77.17357228172563,29.123356675026322],[77.17384513886691,29.12470082019198],[77.17489391886338,29.126297396697026],[77.17877810482025,29.126512661218598],[77.18067338804097,29.12544733639042],[77.18210675379788,29.125365636772656],[77.1840074485093,29.12492273700797],[77.18569232110676,29.124403343729682],[77.18739757772818,29.12347337777633]]]}},{"type":"Feature","id":"64259","properties":{"name":"Jalalpur","source_code":"119307","source_subdistrict":"Baraut","lgd_id":null,"lgd_name":null,"subdistrict":"Baraut","status":"unlinked"},"geometry":{"type":"Polygon","coordinates":[[[77.31766969132588,29.109567709127248],[77.31598462816665,29.106552117395125],[77.31478777235053,29.107341642132518],[77.3121500600108,29.108379167668186],[77.31085814564547,29.108622786647636],[77.31047293010526,29.108309265221983],[77.30841557639478,29.108809974051887],[77.30536680926427,29.110391004432316],[77.30364852208906,29.110235279895715],[77.30244905062567,29.11047873485225],[77.29980354561414,29.110444776680197],[77.29345931210052,29.11121993652666],[77.28657334197557,29.110792537201835],[77.28498101327027,29.11038163286048],[77.2833680693795,29.11027312060131],[77.28281841871164,29.110354190944552],[77.28321856253837,29.112181259104243],[77.28301292076313,29.11296165904332],[77.2814327667686,29.11468001778476],[77.28270390255318,29.115792305356802],[77.28378773476362,29.116232383638106],[77.28416541116142,29.115903117414526],[77.28592698171704,29.11754778777023],[77.28740170409993,29.11609993428121],[77.28803095388999,29.116479043072335],[77.28876822151219,29.116115971713814],[77.29137250203254,29.117652451673916],[77.2921249227167,29.11851419366242],[77.29383217676181,29.123517245716783],[77.29719409122997,29.127601741714397],[77.29921049516838,29.129514676558138],[77.3017871319763,29.12958029179244],[77.30226231643884,29.129848771563648],[77.30249099382495,29.12926683156845],[77.30224184875662,29.1289443160654],[77.30254518386428,29.126661723906405],[77.30192366271035,29.12533992101017],[77.302350165081,29.12490080624789],[77.30374761976728,29.124483598379374],[77.30284359536938,29.121697930260403],[77.30316480919711,29.120935593306875],[77.30280008353985,29.120112230390696],[77.30361969240067,29.117195928849704],[77.3054666200786,29.115777263745095],[77.30898570307313,29.113751880427923],[77.31073740681383,29.112987288584755],[77.31161840702129,29.111875271866097],[77.31629300536432,29.110447454700637],[77.31647019206795,29.110093308175337],[77.31766969132588,29.109567709127248]]]}},{"type":"Feature","id":"64260","properties":{"name":"Chaubli","source_code":"119296","source_subdistrict":"Baraut","lgd_id":null,"lgd_name":null,"subdistrict":"Baraut","status":"unlinked"},"geometry":{"type":"Polygon","coordinates":[[[77.20821637771566,29.13295774884877],[77.2087284281102,29.130631277255297],[77.20920559154749,29.129688249723923],[77.21426993719005,29.127583208522864],[77.21353849032528,29.12494016174193],[77.21378473928827,29.124421244763894],[77.21372157536524,29.122386767314048],[77.21514340074532,29.120649191973357],[77.21309105276931,29.117100120855998],[77.21133261923451,29.11505302837797],[77.21065367334302,29.11375421123103],[77.21053445228068,29.11231974490782],[77.20962419505143,29.110790948613943],[77.20789356206907,29.111648953601435],[77.20588012256526,29.112105668590427],[77.20450854508807,29.1120612449325],[77.20179054939968,29.111381492286156],[77.19963805511655,29.111211120510315],[77.19722321397819,29.11051302243799],[77.19459863189898,29.111231523224436],[77.19234872257967,29.111435530659005],[77.19203518966327,29.111255244855933],[77.1888716697487,29.111607300421372],[77.18832179724222,29.112528937560878],[77.18798372985302,29.114356155662744],[77.18743928579582,29.124637182994043],[77.19017946952452,29.128118572365402],[77.19170105387117,29.12964722671135],[77.19339166975382,29.130205858220283],[77.19540180044946,29.132415330156196],[77.19800147962604,29.13216147576585],[77.204563129041,29.13290257601134],[77.20785104538778,29.13238199946366],[77.20821637771566,29.13295774884877]]]}},{"type":"Feature","id":"64261","properties":{"name":"Mahavatpur","source_code":"119287","source_subdistrict":"Baraut","lgd_id":null,"lgd_name":null,"subdistrict":"Baraut","status":"unlinked"},"geometry":{"type":"Polygon","coordinates":[[[77.29166436316827,29.135524787003288],[77.29016709103438,29.133280311609642],[77.28929666872529,29.130796818878153],[77.28610707731612,29.126792634868554],[77.28434569301555,29.12358778334397],[77.28234756986026,29.122164130777623],[77.28114280313584,29.12238946089184],[77.27945276054405,29.121858982816793],[77.27866679751335,29.121362520371562],[77.2779089484039,29.121671389987473],[77.27730813021796,29.120863760764614],[77.2762908582731,29.12105520546096],[77.27590312306492,29.120825066654955],[77.27539444483908,29.120953461159385],[77.27496830453366,29.120305983917234],[77.27296427443142,29.121482851606928],[77.27216305635949,29.120898378406228],[77.26944481211011,29.12214940216853],[77.26839727164693,29.12103936057605],[77.26638581570376,29.121372477458756],[77.26584937731116,29.120465533532432],[77.26221168279382,29.121177024717074],[77.26181665112468,29.12010327517417],[77.25850778523265,29.120789863038443],[77.25264330658098,29.121062618200515],[77.25220418183305,29.120915777342756],[77.25154194056006,29.119929816659333],[77.25035210779095,29.120824747865402],[77.24978724115243,29.120549345731888],[77.2493477195424,29.120880678859706],[77.24995339498862,29.121837353942375],[77.25098846762586,29.12204977437391],[77.25460533848408,29.126613715777534],[77.25694689167521,29.128926614833443],[77.25834599478283,29.130681946305113],[77.2607905286413,29.132843736051427],[77.26199513530231,29.133566023142517],[77.26346456761837,29.133582286959513],[77.26445591047252,29.13419615281525],[77.26542951636765,29.1344085252968],[77.26835966571667,29.137082386154198],[77.27291233635138,29.13648374927617],[77.27338764350517,29.13656515012326],[77.27467693963497,29.137395554410755],[77.27702787145984,29.1369179637222],[77.27806068238152,29.136828062520784],[77.27864894781284,29.137222905327945],[77.28211989394762,29.136700434591894],[77.28378703617682,29.137546602681613],[77.28816756803903,29.136620431518896],[77.29166436316827,29.135524787003288]]]}},{"type":"Feature","id":"64262","properties":{"name":"Daha","source_code":"119335","source_subdistrict":"Baraut","lgd_id":null,"lgd_name":null,"subdistrict":"Baraut","status":"unlinked"},"geometry":{"type":"Polygon","coordinates":[[[77.43395803832904,29.195886412757833],[77.43327039780588,29.197145038913874],[77.42872509671004,29.19693646868038],[77.42590512653287,29.196299228775022],[77.42341308179702,29.193828834896184],[77.42274344821288,29.192327679870676],[77.42254046995585,29.19053669897606],[77.42486417844641,29.188054452190407],[77.42565503751307,29.186808562832326],[77.42366239295532,29.18455042288438],[77.42262152126985,29.183756365450765],[77.42103346270787,29.18122769190728],[77.41766610396881,29.182957221051208],[77.41376680323575,29.18426486962362],[77.41079254152677,29.185696585149312],[77.40833780988432,29.186325367883494],[77.40625289934155,29.18723163805581],[77.4050114251679,29.18737113778316],[77.40401913875456,29.18789874867901],[77.40322726288586,29.188376714610698],[77.40269229510112,29.189337412696414],[77.40178481223226,29.189680062785005],[77.40083611950182,29.19041282215533],[77.40130341040057,29.19171892600743],[77.40112853835136,29.19216772899012],[77.40034946459554,29.192740372147224],[77.40031333330307,29.193087768242954],[77.39795306894956,29.19445392718306],[77.3977884083069,29.19504704986318],[77.39630988583168,29.19614730503287],[77.39371590524838,29.196649510918295],[77.39356159397649,29.19685467570045],[77.3939417906337,29.19743903951566],[77.39409802454058,29.198812683783334],[77.39280717628938,29.19968738182195],[77.3930434627458,29.200379931763244],[77.3927580527319,29.200506168355627],[77.393204873563,29.20153251509799],[77.39371024523601,29.204146911889666],[77.3946144243554,29.20594479932614],[77.39117623706302,29.20820373436132],[77.3915790356487,29.210039853119888],[77.39227777990247,29.211242291088755],[77.39309028152168,29.21099897043395],[77.3953192102636,29.211292925981173],[77.3962980783211,29.21302994921387],[77.39735977839779,29.213235483430587],[77.39964473933303,29.215248038152264],[77.39983208032992,29.21598118865817],[77.40052118391876,29.215913712915683],[77.40083729873554,29.216285948823472],[77.40175516146604,29.216259102005342],[77.40197622825158,29.216635845905262],[77.4068898172527,29.21569425934865],[77.40731393117451,29.21597850753762],[77.41019346935593,29.21626781523678],[77.4112245889449,29.216015467194165],[77.41143537396991,29.21614624678445],[77.41254355012667,29.215760783913893],[77.4132968148468,29.21598644357779],[77.41414019637766,29.21579941871466],[77.41423019520522,29.2160813846657],[77.41588849606208,29.21610422421404],[77.4161710954017,29.217367385134498],[77.41752599821854,29.217412634916787],[77.42089444008269,29.21588162230588],[77.42288974834247,29.214505929083078],[77.4239053269594,29.214370736497656],[77.4272272010074,29.213006452570227],[77.4275717724358,29.212386142859135],[77.42878025816297,29.211804316136675],[77.4294075730533,29.21119989208359],[77.4291479509894,29.210850242393892],[77.42956956942157,29.210572896207143],[77.42921481116679,29.210166830118148],[77.43139760813732,29.20890839241289],[77.43309188382256,29.206781491265637],[77.43557541081911,29.2052409515413],[77.43677848518,29.203741066093762],[77.43886340317387,29.202256883303402],[77.43846237215273,29.201961441383215],[77.43800993639518,29.20088555823183],[77.4366526039692,29.199117241893305],[77.43395803832904,29.195886412757833]]]}},{"type":"Feature","id":"64263","properties":{"name":"Soop","source_code":"119264","source_subdistrict":"Baraut","lgd_id":null,"lgd_name":null,"subdistrict":"Baraut","status":"unlinked"},"geometry":{"type":"Polygon","coordinates":[[[77.27143255335365,29.208633437906414],[77.27046414485032,29.20662121747187],[77.26841759363026,29.20077422015734],[77.26776498768733,29.200040942677607],[77.26806075468687,29.19970724775389],[77.27189659146836,29.198725024444954],[77.27177111606838,29.197495738524704],[77.27120359541384,29.195955036316732],[77.27200058795206,29.195621417692955],[77.27199074617454,29.194448528482074],[77.27102235403987,29.192695715251627],[77.26818331908262,29.18957997587467],[77.26606179572043,29.185733568871587],[77.26630866081291,29.185555482130923],[77.26597739171415,29.184813256937563],[77.26305160876488,29.186413646922322],[77.26308224982118,29.18686480735922],[77.2625679474731,29.1873427877763],[77.26238995013593,29.188655463385167],[77.26091463492791,29.188681902855837],[77.26048517677987,29.188898290918864],[77.25913838816207,29.188728578065515],[77.2540309217425,29.193483376673075],[77.25344228127308,29.193444807169374],[77.251520587631,29.19605138489289],[77.24955111197394,29.197124463094486],[77.24883830045053,29.197062786639638],[77.24841712148748,29.196092359722194],[77.24810362217727,29.196160213902743],[77.24715640292348,29.194807845865117],[77.24666317817416,29.195029242436142],[77.2460049577063,29.194817704857225],[77.24305766427366,29.192957173576065],[77.241814699877,29.19403157415322],[77.23998549110374,29.194921482756946],[77.23932236227168,29.194953616246924],[77.23890229932111,29.19651448843569],[77.24001586749894,29.201040061615817],[77.24210846243689,29.20023786188504],[77.24306007619202,29.20088665728688],[77.24415019820728,29.201160971512408],[77.24473704187284,29.201895692716104],[77.24622201595844,29.20121795712533],[77.24871251811493,29.20393023185615],[77.24960637310731,29.207332586270695],[77.25045178749048,29.20812018580591],[77.25181283335826,29.210669505740192],[77.25314136182507,29.21190167357156],[77.25513994208293,29.21483695013265],[77.25595758399713,29.21478539551369],[77.25726085849683,29.21509267048004],[77.26292091059082,29.212760459454074],[77.26452310416366,29.211852061598577],[77.2672563113949,29.21108386680972],[77.27025452826489,29.2099028682685],[77.27050416510573,29.20939774715481],[77.27143255335365,29.208633437906414]]]}},{"type":"Feature","id":"64264","properties":{"name":"Gangnauli","source_code":"119328","source_subdistrict":"Baraut","lgd_id":null,"lgd_name":null,"subdistrict":"Baraut","status":"unlinked"},"geometry":{"type":"Polygon","coordinates":[[[77.35015356854251,29.202471960419466],[77.35124233987482,29.199300379052566],[77.3518554795521,29.195905653352902],[77.35144335228792,29.193959249021297],[77.34629928124626,29.192489996768984],[77.34184972109003,29.1923106425122],[77.34076231621431,29.1919139518199],[77.33594000906167,29.19172541951987],[77.33327200995197,29.192145419278173],[77.33037763390823,29.192213535247443],[77.3284754350738,29.19184381347334],[77.32394890547917,29.19274201246747],[77.32174094408016,29.194361633024172],[77.32132978208688,29.19505862363431],[77.32037123791353,29.198390117894654],[77.3208726942707,29.20039078156305],[77.31944343733763,29.201284032727802],[77.31978280882942,29.201818585271667],[77.32027126673788,29.20159523934387],[77.32179582944605,29.202975561938377],[77.32278039358702,29.202788250632413],[77.32295261434572,29.203049837100114],[77.32305812242387,29.203473897978668],[77.3224025632404,29.203681452503073],[77.32171903501789,29.206814404699355],[77.32259322477763,29.207538403467364],[77.3232744280646,29.20724733017441],[77.32391980317783,29.207790908298275],[77.32189929658038,29.209699271866164],[77.32403883294029,29.214746950892994],[77.33416651595509,29.216125974926157],[77.33577108685036,29.21683396608072],[77.3362439916317,29.21607823831856],[77.33636179705503,29.21443619944437],[77.33676792699376,29.21367606035538],[77.33590108343667,29.21217402954873],[77.33576719904578,29.2113823865479],[77.33583147510393,29.211109437661587],[77.33629166393033,29.211165733061],[77.33638632511224,29.20923049281648],[77.33673334072614,29.20884245145447],[77.33661499403739,29.20852220691501],[77.33703365839801,29.20702892616438],[77.33751433312972,29.206812365932954],[77.33894894509751,29.207161664879763],[77.3398590334487,29.207066767339043],[77.33991021334064,29.206363049716977],[77.34044983703905,29.205280221012874],[77.3434236753069,29.203540526907585],[77.34603022162575,29.202635460428642],[77.35015356854251,29.202471960419466]]]}},{"type":"Feature","id":"64265","properties":{"name":"Doghat Rural","source_code":"119350","source_subdistrict":"Baraut","lgd_id":null,"lgd_name":null,"subdistrict":"Baraut","status":"unlinked"},"geometry":{"type":"Polygon","coordinates":[[[77.37985447651012,29.216707224662603],[77.38200237751374,29.214660122688517],[77.38397730178431,29.213936887222548],[77.38437618564548,29.21320400676936],[77.38493439467638,29.212746357322008],[77.38520159542945,29.213028386841657],[77.38576748151442,29.212597802493505],[77.38570587148219,29.21227073238257],[77.3865648523375,29.21178158972811],[77.38486410653917,29.20922994856268],[77.38546141588316,29.207574594023328],[77.38393006347394,29.205857537621867],[77.38336019273652,29.204167950387305],[77.38300695386457,29.201260441374647],[77.38336447962735,29.201019191506017],[77.3818288211082,29.19305433176972],[77.38237223159982,29.191205055425336],[77.38020961330575,29.18804636306805],[77.38016890821686,29.187182472083936],[77.38118693294713,29.186948331023974],[77.38167832291623,29.18615910205844],[77.38149127224884,29.1850741507034],[77.3818666807143,29.184735951547104],[77.3805778445197,29.182195709286937],[77.38138202916565,29.18163722720753],[77.38091532214942,29.180763617689454],[77.3800621490228,29.18036175033991],[77.37966953638039,29.17932402039888],[77.37917874895824,29.179026125027722],[77.37577631293317,29.17837721598887],[77.37444788768464,29.177720279054007],[77.37378173606137,29.17761617716241],[77.37302897142581,29.177966151825427],[77.371781846521,29.177037407609717],[77.37019610092187,29.177069730492242],[77.36871044810252,29.176707204613287],[77.36848180312141,29.17685165405143],[77.36799060183007,29.176373715973547],[77.36712443445627,29.17634026816986],[77.36394828688191,29.177300053606146],[77.35864654781265,29.178197508752966],[77.35485690680244,29.181273090292123],[77.35370824469511,29.1817357768075],[77.353596151305,29.18428459808772],[77.35310357380047,29.186472642926194],[77.35301002654734,29.190442374299717],[77.35272250382124,29.19143713931031],[77.35204669842066,29.192010247056103],[77.3515613236711,29.193235168177136],[77.35153893677469,29.194962889760063],[77.3518554795521,29.195905653352902],[77.35124233987482,29.199300379052566],[77.35015356854251,29.202471960419466],[77.35009016863314,29.20465985998167],[77.35127766334426,29.20429179086679],[77.35332808500269,29.20783009004473],[77.35374441521024,29.207539013397767],[77.35439762004245,29.207942563197015],[77.35465459874266,29.207829674688334],[77.35548282856611,29.20888503592123],[77.36036911814324,29.212072697398987],[77.36048506002022,29.212674868569316],[77.36237978553561,29.21252298301665],[77.36293781579859,29.21274833364674],[77.3653510131088,29.215785588155896],[77.36541052381698,29.216532171773295],[77.36717691760084,29.21663518297242],[77.37003432178945,29.21819254179189],[77.37411691209857,29.219104463185886],[77.37530873232436,29.221044763596648],[77.37766246133316,29.21915120661],[77.37796861429537,29.21878367836463],[77.37786869600295,29.21819498593575],[77.37985447651012,29.216707224662603]],[[77.37110571726173,29.200876355872],[77.3710613553027,29.201239403884255],[77.37143637707186,29.20183189148638],[77.37019607032853,29.202396243061976],[77.37034856524447,29.20281628754267],[77.36896454519216,29.203528038315827],[77.36644878446063,29.20147469417668],[77.36353927271725,29.200199273069597],[77.36242362013628,29.194734564601813],[77.36985666786583,29.188510707794954],[77.37053710291806,29.187680955514338],[77.37053877810445,29.188117275249294],[77.37132732232205,29.18929599118347],[77.37023132309385,29.190305493583445],[77.37064318027839,29.19029750338803],[77.37054708136853,29.190738954914007],[77.37094520909757,29.191002626650132],[77.37078504221105,29.191438083354555],[77.3712884255557,29.191695760891452],[77.37130823236683,29.19240577067783],[77.37096177401403,29.192449226700784],[77.37060670180414,29.192834146795043],[77.37090051674028,29.19289497181542],[77.3706895490519,29.194148422908412],[77.37094992395005,29.19475969709866],[77.37127507344465,29.19506530139022],[77.37200671823014,29.19516660528531],[77.37156373594401,29.195717900690124],[77.37216008026631,29.196495050178225],[77.37224249477421,29.197043949760683],[77.37298088604099,29.19691714922028],[77.37310976100783,29.19653005180375],[77.37394780493211,29.196714151576224],[77.37469029238265,29.199286441576533],[77.37532555378658,29.19908185386635],[77.37542629143807,29.199300798192528],[77.37582815125303,29.199150205766735],[77.37592792104579,29.19942462608832],[77.37630311536137,29.19925357678276],[77.37663397893574,29.200002265751444],[77.3760043731275,29.200268653656828],[77.37606861847313,29.20047615267106],[77.37483831472821,29.200905173164568],[77.37504068844198,29.201264090335673],[77.3731214947157,29.202020832088674],[77.37235013074813,29.201336335339143],[77.37280821952335,29.20098378617235],[77.3724155969474,29.200563521278546],[77.37110571726173,29.200876355872]]]}},{"type":"Feature","id":"64266","properties":{"name":"Gopalpur Khadana","source_code":"119270","source_subdistrict":"Baraut","lgd_id":null,"lgd_name":null,"subdistrict":"Baraut","status":"unlinked"},"geometry":{"type":"Polygon","coordinates":[[[77.31534900551881,29.221721518768838],[77.32266150001276,29.221073772500834],[77.32391619284721,29.220633809387447],[77.32475682317008,29.21954434182746],[77.32552779922676,29.216936920246333],[77.32487971700901,29.215608478344866],[77.32392318624505,29.214534885171723],[77.32189929658038,29.209699271866164],[77.32391980317783,29.207790908298275],[77.3232744280646,29.20724733017441],[77.32259322477763,29.207538403467364],[77.32171903501789,29.206814404699355],[77.31889116453983,29.20748901658084],[77.31692455999816,29.20898004509817],[77.31503240888628,29.20983041156866],[77.31223257395705,29.210680781261345],[77.3119061054179,29.210067256235],[77.31135079923004,29.210254446773217],[77.30502348419337,29.213793189062642],[77.30638601521575,29.215681182581438],[77.30980295221171,29.216391685924307],[77.31262858582937,29.21753751807815],[77.31337685285804,29.218730676752234],[77.31375481608126,29.222432039254258],[77.31534900551881,29.221721518768838]]]}},{"type":"Feature","id":"64267","properties":{"name":"Sothi","source_code":"119263","source_subdistrict":"Baraut","lgd_id":null,"lgd_name":null,"subdistrict":"Baraut","status":"unlinked"},"geometry":{"type":"Polygon","coordinates":[[[77.25167070508064,29.220722303336995],[77.25192034912455,29.220230690830608],[77.25156357583316,29.219253894584718],[77.25176230362983,29.217988667262762],[77.25128709443274,29.217259937828096],[77.25513994208293,29.21483695013265],[77.25314136182507,29.21190167357156],[77.25181283335826,29.210669505740192],[77.25045178749048,29.20812018580591],[77.24960637310731,29.207332586270695],[77.24871251811493,29.20393023185615],[77.24622201595844,29.20121795712533],[77.24473704187284,29.201895692716104],[77.24415019820728,29.201160971512408],[77.24306007619202,29.20088665728688],[77.24184629263834,29.200251597131498],[77.23332615466785,29.203879606654976],[77.23281259761687,29.20449789560054],[77.23258765400719,29.205927919596363],[77.23460081897709,29.20939950388913],[77.23366027139873,29.209706907021268],[77.23367599419429,29.210040584823552],[77.23314654420099,29.210135757157463],[77.23301931948552,29.211628761935813],[77.23156594322049,29.213447434430922],[77.232924212743,29.21453346438716],[77.23455111670398,29.217107739907473],[77.23517841149824,29.217057687604054],[77.23778783293673,29.22001017847474],[77.23986964880311,29.219530560862765],[77.2453143181328,29.219251314165064],[77.24644934653118,29.219889178461248],[77.24734907403182,29.220021913098048],[77.2489195870581,29.221531641635636],[77.24999371970087,29.22158318500498],[77.25167070508064,29.220722303336995]]]}},{"type":"Feature","id":"64268","properties":{"name":"Rawan Urf Baragoan","source_code":"119522","source_subdistrict":"Khekada","lgd_id":null,"lgd_name":null,"subdistrict":"Khekada","status":"unlinked"},"geometry":{"type":"Polygon","coordinates":[[[77.35155459154542,28.88657214128135],[77.35216585371879,28.885609565664527],[77.35356773756754,28.884207252919616],[77.35603258876876,28.882101350523477],[77.3533814367391,28.87909753147112],[77.35199584676978,28.877062137354336],[77.3495622058598,28.872359585654603],[77.34913519531497,28.870943761957385],[77.34926523774182,28.870207995856184],[77.35092867303027,28.869933656456855],[77.35084340344451,28.868573799678998],[77.35203425397866,28.868123916653058],[77.35382990277918,28.86790204685419],[77.35297133951875,28.86706607338681],[77.35183419339967,28.86500119992755],[77.35084485587254,28.86404564980096],[77.3499510844966,28.86263046884446],[77.34882785903265,28.863483966386184],[77.34805777296239,28.862968076324023],[77.34716159426411,28.863003538938784],[77.34608138991443,28.861845195331192],[77.34554383633377,28.862037535347756],[77.34274282333162,28.86028039865076],[77.34182258784257,28.860550229541712],[77.33874643180425,28.858302081234104],[77.33835907643386,28.858597522980126],[77.3354756710415,28.855363000388927],[77.33482278733729,28.8556036987455],[77.33434854920083,28.85462306282155],[77.33070316298786,28.8567090411609],[77.32648788336341,28.85782944775454],[77.32630720199597,28.857373604912308],[77.32432724332575,28.858195854277618],[77.32367372653354,28.85758116083787],[77.32058578709123,28.859424653302145],[77.32029484383182,28.858782473827095],[77.31960128792183,28.859139829319282],[77.31933636921138,28.86170139329001],[77.31807876403224,28.865235813982316],[77.31787944418626,28.86652384882912],[77.31801911859509,28.8671131764871],[77.31601319010124,28.87088657495998],[77.3153563488053,28.875705579765228],[77.31429820541535,28.879696046804455],[77.31231599379194,28.88060194007749],[77.31451312492943,28.88296993482029],[77.3152296803999,28.883317364630567],[77.3174274129448,28.881257874987632],[77.31809081199148,28.88141992539616],[77.32017475107799,28.88021379363621],[77.32218630654896,28.879710790503427],[77.32662525678762,28.877973741399895],[77.32850342110625,28.877468431835133],[77.32921456856829,28.878067273536068],[77.32971087456177,28.878025240576175],[77.33005616495277,28.87880245283347],[77.33062794067446,28.878795217507374],[77.33143607465176,28.88020065770335],[77.33213492344665,28.882258323473327],[77.33256063349518,28.884613297529175],[77.33262299730572,28.887029290697335],[77.334061921836,28.889233414408196],[77.33448521905385,28.890816878755654],[77.33440789230575,28.89175473136585],[77.33486322300321,28.89273499043564],[77.33542754029699,28.892190962193734],[77.33699795153584,28.889164883184808],[77.33956777653114,28.886624958613393],[77.34084366296126,28.88577409138459],[77.34169148788835,28.885335366919218],[77.34266725522541,28.88515032009374],[77.34378820740845,28.88441424853119],[77.34506478529913,28.884418652750263],[77.35054825017495,28.886404557085044],[77.35155459154542,28.88657214128135]]]}},{"type":"Feature","id":"64269","properties":{"name":"Mavikala","source_code":"119506","source_subdistrict":"Khekada","lgd_id":null,"lgd_name":null,"subdistrict":"Khekada","status":"unlinked"},"geometry":{"type":"Polygon","coordinates":[[[77.23768939218428,28.891207557121216],[77.24017885653684,28.890654697614682],[77.24064809022322,28.890310727192],[77.24158416737993,28.89042164254091],[77.24460618362758,28.890135161443673],[77.24802223931582,28.88873151732843],[77.25140861203444,28.887911249345645],[77.25375355820114,28.88614025862784],[77.25441578741757,28.886352865193185],[77.25578799335229,28.886342850067695],[77.25936005992821,28.88422384834294],[77.26076165853304,28.883744714600834],[77.26159810956756,28.882970799073117],[77.2624641332909,28.882583112068385],[77.26247412582015,28.882130472576645],[77.26383648287278,28.881700951813336],[77.26267164971519,28.880087812253684],[77.26005541905434,28.877762218288858],[77.25846957011252,28.877097772514634],[77.25773935300585,28.876515053513536],[77.25680198928454,28.876683473964572],[77.25493907907263,28.874665851570054],[77.2543383401092,28.875049718251496],[77.25387846299459,28.874494431002862],[77.25227986802624,28.874715983534312],[77.25073764573585,28.874168839684696],[77.25080622491674,28.87394272504198],[77.24997468354357,28.872658688594452],[77.24869973440836,28.872758102462498],[77.24823178994295,28.873047962903087],[77.24508146122588,28.87358958485004],[77.2441659989245,28.873248840640002],[77.24110671269682,28.873846116426638],[77.23994762151396,28.87339282059222],[77.23800396950718,28.87363011906573],[77.23598010781674,28.87332436390661],[77.23535052771315,28.872582271813858],[77.23451951959449,28.872594999772982],[77.2334829253228,28.87078965564789],[77.23271404353618,28.870776365678747],[77.23230576806151,28.871148459571923],[77.22877002037492,28.872414321362992],[77.2286692843306,28.872791729129492],[77.22615506216597,28.873777307638882],[77.22435084887866,28.8753438843748],[77.22187140985656,28.874772770699675],[77.22094417462363,28.874959792989063],[77.21141843457319,28.875092043020086],[77.21131064303391,28.875780761903123],[77.21011586422834,28.87623388204021],[77.20865036088837,28.876411451502616],[77.20854226311799,28.875746052758885],[77.20727180187568,28.876143667583563],[77.20736817307001,28.87664636953324],[77.20337939580335,28.876834015951903],[77.19908588401732,28.87757141692963],[77.19388247712916,28.877724030313516],[77.19237723195138,28.877616391009592],[77.19096426311012,28.87716753951763],[77.18958528916632,28.878407113289853],[77.18860704706111,28.879663614900906],[77.18868235608566,28.88007743047537],[77.19245307319301,28.883900337160046],[77.19546426427253,28.88620618212732],[77.19824421209145,28.887505203664418],[77.2059915147965,28.888330419032364],[77.20685680217568,28.88804105792143],[77.20821651168268,28.88810448653197],[77.21039572775716,28.887653705553976],[77.21197052740305,28.886982743927355],[77.21540844648165,28.884738286609906],[77.21640665354302,28.883711345557963],[77.21912851978914,28.879619945085302],[77.22056134605965,28.878788822388092],[77.22351877104042,28.878550570835834],[77.22509464474014,28.879142591557084],[77.22810077723345,28.881186117979677],[77.22843537825815,28.882213655182834],[77.22832900988901,28.883713142660458],[77.22741693516124,28.8883950574603],[77.22802117891288,28.88871144879484],[77.22957333405884,28.888792477563126],[77.23155374090875,28.888298644466513],[77.23194485423991,28.88869809002487],[77.23395055623999,28.889138977741418],[77.23747828980336,28.89032376858933],[77.23768939218428,28.891207557121216]]]}},{"type":"Feature","id":"64270","properties":{"name":"Mubarikpur","source_code":"119525","source_subdistrict":"Khekada","lgd_id":null,"lgd_name":null,"subdistrict":"Khekada","status":"unlinked"},"geometry":{"type":"Polygon","coordinates":[[[77.33434854920083,28.85462306282155],[77.3336336727356,28.852971227408492],[77.33389826981795,28.852795733323575],[77.33384672845705,28.852244600049104],[77.3344498022409,28.85170354047304],[77.33452888031655,28.851128458670825],[77.3366732598547,28.85084162590458],[77.33676054254326,28.850202918644555],[77.3385770378961,28.849326572724078],[77.33709105386058,28.847557614182037],[77.33483956194489,28.84418258391473],[77.33245159413725,28.84184507499335],[77.3309748047377,28.839656892943253],[77.32934584213528,28.840116098112084],[77.32862417436843,28.839131288150085],[77.32699314445833,28.838802160519734],[77.32333616273334,28.84144129380443],[77.32282276927442,28.841399161567303],[77.32166399928224,28.842134501287386],[77.32140465711349,28.841794726017984],[77.31708136742802,28.844405781420825],[77.31529197388949,28.845231129399803],[77.31313954988157,28.843467520533046],[77.30919481952482,28.847057470634947],[77.31432087614981,28.854892017925255],[77.31510381934076,28.85656552132981],[77.31960128792183,28.859139829319282],[77.32029484383182,28.858782473827095],[77.32058578709123,28.859424653302145],[77.32367372653354,28.85758116083787],[77.32432724332575,28.858195854277618],[77.32630720199597,28.857373604912308],[77.32648788336341,28.85782944775454],[77.33070316298786,28.8567090411609],[77.33434854920083,28.85462306282155]]]}},{"type":"Feature","id":"64271","properties":{"name":"Nagla Baheri","source_code":"119524","source_subdistrict":"Khekada","lgd_id":null,"lgd_name":null,"subdistrict":"Khekada","status":"unlinked"},"geometry":{"type":"Polygon","coordinates":[[[77.3499510844966,28.86263046884446],[77.35028194494058,28.861411653422866],[77.35124240492252,28.861041813797666],[77.35237239201093,28.85986975678017],[77.35320265973269,28.85845793565829],[77.3566831138517,28.856050078562085],[77.35922757888608,28.854649748999908],[77.36061748040787,28.85289491408964],[77.35596336862547,28.84959798179433],[77.35396298656406,28.84782068587404],[77.35246221224207,28.84762815050794],[77.35093552792316,28.846864939737916],[77.34947428658378,28.84660594373424],[77.34684107850691,28.846813884567673],[77.34205033891462,28.848143200862133],[77.3407205969646,28.848859059215656],[77.34019962546269,28.848280169378835],[77.33924102860672,28.848566122868025],[77.3385770378961,28.849326572724078],[77.3367592345056,28.850204026624034],[77.3366732598547,28.85084162590458],[77.33452994860474,28.85112716698434],[77.3344498022409,28.85170354047304],[77.33384672845705,28.852244600049104],[77.33389826981795,28.852795733323575],[77.3336336727356,28.852971227408492],[77.33482278733729,28.8556036987455],[77.3354756710415,28.855363000388927],[77.33835907643386,28.858597522980126],[77.33874643180425,28.858302081234104],[77.34182258784257,28.860550229541712],[77.34274282333162,28.86028039865076],[77.34554383633377,28.862037535347756],[77.34608138991443,28.861845195331192],[77.34716159426411,28.863003538938784],[77.34805777296239,28.862968076324023],[77.34882785903265,28.863483966386184],[77.3499510844966,28.86263046884446]]]}},{"type":"Feature","id":"64272","properties":{"name":"Mansoorpur","source_code":"119540","source_subdistrict":"Khekada","lgd_id":null,"lgd_name":null,"subdistrict":"Khekada","status":"unlinked"},"geometry":{"type":"Polygon","coordinates":[[[77.38082962772822,28.866870263986318],[77.38320021471894,28.864678498316234],[77.38291990055617,28.863516717215223],[77.38191559971764,28.861454225433604],[77.37800359761637,28.85545319510703],[77.37681032791185,28.854226109980583],[77.37482010184371,28.852851773040996],[77.37405979057391,28.852772215970617],[77.37240751020455,28.853432722030366],[77.37053223013807,28.85472685763177],[77.36649322312589,28.856538833202993],[77.37019515484997,28.860742183088114],[77.36986037889973,28.861256587774843],[77.37371931080504,28.864355512978854],[77.37447425083933,28.86559217959309],[77.37379985889007,28.865950078351332],[77.37686356820807,28.867023342008235],[77.37785986423216,28.86766018959562],[77.37881214212241,28.867675786275797],[77.37959619824228,28.867537685534682],[77.38082962772822,28.866870263986318]]]}},{"type":"Feature","id":"64273","properties":{"name":"Kirthal","source_code":"119244","source_subdistrict":"Baraut","lgd_id":null,"lgd_name":null,"subdistrict":"Baraut","status":"unlinked"},"geometry":{"type":"Polygon","coordinates":[[[77.2610873103886,29.229661788962673],[77.25361843829131,29.22296514122023],[77.25223616637616,29.221142082627726],[77.25167070508064,29.220722303336995],[77.24999371970087,29.22158318500498],[77.2489195870581,29.221531641635636],[77.24734907403182,29.220021913098048],[77.24644934653118,29.219889178461248],[77.2453143181328,29.219251314165064],[77.23986964880311,29.219530560862765],[77.23778783293673,29.22001017847474],[77.23517841149824,29.217057687604054],[77.23455111670398,29.217107739907473],[77.232924212743,29.21453346438716],[77.23206486669923,29.2137131895956],[77.23087789865443,29.214503329049126],[77.22776528656523,29.218163351785858],[77.22643975695267,29.219291794750518],[77.22326412169248,29.221625629237703],[77.21885441758918,29.223960209495687],[77.21881923955354,29.22511036704763],[77.21826567250706,29.227410921741804],[77.21740314637567,29.22908028752492],[77.21259800684025,29.232754412597366],[77.21525054181123,29.23861159765905],[77.21475903117314,29.241597629261367],[77.21778972868336,29.24551888226197],[77.21983200974559,29.24489602627134],[77.21952314580095,29.244449708842065],[77.22177969581678,29.243149423857393],[77.22274776333907,29.244749888211835],[77.22336491575044,29.244781082848913],[77.22355552068946,29.24524550912592],[77.22426008146266,29.245199950657106],[77.22429145760323,29.245831341735517],[77.22532010987642,29.246011129529325],[77.22790103954661,29.24522918184239],[77.22771027900554,29.24457533784676],[77.22861008237236,29.244466506772916],[77.228825783305,29.244082956159456],[77.22957122549641,29.24380283910032],[77.23258247532644,29.249949766323915],[77.23140647776391,29.250462950826353],[77.23161292800597,29.251243331633972],[77.23388961445097,29.253145401177846],[77.23803563116442,29.25005349835267],[77.24739672835466,29.246227694595145],[77.25052155207328,29.243542613612615],[77.25185490242734,29.24186878965855],[77.25280394009484,29.233993291617203],[77.25872591237128,29.230044745957656],[77.2610873103886,29.229661788962673]]]}},{"type":"Feature","id":"64274","properties":{"name":"Tugana","source_code":"119240","source_subdistrict":"Baraut","lgd_id":null,"lgd_name":null,"subdistrict":"Baraut","status":"unlinked"},"geometry":{"type":"Polygon","coordinates":[[[77.1884775434901,29.27941153894613],[77.1977020731039,29.27549131185065],[77.19812396889714,29.275400893616812],[77.19865951351377,29.27603234228648],[77.2033103468209,29.27438326770372],[77.20265144521025,29.273932407274213],[77.2026615408164,29.27365272761641],[77.20407060679858,29.27223077891585],[77.20360661103982,29.270945116751413],[77.2037034327034,29.26944717547448],[77.2032964108387,29.2687570352471],[77.2031307487886,29.26714638815374],[77.20275976205231,29.266397581957325],[77.2043850019717,29.265223679881885],[77.20407463801364,29.262728772510382],[77.2045376488364,29.26261577496189],[77.20413022155935,29.261131489641247],[77.20364096973711,29.26042790402463],[77.2031047700624,29.258867049317505],[77.20221925125706,29.257951563681733],[77.20128765575707,29.257433070756854],[77.20014048367533,29.257763052119046],[77.19950743296519,29.257397837660235],[77.19902808620104,29.256139259600392],[77.19949057573123,29.255223054023244],[77.19946879435172,29.25323328651004],[77.19867563121176,29.25192523986674],[77.19820223399832,29.25166369451039],[77.19680794197305,29.25171396903864],[77.1958710875047,29.250978985808743],[77.19508916934114,29.251056060398067],[77.1924201627795,29.253110090908798],[77.18429314325482,29.257268855152414],[77.18145387923713,29.25926866064448],[77.17646415869596,29.26179256157232],[77.17512163584995,29.262736019774728],[77.17501839696965,29.2620772534698],[77.1729862566269,29.262790745460517],[77.1765669200494,29.273356478292143],[77.18113904529315,29.278958604181934],[77.18224074902729,29.279982334700467],[77.18455167541339,29.280685354228137],[77.18758719266194,29.279312573180558],[77.1884775434901,29.27941153894613]]]}},{"type":"Feature","id":"64275","properties":{"name":"Loomb","source_code":"119243","source_subdistrict":"Baraut","lgd_id":null,"lgd_name":null,"subdistrict":"Baraut","status":"unlinked"},"geometry":{"type":"Polygon","coordinates":[[[77.24973422205032,29.280954197277186],[77.25012300133879,29.280340854811335],[77.249778750587,29.27957385211527],[77.25173994518268,29.273748747900967],[77.25095617454798,29.272298137456087],[77.25136566670875,29.271630706173823],[77.25144862403904,29.27057960048821],[77.25369692929699,29.270540056488027],[77.2492343196707,29.265336882081886],[77.24794615171842,29.26471790612663],[77.24559919346676,29.264115045262887],[77.2450429530568,29.263578599231558],[77.2443624514058,29.26218037375275],[77.24091240908909,29.259462225721496],[77.23954222214832,29.25777125397079],[77.23798789588298,29.2573165957023],[77.23654591847422,29.255810657339794],[77.23569726700674,29.256081969736034],[77.2352954313971,29.25551368091071],[77.23545476029382,29.25533763620766],[77.23515062777047,29.254760305869667],[77.23376548398164,29.253421178134644],[77.2339813512142,29.253249590057788],[77.23161292800597,29.251243331633972],[77.23140647776391,29.250462950826353],[77.23258247532644,29.249949766323915],[77.22957122549641,29.24380283910032],[77.228825783305,29.244082956159456],[77.22861008237236,29.244466506772916],[77.22771027900554,29.24457533784676],[77.22790103954661,29.24522918184239],[77.22532010987642,29.246011129529325],[77.22429145760323,29.245831341735517],[77.22426008146266,29.245199950657106],[77.22355552068946,29.24524550912592],[77.22336491575044,29.244781082848913],[77.22274776333907,29.244749888211835],[77.22177969581678,29.243149423857393],[77.21952314580095,29.244449708842065],[77.21983200974559,29.24489602627134],[77.21750303743896,29.245623559791838],[77.21681417385396,29.24603436374191],[77.21539586736763,29.247487481098652],[77.21529861875968,29.248037740841678],[77.21228604467719,29.249604494631402],[77.21192589331982,29.249338630176737],[77.21066612145242,29.24974068909087],[77.2082701585983,29.250688689374087],[77.204232767481,29.252761743977903],[77.20399081089677,29.252491230420198],[77.20371298133989,29.252549992821926],[77.20115651269678,29.253548333223904],[77.20057516912502,29.25352152726822],[77.20057503302922,29.25325540501469],[77.19947925388372,29.253463390558213],[77.19949057573123,29.255223054023244],[77.19902808620104,29.256139259600392],[77.19950743296519,29.257397837660235],[77.20014048367533,29.257763052119046],[77.20128765575707,29.257433070756854],[77.20268774455509,29.25836192087505],[77.20413022155935,29.261131489641247],[77.2045376488364,29.26261577496189],[77.20407463801364,29.262728772510382],[77.2043850019717,29.265223679881885],[77.20275976205231,29.266397581957325],[77.2031307487886,29.26714638815374],[77.2032964108387,29.2687570352471],[77.2037034327034,29.26944717547448],[77.20360661103982,29.270945116751413],[77.20407060679858,29.27223077891585],[77.20291346948437,29.273336755002635],[77.20265144521025,29.273932407274213],[77.20501474032577,29.27599317064794],[77.20541092021116,29.275898162530165],[77.20555518642645,29.276150835107273],[77.20635776595883,29.275924795302974],[77.20685710514667,29.276213328474906],[77.20921420347499,29.276564004479162],[77.2092865036045,29.276879750943525],[77.21153009276698,29.276847036937188],[77.21181836590806,29.277036315949726],[77.21283179292553,29.27653047545886],[77.2143194994845,29.277183877793238],[77.21673823192926,29.277421607909464],[77.21663587179962,29.278188650638178],[77.21747484446614,29.278332567128032],[77.22108196967655,29.27805070671508],[77.22249254971247,29.278780769129057],[77.22433993225344,29.27874808354376],[77.22871991308614,29.279507719457005],[77.23114965765986,29.280395015607766],[77.23201988343735,29.28104860391317],[77.2335589601876,29.281426519155275],[77.23480428141099,29.281470858603512],[77.23625637427011,29.282331536064277],[77.23770181796587,29.281662808764178],[77.2392969709714,29.281562388359692],[77.24049033655469,29.280961512795766],[77.24146812034328,29.28092918193963],[77.2418284637537,29.281118451664213],[77.24790976351078,29.279652094735514],[77.24913001169699,29.28027721976291],[77.24973422205032,29.280954197277186]]]}},{"type":"Feature","id":"64276","properties":{"name":"Chandayan","source_code":"119361","source_subdistrict":"Baraut","lgd_id":null,"lgd_name":null,"subdistrict":"Baraut","status":"unlinked"},"geometry":{"type":"Polygon","coordinates":[[[77.42678518709256,29.15934055690855],[77.42610431592303,29.158366108598916],[77.42620970988415,29.15731050508595],[77.42900303852818,29.155364131299972],[77.43158815711735,29.15412825113734],[77.43115134473375,29.15295984324183],[77.43190686475177,29.151672025235793],[77.43309138960547,29.151193848399302],[77.43290382737827,29.150476599643056],[77.4319557846325,29.14897885764041],[77.43304264342413,29.14827520756717],[77.43023972203858,29.144447362407643],[77.43006508795925,29.14399857955561],[77.43023207307145,29.143664699698174],[77.42701327765649,29.13870907800836],[77.42768381003333,29.138413698493455],[77.426417417388,29.13667459258587],[77.42521248790017,29.137015012569023],[77.42319062050858,29.13641934354493],[77.42216569225397,29.13577642150198],[77.42034409370545,29.13673253684057],[77.41928285453136,29.137625610458656],[77.41765371787913,29.13941178993378],[77.41630443798083,29.141802513141272],[77.41461090015815,29.14377807006511],[77.41543299414133,29.144116498449886],[77.41607767562343,29.144971468924673],[77.41808103618487,29.14881979248341],[77.41976882971711,29.150583849185693],[77.4208193934367,29.15259133883286],[77.42171580209366,29.155564275445084],[77.41980378918944,29.156470787593243],[77.42097019018983,29.15833851460661],[77.4222857790836,29.158210069702303],[77.42319522874648,29.15985900007851],[77.42411759088188,29.160874085402263],[77.42678518709256,29.15934055690855]]]}},{"type":"Feature","id":"64277","properties":{"name":"Sadakpur Sinoli","source_code":"119292","source_subdistrict":"Baraut","lgd_id":null,"lgd_name":null,"subdistrict":"Baraut","status":"unlinked"},"geometry":{"type":"Polygon","coordinates":[[[77.22183652155915,29.158600430554934],[77.22429220590048,29.157642599079388],[77.22376194274014,29.156411401914646],[77.22739022072338,29.156670711105622],[77.22829970157778,29.156534821849647],[77.22970719561665,29.155902323349697],[77.2305232698589,29.154733512585704],[77.23139632233888,29.154087835906566],[77.2337129065667,29.152913442399125],[77.23101144239519,29.1487201070466],[77.23095473006626,29.14842244019951],[77.23147867284302,29.148300319265086],[77.23126714582224,29.147213300635034],[77.23070074273922,29.14586040356801],[77.22851379498009,29.142180967104565],[77.22404976945194,29.137339120071065],[77.22233848529557,29.13697477831406],[77.22072442222938,29.136014952852392],[77.21842243565825,29.135917143062745],[77.216572222566,29.135214496336665],[77.20987151195538,29.13427101970652],[77.20893090896563,29.133784366029673],[77.20785104538778,29.13238199946366],[77.204563129041,29.13290257601134],[77.19800147962604,29.13216147576585],[77.19470310438427,29.132487811056553],[77.1909229995554,29.13515998408727],[77.18473809029925,29.13767513670991],[77.18513047649925,29.141554459357234],[77.18567524808364,29.141788848382895],[77.18668878968147,29.1443325928503],[77.18661814936466,29.147043655858496],[77.18706274829287,29.15226712939763],[77.18788095042515,29.154585314010617],[77.19091750217747,29.153460806039174],[77.19244306158683,29.152422644972976],[77.19533072297473,29.15172668526445],[77.19753961749478,29.150503260911197],[77.20252843818686,29.149106930375076],[77.2034533075026,29.14909747531018],[77.20611976172201,29.148347237597203],[77.20766133115391,29.148251703520494],[77.20859606591797,29.14761967980772],[77.20989619201461,29.147641551584403],[77.2104102012907,29.147812625523958],[77.21114554005528,29.148646732404895],[77.21212828471843,29.15041442715632],[77.2113282560134,29.15264333495115],[77.2116271361332,29.15392867285467],[77.21275382073082,29.155705354818984],[77.21266160829121,29.156025644476674],[77.21519222122218,29.15910515751322],[77.21556796146952,29.159984496368093],[77.21705281498554,29.159491942684376],[77.21909798742787,29.159337386658002],[77.22183652155915,29.158600430554934]]]}},{"type":"Feature","id":"64278","properties":{"name":"Aurangabad Jathauli","source_code":"119284","source_subdistrict":"Baraut","lgd_id":null,"lgd_name":null,"subdistrict":"Baraut","status":"unlinked"},"geometry":{"type":"Polygon","coordinates":[[[77.28215522521339,29.156822095919967],[77.28056786081773,29.154843628326613],[77.27614706521231,29.150714894932893],[77.27542997759188,29.151226714093728],[77.27470033133358,29.150967135087374],[77.272762393872,29.152410132100268],[77.27199453468235,29.151577601736633],[77.27170661884936,29.151717338757102],[77.27079992035097,29.15085100360564],[77.27003219703185,29.149734241604563],[77.26974172256115,29.149871732279376],[77.2689712509527,29.149102380484933],[77.26670469177294,29.14988878598113],[77.26255913931465,29.15216092615995],[77.26213522018745,29.151892388986603],[77.26179079632041,29.152282461486603],[77.26193710625412,29.15246515016491],[77.26164161131439,29.152611705560712],[77.26149260909091,29.152395058614815],[77.26033590535735,29.15324952148839],[77.26039481785497,29.15369156794078],[77.2624986224169,29.155036740771155],[77.26298180853135,29.15474142133315],[77.26353400750519,29.155262632965105],[77.26949486715351,29.163021502317314],[77.27238893565624,29.161551739385857],[77.27497179154612,29.160758538111573],[77.28084972665543,29.157453384884576],[77.28104491931747,29.15771286262042],[77.28215522521339,29.156822095919967]]]}},{"type":"Feature","id":"64279","properties":{"name":"Mohammadpur Khunti","source_code":"119347","source_subdistrict":"Baraut","lgd_id":null,"lgd_name":null,"subdistrict":"Baraut","status":"unlinked"},"geometry":{"type":"Polygon","coordinates":[[[77.4383281729598,29.16220092041165],[77.43699441002099,29.160852159711034],[77.43550403593169,29.158758965288822],[77.43512886404085,29.15845226262452],[77.43420374617702,29.15881984933853],[77.42994098230109,29.154971756937854],[77.42900303852818,29.155364131299972],[77.42609156926913,29.15746835997425],[77.42610431592303,29.158366108598916],[77.42776922612292,29.16072999667224],[77.42774850883201,29.161801432609554],[77.42934931415361,29.163937517472448],[77.43102467524378,29.166950945525283],[77.43233527627997,29.16706154621598],[77.43534458521965,29.165209830891094],[77.43727448710476,29.163833907385097],[77.4383281729598,29.16220092041165]]]}},{"type":"Feature","id":"64280","properties":{"name":"Shikohpur","source_code":"119394","source_subdistrict":"Baghpat","lgd_id":null,"lgd_name":null,"subdistrict":"Baghpat","status":"unlinked"},"geometry":{"type":"Polygon","coordinates":[[[77.25724828635317,29.059086254737505],[77.2597133090735,29.05804733671596],[77.26125416334773,29.056940438171953],[77.26152898088559,29.056591010979268],[77.26061291612505,29.055814689518854],[77.26053346412596,29.05554849731128],[77.26091365487466,29.055043382037738],[77.26040055497471,29.054459020483794],[77.2622162840299,29.0527567290434],[77.26228069924971,29.052339537036314],[77.26387298609751,29.050713801864774],[77.26330914699842,29.04871061475219],[77.26146421060656,29.047392696233445],[77.2603766903395,29.04566004776567],[77.26025388843479,29.044859214857883],[77.25938186092547,29.04353038179505],[77.25933598977018,29.042873959861193],[77.2585922789076,29.041578938035094],[77.2584596669927,29.039912084853352],[77.25754667476068,29.03845235324819],[77.25566750638696,29.039116912021207],[77.25456427504582,29.03841497222727],[77.25342562068931,29.036695764737285],[77.25209837758042,29.03718685015572],[77.25165448557286,29.036868654059965],[77.25098974841725,29.03698339960337],[77.25043299268927,29.03649137785975],[77.24768581585707,29.03796757238993],[77.24764831055866,29.038275132764092],[77.24630812886814,29.038145322128123],[77.24233578809707,29.03958763443888],[77.2405040696923,29.04085677135606],[77.24052489413076,29.04105981722653],[77.24117832026542,29.04262939993488],[77.24489554372835,29.047945923253376],[77.24539054512908,29.050061489549105],[77.24734439379144,29.05287073984761],[77.24704686845713,29.05313266884144],[77.24578921590874,29.053426877914657],[77.24530734823753,29.054302487099076],[77.24660386153514,29.056882166269066],[77.24669151905866,29.057256584685508],[77.24575239704447,29.05783475382363],[77.2463911203586,29.059828352833403],[77.24723141994316,29.06146323450908],[77.25164116228414,29.059938671252073],[77.25329692181214,29.059986747128637],[77.25502256089469,29.059137184229886],[77.25545629935529,29.059385514948026],[77.25690201239678,29.058553782770247],[77.25724828635317,29.059086254737505]]]}},{"type":"Feature","id":"64281","properties":{"name":"Asara","source_code":"119246","source_subdistrict":"Baraut","lgd_id":null,"lgd_name":null,"subdistrict":"Baraut","status":"unlinked"},"geometry":{"type":"Polygon","coordinates":[[[77.31122454023719,29.261090886192274],[77.32065385986934,29.257105135092306],[77.32080041281591,29.25685246185923],[77.31855470406568,29.252919044284035],[77.3172969905576,29.251662773884348],[77.31638130144209,29.251374035667435],[77.31609835569866,29.250959046860455],[77.31620898198366,29.25032071195368],[77.31736044923417,29.250574131771938],[77.31718370062298,29.24896351812563],[77.31617027994851,29.247628283762293],[77.31713980886752,29.246047124560075],[77.31746641404354,29.245057014067278],[77.31723736969296,29.243257064924375],[77.3175045465913,29.23866488728304],[77.31697991997967,29.236605588639712],[77.3184018589973,29.23520258229243],[77.31911406501483,29.233537996185053],[77.31750673297192,29.231232970619107],[77.31506638946983,29.229922604617112],[77.31393246269263,29.230626330798987],[77.3134387034451,29.230222550375544],[77.31316865002137,29.230346606271738],[77.31146129593792,29.231690918033973],[77.3099543568946,29.23150595930474],[77.30751147308429,29.232320136837707],[77.30641860679712,29.232268183946704],[77.3040657347903,29.231641111239398],[77.3012679277046,29.231927341288642],[77.29902831252319,29.230995647993733],[77.2968762357212,29.229540563585424],[77.29650587280159,29.229626247014462],[77.29401200521826,29.227674899531806],[77.29294219809873,29.227812390866546],[77.29093366020741,29.229447328264083],[77.28953953003843,29.231486021497624],[77.28383451686759,29.236832773597925],[77.28140847135364,29.240501980222238],[77.28036158390536,29.240959597566565],[77.28344668948702,29.244546610446523],[77.28656056272793,29.247012455397282],[77.28658045310615,29.24938531802693],[77.28723862559856,29.250686242764502],[77.28957599565403,29.253057145973575],[77.28997211628318,29.2529534952583],[77.29048904837536,29.253282854146864],[77.29442860048255,29.25730495427558],[77.29517968106482,29.257541926889836],[77.29627000199835,29.258981016477307],[77.29938466637768,29.260501597301097],[77.30155550410107,29.262200168144695],[77.30279786416513,29.26205589727623],[77.30339710432163,29.26335289234163],[77.30381636615836,29.263731786865858],[77.31122454023719,29.261090886192274]]]}},{"type":"Feature","id":"64282","properties":{"name":"Salawatpur Kheri","source_code":"119485","source_subdistrict":"Baghpat","lgd_id":null,"lgd_name":null,"subdistrict":"Baghpat","status":"unlinked"},"geometry":{"type":"Polygon","coordinates":[[[77.32308926510981,28.907614921512586],[77.32235883664896,28.905254915686815],[77.32099758605521,28.902984963660018],[77.31828287980164,28.899853822107236],[77.31467091949258,28.90120197993402],[77.31418323028215,28.900841626968724],[77.31297178695907,28.90134117688739],[77.31070105835799,28.903231616983543],[77.30733548690755,28.904634052355135],[77.305598778615,28.906499850756617],[77.30341571634199,28.907855011971893],[77.3035086072937,28.909718038573544],[77.30656682705332,28.912821620032982],[77.30898709804066,28.914589596390908],[77.31102419913633,28.916451714893583],[77.31618771447506,28.91564953673201],[77.31812800136547,28.91494417405346],[77.3181550319397,28.914575692900236],[77.31903978905721,28.914204802718455],[77.319090944801,28.913601948204015],[77.31945439069166,28.913540953052667],[77.3192409862593,28.912833049286903],[77.31994882215847,28.91271073934548],[77.31988602142441,28.912089205278413],[77.32119171575013,28.91164149780231],[77.32089992217567,28.91103290289419],[77.32160665952154,28.910960875415547],[77.32111833363712,28.909745278475327],[77.32223818655405,28.909076443573795],[77.3217199469398,28.90836344109287],[77.32308926510981,28.907614921512586]]]}},{"type":"Feature","id":"64283","properties":{"name":"Gothra","source_code":"119531","source_subdistrict":"Khekada","lgd_id":null,"lgd_name":null,"subdistrict":"Khekada","status":"unlinked"},"geometry":{"type":"Polygon","coordinates":[[[77.30919877337153,28.824918566867293],[77.30925284817525,28.824181497301556],[77.30887994285364,28.82293407605696],[77.30793153140243,28.82187823625296],[77.30759381194491,28.820765578650132],[77.30804296482209,28.820253192210465],[77.30690409966513,28.815688692768433],[77.30580564628634,28.814529667405086],[77.3047416034477,28.810033457778587],[77.30228160369894,28.811065444449873],[77.3006307378218,28.809041648240626],[77.2997660435932,28.8089599654764],[77.29164783211463,28.813586173557688],[77.29214536858234,28.814349361937833],[77.29253163079593,28.815848657012946],[77.29249724463307,28.817424691313157],[77.29315778987444,28.82119289663243],[77.29317977436972,28.82193125298026],[77.2926986958144,28.822157927086685],[77.29253763961721,28.824302060671595],[77.29282656471152,28.826772473734692],[77.29317367735153,28.827449234796507],[77.2958644705314,28.8285178366321],[77.29670183667758,28.828548757517783],[77.29699436736594,28.8282350279367],[77.3000849367604,28.828002080219594],[77.30387356274456,28.826321653769586],[77.30610913722813,28.82599031802048],[77.30919877337153,28.824918566867293]]]}},{"type":"Feature","id":"64284","properties":{"name":"Singholi Taga","source_code":"119545","source_subdistrict":"Khekada","lgd_id":null,"lgd_name":null,"subdistrict":"Khekada","status":"unlinked"},"geometry":{"type":"Polygon","coordinates":[[[77.39007725650266,28.82848892784222],[77.38790359174978,28.819555857943936],[77.38669432833355,28.819100032832406],[77.38602075316408,28.819432860950325],[77.38430946117036,28.818851409245063],[77.38174739310894,28.819329442836207],[77.37668461687636,28.8196322751912],[77.37533680673889,28.819425675115603],[77.37509658113895,28.81907790308217],[77.37265213943789,28.81894553372915],[77.37135776537359,28.819813203513306],[77.36551692766805,28.824916517065134],[77.36611122212182,28.829219950119878],[77.37002644373578,28.835003572652095],[77.37041116323253,28.83482540484023],[77.37249922703006,28.83516159654857],[77.37348023252517,28.834708091103284],[77.37495131693561,28.834497423470726],[77.3755002986308,28.834657375824754],[77.37903164489067,28.834295957429937],[77.38075901575007,28.834575818698067],[77.3826130163783,28.834270718701884],[77.38773816052907,28.830580795345142],[77.39007725650266,28.82848892784222]]]}},{"type":"Feature","id":"64285","properties":{"name":"Abdullapur","source_code":"119517","source_subdistrict":"Khekada","lgd_id":null,"lgd_name":null,"subdistrict":"Khekada","status":"unlinked"},"geometry":{"type":"Polygon","coordinates":[[[77.25575863833699,28.841168850029778],[77.2553006593436,28.839483801013877],[77.25593345932573,28.839293389843224],[77.25667554833349,28.838467513506373],[77.2566466010388,28.837192343826036],[77.25791610527408,28.835771705894967],[77.25791459308218,28.834547318197252],[77.25644736186457,28.831989575435063],[77.25340352366821,28.828381643111438],[77.25306145048154,28.827486838274258],[77.25223561223525,28.826935944715704],[77.2523755681031,28.82663644526187],[77.25154862424677,28.826135845065732],[77.25156199395357,28.82553226992629],[77.25061562833707,28.825264425472863],[77.2507278175339,28.823639430565237],[77.249026488133,28.82265279413524],[77.24861703707667,28.822740548587475],[77.24749132774919,28.82322902012511],[77.24659245718121,28.824235990298618],[77.24643218124352,28.82522181124907],[77.24598674258161,28.82589125371513],[77.24448542831713,28.826325838715665],[77.24379428396462,28.82628685101493],[77.2437818378188,28.830308641127115],[77.24349223320418,28.83157660560258],[77.24216005366866,28.834776647313543],[77.24285426769981,28.84160017987766],[77.24409956379307,28.84162162974939],[77.24493762058228,28.84197460511976],[77.2488390384777,28.842204226000305],[77.25575863833699,28.841168850029778]]]}},{"type":"Feature","id":"64286","properties":{"name":"Norozpur Aima","source_code":"119526","source_subdistrict":"Khekada","lgd_id":null,"lgd_name":null,"subdistrict":"Khekada","status":"unlinked"},"geometry":{"type":"Polygon","coordinates":[[[77.32699314445833,28.838802160519734],[77.32656878236078,28.8363966948025],[77.32367381695306,28.829320834085035],[77.3222578797771,28.830504735060366],[77.31844381306175,28.832487053691224],[77.31637462177454,28.833928301275584],[77.31600759706336,28.835045868303673],[77.31547754559271,28.83577494239852],[77.31266038654739,28.838327302068627],[77.31224527231424,28.839024749618435],[77.3128032254895,28.840526813594252],[77.31375888346324,28.84213617751587],[77.31376413057461,28.842773592436913],[77.31313954988157,28.843467520533046],[77.31529197388949,28.845231129399803],[77.31708136742802,28.844405781420825],[77.32140465711349,28.841794726017984],[77.32166399928224,28.842134501287386],[77.32282276927442,28.841399161567303],[77.32333616273334,28.84144129380443],[77.32699314445833,28.838802160519734]]]}},{"type":"Feature","id":"64287","properties":{"name":"Hazurabad Garhi","source_code":"119386","source_subdistrict":"Baraut","lgd_id":null,"lgd_name":null,"subdistrict":"Baraut","status":"unlinked"},"geometry":{"type":"Polygon","coordinates":[[[77.4198876832976,29.037343987353943],[77.4219026277393,29.036345008788288],[77.41945963641156,29.03362230888033],[77.41731215775383,29.029888957920996],[77.41587311596923,29.026451250241063],[77.41513155040235,29.02570004750443],[77.41493924986537,29.02487895089265],[77.4123008412868,29.025751372249612],[77.40956482460595,29.027004997892956],[77.40822507008286,29.027302456813967],[77.40527313844875,29.029045347150976],[77.4040437789051,29.02927965373479],[77.39921046435148,29.03129483902866],[77.3980809824052,29.03189227349439],[77.39808845136923,29.032490004406466],[77.3973902031773,29.03275817879174],[77.3981390106749,29.034452416472607],[77.4000065574727,29.037042267094595],[77.40176739393254,29.03679689716655],[77.40326613029488,29.03720106211948],[77.40357661461033,29.037636485708706],[77.40416167203377,29.037886962056227],[77.40769573137376,29.038692997798467],[77.41130199109838,29.038357718391936],[77.41318073392519,29.038804592009484],[77.41400463182687,29.038538652672543],[77.41448190427047,29.039136433789885],[77.41435858025469,29.039707111408227],[77.41484872760459,29.04011314029909],[77.41535188721645,29.040065882704834],[77.41874805227987,29.037519803215012],[77.4198876832976,29.037343987353943]]]}},{"type":"Feature","id":"64288","properties":{"name":"Poothi Brahmnan","source_code":"119418","source_subdistrict":"Baghpat","lgd_id":null,"lgd_name":null,"subdistrict":"Baghpat","status":"unlinked"},"geometry":{"type":"Polygon","coordinates":[[[77.27692694120124,28.984527147292866],[77.278348285003,28.98232954846324],[77.27799206818226,28.981183278953345],[77.27677150557696,28.979452207398946],[77.27650556283874,28.977670277338092],[77.27520217320865,28.97623960074662],[77.27402033056661,28.976219499563303],[77.27323079392532,28.975703022664103],[77.27024015171452,28.9764234365529],[77.26600713851795,28.97900062413978],[77.26428190178918,28.979407148745224],[77.26458801572764,28.9802256235951],[77.26542992354729,28.980961016547248],[77.26370816715593,28.983798945276725],[77.2628519847404,28.984572415133805],[77.2679481079792,28.988700421423136],[77.27604523874335,28.984730145169266],[77.27692694120124,28.984527147292866]]]}},{"type":"Feature","id":"64289","properties":{"name":"Saroorpur Kalan","source_code":"119397","source_subdistrict":"Baghpat","lgd_id":null,"lgd_name":null,"subdistrict":"Baghpat","status":"unlinked"},"geometry":{"type":"Polygon","coordinates":[[[77.22278546232415,29.04076583566653],[77.22637143549144,29.044205828601292],[77.2267714046795,29.042183864693634],[77.22785853052073,29.040613060919892],[77.2279138914079,29.039286504579174],[77.22708567520012,29.03723878184023],[77.22776799101565,29.036638203188083],[77.2322948811807,29.035250096159356],[77.23238745808068,29.035448517033394],[77.23296768516529,29.03547970832702],[77.236426770809,29.034290684278456],[77.24291346340381,29.031605856347394],[77.24503322616638,29.03116660003753],[77.24601834109731,29.030565733791466],[77.24870278996333,29.03009890715215],[77.24940541138766,29.02957311101562],[77.25571947792011,29.028454806373524],[77.25790847337743,29.02884594118623],[77.25804887397113,29.03012719600194],[77.26271372707409,29.026892246539973],[77.26208822337388,29.02541458897599],[77.26266869440244,29.02435694883702],[77.26240745871588,29.02332151280034],[77.26188425536733,29.022732640831258],[77.26213332557722,29.02236955241443],[77.26119220860552,29.02096395518939],[77.26086672975907,29.020018720207858],[77.25965369914864,29.01836497018941],[77.25914384633211,29.016896314660325],[77.25943225867441,29.014877677453274],[77.25916672597461,29.01219572368433],[77.2593185376232,29.011368002052677],[77.25791339849795,29.00949301108224],[77.25756183849488,29.00938908533817],[77.25557759084703,29.010946914254237],[77.25512100838523,29.01068285908529],[77.25329281600226,29.008234746052405],[77.2528769280222,29.00864282639385],[77.25165091598649,29.007654336357806],[77.25095775825021,29.008384763261827],[77.25043875678546,29.00945820396584],[77.24564574168546,29.011774006842625],[77.2445412607856,29.010822851511854],[77.24328891306034,29.010972755025136],[77.24242183221938,29.011370387698946],[77.2417070209845,29.009922607100766],[77.2332346388277,29.012126095138353],[77.2308227898595,29.006880279393084],[77.22530226541747,29.009712998650922],[77.2203093738575,29.011520915556986],[77.21769641082821,29.012863341051386],[77.21987667486353,29.016078284842585],[77.21904551674224,29.01671046333901],[77.21946698389304,29.01732375622154],[77.22032383336328,29.016894627343824],[77.22106943073109,29.018522984526385],[77.22125778638737,29.023106927549176],[77.22282518868207,29.02523107040644],[77.2240162759172,29.025388203636172],[77.2242372054687,29.02569483197845],[77.22425331048298,29.026493417037905],[77.22384286679481,29.026805063616827],[77.2236489436829,29.028276020293482],[77.22299214425631,29.02862831800885],[77.22257234629357,29.0300588693336],[77.22153571040474,29.03052879861655],[77.22187839113248,29.03542380300242],[77.22292796304205,29.038360315783393],[77.22379078515641,29.03867108718228],[77.22278546232415,29.04076583566653]]]}},{"type":"Feature","id":"64290","properties":{"name":"Muzaffarpur Kambala","source_code":"119383","source_subdistrict":"Baraut","lgd_id":null,"lgd_name":null,"subdistrict":"Baraut","status":"unlinked"},"geometry":{"type":"Polygon","coordinates":[[[77.42098576574017,29.040154582792585],[77.42078830460468,29.03881705053496],[77.4198876832976,29.037343987353943],[77.41874805227987,29.037519803215012],[77.41535188721645,29.040065882704834],[77.41484872760459,29.04011314029909],[77.41435858025469,29.039707111408227],[77.41448190427047,29.039136433789885],[77.41400463182687,29.038538652672543],[77.41318073392519,29.038804592009484],[77.41130199109838,29.038357718391936],[77.40769573137376,29.038692997798467],[77.40367156228935,29.0376951344006],[77.4030552458434,29.038696467174326],[77.40253321680692,29.041518066786576],[77.40204518705637,29.04264347995105],[77.40149064562836,29.043060577344242],[77.39993499997364,29.043495544327662],[77.39904706956337,29.042938090077648],[77.39806658245223,29.04300780222726],[77.39705530375673,29.042770647201287],[77.39642415976394,29.04218626944964],[77.39214059710832,29.04136835171056],[77.39002373246463,29.039743605089907],[77.38828646610983,29.03886332772246],[77.3879399380786,29.038942204084734],[77.38720547378293,29.039796802001227],[77.38686805271225,29.04226650347051],[77.38707549162312,29.0433266601844],[77.38844990760036,29.04626846748392],[77.38932771958355,29.04630036205862],[77.39249896694942,29.04952015140195],[77.39343819285926,29.050179122709853],[77.39511953958772,29.050314979385742],[77.39552490665136,29.050673756752946],[77.3958509858966,29.050606175846315],[77.39700319225167,29.05157640639729],[77.39757572389712,29.051402911447017],[77.39817876025158,29.05176846381718],[77.39902857483291,29.05156572736386],[77.39931598218112,29.051784619218502],[77.39995778146498,29.051511861354804],[77.40043521306659,29.051678830605695],[77.40395225806225,29.050836167364995],[77.40420373748196,29.051057310596157],[77.40498410960413,29.05090182022804],[77.40727684464365,29.04954682049367],[77.40949237464315,29.048683352644186],[77.41136146637079,29.04722886094007],[77.41165162481046,29.04670791256074],[77.41328189450539,29.045332316926622],[77.41321783832967,29.044863126342776],[77.41366708357543,29.044511301998725],[77.4135387677423,29.044206813849634],[77.41461188173086,29.043413024341515],[77.41452989351593,29.042718310823407],[77.41701986411306,29.0418322055658],[77.41875768997912,29.040765555980293],[77.42098576574017,29.040154582792585]]]}},{"type":"Feature","id":"64291","properties":{"name":"Lohadda","source_code":"119308","source_subdistrict":"Baraut","lgd_id":null,"lgd_name":null,"subdistrict":"Baraut","status":"unlinked"},"geometry":{"type":"Polygon","coordinates":[[[77.30364852208906,29.110235279895715],[77.30373858150095,29.10886609673053],[77.304144447134,29.10782862245682],[77.30369008947693,29.104830902186933],[77.30224691760083,29.10222791970705],[77.30147394384116,29.101429376321995],[77.29912137277044,29.101902913387132],[77.2979451350479,29.101859917141816],[77.29524606859854,29.101214507948814],[77.29204083914811,29.101394544507595],[77.29169677414549,29.101173422291613],[77.28951384186045,29.100900160231543],[77.28860463016682,29.101060146528933],[77.28288450463084,29.100841860160774],[77.28124983371042,29.101231832107036],[77.2806087265502,29.101086234765148],[77.28107857341529,29.105238149563505],[77.28140193991098,29.105930726072813],[77.28282188996533,29.107011455063418],[77.28367374913401,29.11024153904862],[77.28657334197557,29.110792537201835],[77.29345931210052,29.11121993652666],[77.29641057461818,29.110990218567938],[77.2989148872672,29.110521296277977],[77.30244905062567,29.11047873485225],[77.30364852208906,29.110235279895715]]]}},{"type":"Feature","id":"64292","properties":{"name":"Johri","source_code":"119312","source_subdistrict":"Baraut","lgd_id":null,"lgd_name":null,"subdistrict":"Baraut","status":"unlinked"},"geometry":{"type":"Polygon","coordinates":[[[77.3557479952699,29.106808881906126],[77.35451637271977,29.103383100848927],[77.35454436579015,29.102771814881645],[77.3529790203331,29.09953784098358],[77.35035548846412,29.09574930844207],[77.3462782727301,29.090758884394695],[77.34451869057567,29.0890608505795],[77.34402530239508,29.088165470247326],[77.34012645814747,29.08514397105969],[77.33912260674506,29.08564715065627],[77.33774902435854,29.086605991336825],[77.33704572218737,29.087738468275806],[77.33705883785316,29.08884589252966],[77.33607036739691,29.08979121610851],[77.33707247566053,29.092213468278143],[77.33674640204124,29.092666920827288],[77.33592216600884,29.093093401480914],[77.33694735394435,29.095026178229237],[77.33622841940753,29.09594654378349],[77.33674801069623,29.09931853667739],[77.3365915298287,29.09981485559254],[77.33527672591917,29.10057068238282],[77.33624550215043,29.102925243540522],[77.3362507580507,29.10346659140283],[77.33548817212888,29.104211051884306],[77.335768475424,29.1058124443792],[77.33513676054336,29.106333678353344],[77.33568683573246,29.10791241483996],[77.33466474970133,29.108758423790757],[77.33521723634821,29.109789157252386],[77.33439281737462,29.110436609842356],[77.33491443195189,29.11141320628901],[77.33405925162693,29.111661423043152],[77.33387692483062,29.111936673388765],[77.33413648200998,29.11260652978541],[77.3338822902564,29.113077929764394],[77.33409831550914,29.114397387688868],[77.33369771005427,29.114595957520596],[77.33401137681861,29.116305669917324],[77.335141393945,29.115516004342286],[77.33803594554597,29.11438090837869],[77.34268996403749,29.113789027196],[77.34332686433913,29.113400853082542],[77.34648063238714,29.11239867700447],[77.34764911801345,29.111863728668343],[77.34780822120183,29.111545640728007],[77.35074068456603,29.109487828322862],[77.35484420839411,29.10753771849625],[77.3557479952699,29.106808881906126]]]}},{"type":"Feature","id":"64293","properties":{"name":"Osika","source_code":"119322","source_subdistrict":"Baraut","lgd_id":null,"lgd_name":null,"subdistrict":"Baraut","status":"unlinked"},"geometry":{"type":"Polygon","coordinates":[[[77.30414359654193,29.050298124517482],[77.30309120801984,29.049553665775633],[77.30000369835403,29.045421261642087],[77.29976762614137,29.044000233463237],[77.29823048751281,29.041771567235443],[77.29881576795879,29.041257341535044],[77.29862581604179,29.04094603189555],[77.29423995189248,29.03680431216108],[77.2902714768361,29.039061553087166],[77.28939864766541,29.039934368878587],[77.28698574240484,29.040779753168493],[77.28367913720716,29.043226409263493],[77.28286549639466,29.043266801628402],[77.27993643333369,29.04444810619948],[77.2795846535835,29.04466224072714],[77.27942536478857,29.04512238723802],[77.27758211385112,29.045985814848507],[77.27327969106692,29.04693200180153],[77.27293065533209,29.046812302303323],[77.27230484384393,29.045589580317024],[77.2689211589659,29.046928413029796],[77.26740150699226,29.04718276195692],[77.26820974864197,29.04802212406957],[77.26964872654655,29.050546586828382],[77.27167663174764,29.050574227619066],[77.27486161343847,29.052336756194208],[77.27704849490968,29.05292154314154],[77.27771552025224,29.054166838646275],[77.28198348649929,29.057679778344752],[77.28283602880276,29.05688377653277],[77.2840734111987,29.05650735053966],[77.28469208856723,29.056593179465125],[77.28578322656936,29.056115168952953],[77.28632736532964,29.056379218267722],[77.28804493538628,29.055765945778813],[77.28843782485025,29.055285640282108],[77.2891951598478,29.054994742989457],[77.28969311895663,29.05516174859991],[77.29040691245429,29.0547197706888],[77.29285825925392,29.055453276828747],[77.29346683347568,29.054851105240473],[77.29618549254069,29.053840931871267],[77.29824962158189,29.052359226085674],[77.29931495366183,29.051921755659297],[77.2995511275625,29.05214280692711],[77.29997725054022,29.05202558683826],[77.30048555467212,29.051689556609382],[77.30078587123229,29.05189711060594],[77.30414359654193,29.050298124517482]]]}},{"type":"Feature","id":"64294","properties":{"name":"Sherpur","source_code":"119267","source_subdistrict":"Baraut","lgd_id":null,"lgd_name":null,"subdistrict":"Baraut","status":"unlinked"},"geometry":{"type":"Polygon","coordinates":[[[77.24384081892384,29.178811338423987],[77.24246123959324,29.17663367496286],[77.24133462617792,29.17555199438197],[77.24174534164338,29.17515468669415],[77.24056711386352,29.173770852472163],[77.24041746531529,29.173148441793003],[77.23729795032621,29.16781903021735],[77.23781169617686,29.167521018703784],[77.237796047515,29.16728190281035],[77.23749754329327,29.166831060536012],[77.23753819032083,29.16634838468684],[77.2367043901871,29.164973174722704],[77.23735670685048,29.164557758013395],[77.23673612043252,29.160290975030012],[77.23717278404482,29.160132781252997],[77.23685869607866,29.159496981769315],[77.23731079652113,29.159320722506763],[77.23706350138741,29.15863978622164],[77.2375464203142,29.158486053507197],[77.23791079069612,29.157908396228937],[77.23743713053867,29.15698856239693],[77.2380844536078,29.156776065201434],[77.23718372074364,29.15519795095136],[77.23611464960018,29.155000271452657],[77.2345050968982,29.153837590360578],[77.2337129065667,29.152913442399125],[77.23139632233888,29.154087835906566],[77.2305232698589,29.154733512585704],[77.22970719561665,29.155902323349697],[77.22829970157778,29.156534821849647],[77.22739022072338,29.156670711105622],[77.22376194274014,29.156411401914646],[77.22429220590048,29.157642599079388],[77.22183652155915,29.158600430554934],[77.22295391192503,29.161306230163802],[77.22142298083118,29.162060443483995],[77.22110923670776,29.16166365196594],[77.21983022612754,29.162526054533643],[77.22079788263599,29.164487601288233],[77.22137900948428,29.164956384341487],[77.2205571743521,29.165556873728868],[77.22139560391356,29.166471969356422],[77.22115486016216,29.16748707175943],[77.22290955195746,29.17020596640048],[77.2249118363598,29.173971094007275],[77.22867761427528,29.17813203184576],[77.22998999374376,29.180129384456265],[77.23028318434896,29.18044935264349],[77.230668701918,29.180363436120572],[77.23097205709738,29.18058872029814],[77.23166155049368,29.181400167631516],[77.2321909693456,29.1814268914908],[77.23601361858856,29.185456690779194],[77.2369280500839,29.18677812993095],[77.23882367960563,29.1837406911354],[77.24027243066789,29.182932226494582],[77.24182355970176,29.181686135864656],[77.24384081892384,29.178811338423987]]]}},{"type":"Feature","id":"64295","properties":{"name":"Mujaffarpur Kanwara","source_code":"119344","source_subdistrict":"Baraut","lgd_id":null,"lgd_name":null,"subdistrict":"Baraut","status":"unlinked"},"geometry":{"type":"Polygon","coordinates":[[[77.43336252805643,29.18769291038778],[77.4297823066934,29.18334866493757],[77.43077448942367,29.182487109674312],[77.43031188767343,29.181866767215872],[77.4307771132914,29.18137060737962],[77.43378428389579,29.17901596309434],[77.43749301306998,29.17709421852471],[77.43937947631218,29.17648745030106],[77.44387197109461,29.176329455510974],[77.44545515593818,29.175963955412364],[77.44571549483527,29.1750068167689],[77.44753919967917,29.173360917053202],[77.44752631740073,29.17247226732428],[77.44571427572606,29.17065894659417],[77.44523358042971,29.16901242237398],[77.44298992570396,29.16736146710062],[77.44298724435225,29.165981083766095],[77.44188473658126,29.165184951440626],[77.44188128632774,29.164646969875168],[77.4412243591691,29.16458044081487],[77.43827166035646,29.16622484997666],[77.43573775584524,29.168401410575697],[77.43383343977675,29.169400576616464],[77.43063902250485,29.17002301933864],[77.42761941595725,29.16899208807057],[77.42438093295787,29.172546486640123],[77.42430115542268,29.17335850184652],[77.42323441875979,29.17457186584967],[77.42380738601408,29.17559598076472],[77.42325185909095,29.17854612377212],[77.42164799887956,29.179181985392294],[77.42057368871015,29.17899243115547],[77.42103346270787,29.18122769190728],[77.42262152126985,29.183756365450765],[77.42366239295532,29.18455042288438],[77.4257696862855,29.186954949243646],[77.42752255963929,29.188301655038757],[77.42959925149167,29.19047165014922],[77.43336252805643,29.18769291038778]]]}},{"type":"Feature","id":"64296","properties":{"name":"Fauladnagar","source_code":"119340","source_subdistrict":"Baraut","lgd_id":null,"lgd_name":null,"subdistrict":"Baraut","status":"unlinked"},"geometry":{"type":"Polygon","coordinates":[[[77.44513467532083,29.186016916411493],[77.44515766888917,29.18386284272781],[77.44443786369575,29.182505088543987],[77.44504433762675,29.18116972074631],[77.44492337736895,29.179270593775996],[77.44563528057293,29.178093154300846],[77.44521878915417,29.176784938939427],[77.44551943103143,29.17590082444268],[77.44387197109461,29.176329455510974],[77.43937947631218,29.17648745030106],[77.43749301306998,29.17709421852471],[77.43378428389579,29.17901596309434],[77.43207250377267,29.18024967247985],[77.43031188767343,29.181866767215872],[77.43077448942367,29.182487109674312],[77.42981829070125,29.18317501860779],[77.42986450539442,29.183483969243166],[77.43336252805643,29.18769291038778],[77.43413874006266,29.187374928402445],[77.43487643201154,29.187911758821844],[77.43818203607348,29.19123419856644],[77.44024606975421,29.189461316671512],[77.44131271891372,29.189310145348674],[77.44444341435863,29.18770403945545],[77.44513467532083,29.186016916411493]]]}},{"type":"Feature","id":"64297","properties":{"name":"Dhikana","source_code":"119302","source_subdistrict":"Baraut","lgd_id":null,"lgd_name":null,"subdistrict":"Baraut","status":"unlinked"},"geometry":{"type":"Polygon","coordinates":[[[77.23250481835132,29.07990630220629],[77.23207563670206,29.078367656290034],[77.2318653523961,29.07276463072277],[77.23013006373624,29.06735192437944],[77.23034425032843,29.065515650460803],[77.2280878974641,29.063126000929778],[77.22635653745448,29.062166174023044],[77.22411253896604,29.062163099538303],[77.22308066028373,29.062497611994928],[77.22153093349763,29.063734798072133],[77.21968977832266,29.066884992861578],[77.21673235054412,29.067432659578905],[77.21420638369617,29.068196587607606],[77.20871838888523,29.070595282740456],[77.20702437677885,29.071570659005488],[77.20834564239608,29.0738122086267],[77.20845993734851,29.075679907862863],[77.20799420172592,29.078003541756928],[77.20751169021696,29.078382710620183],[77.20749684074875,29.07924439619302],[77.20697841276777,29.079605612348427],[77.20805354309388,29.082307411216927],[77.20675890439509,29.082924699258403],[77.20762340509161,29.084161848400825],[77.20736692399024,29.084577030662842],[77.20734195070317,29.085623696330412],[77.2081545416131,29.087364640451415],[77.20972201056946,29.089451765258747],[77.21320888866288,29.08790764723784],[77.21581670522815,29.08622796814986],[77.21665881811724,29.08597482638926],[77.21804556016383,29.086023632776982],[77.22034560351264,29.084767992871157],[77.22281036338416,29.084247673228024],[77.22504878456027,29.083181563096876],[77.22610155019365,29.083072631248715],[77.229956652419,29.080706064131327],[77.23182018189846,29.079865663476962],[77.23250481835132,29.07990630220629]]]}},{"type":"Feature","id":"64298","properties":{"name":"Gurana","source_code":"119316","source_subdistrict":"Baraut","lgd_id":null,"lgd_name":null,"subdistrict":"Baraut","status":"unlinked"},"geometry":{"type":"Polygon","coordinates":[[[77.31496441094426,29.085713005345784],[77.31327983631742,29.08386571392702],[77.31266104411462,29.082855284774176],[77.31270212495727,29.081030461890048],[77.31298968853241,29.080498211651165],[77.31224505338677,29.07840731269333],[77.31201910824217,29.07650585935049],[77.3113669281828,29.075535918284164],[77.31031421229989,29.07463148913188],[77.30854520100804,29.074038158160377],[77.30807013421031,29.074238909940462],[77.30751563957683,29.073744962537198],[77.306645214837,29.073911847718364],[77.30547704132884,29.07327567861177],[77.30365916073589,29.073864336374246],[77.3029890669393,29.07371538702406],[77.29848531911236,29.075781104417555],[77.29571218780168,29.07645972782804],[77.2933908765766,29.077652658170162],[77.29074604313303,29.078597358204423],[77.29049952498245,29.078728126226274],[77.29060982676909,29.07915220271312],[77.2884374630998,29.079690880217644],[77.28690703504104,29.079749241693342],[77.28652442441599,29.08004242495794],[77.28644721945038,29.080874727188924],[77.28348870244977,29.0827552177283],[77.28288290920617,29.08198147587082],[77.28036884773587,29.08268466086101],[77.28132131911434,29.083395354696716],[77.28202168320823,29.08544127243464],[77.28204199695554,29.086345798791516],[77.28356147028256,29.08877314946948],[77.28541053901158,29.08808552648686],[77.2867175420654,29.08837447373753],[77.28727210510226,29.088812200237296],[77.28874875457545,29.088250787972477],[77.28908250497565,29.08868844278381],[77.2908004505795,29.088783463775595],[77.29249496610429,29.09049346887983],[77.29387136034673,29.090660513622932],[77.29531210916068,29.089778804339147],[77.2994800005607,29.088448485457953],[77.30008083729945,29.088843222269364],[77.30038898905863,29.088753077906546],[77.30092048794779,29.08930797265624],[77.30070212742338,29.089826691935645],[77.30078175886342,29.09050112088508],[77.30021929758331,29.091001856848667],[77.30071992962098,29.091962759852606],[77.30160323996925,29.09220192065674],[77.30428435182806,29.091575010045272],[77.30762784832298,29.090298551649624],[77.31132064409043,29.087303216218338],[77.31217317431567,29.086191222830003],[77.31496441094426,29.085713005345784]]]}},{"type":"Feature","id":"64299","properties":{"name":"Latifpur Sabha Kheri","source_code":"119315","source_subdistrict":"Baraut","lgd_id":null,"lgd_name":null,"subdistrict":"Baraut","status":"unlinked"},"geometry":{"type":"Polygon","coordinates":[[[77.30071992962098,29.091962759852606],[77.30021929758331,29.091001856848667],[77.30078175886342,29.09050112088508],[77.30070212742338,29.089826691935645],[77.30092048794779,29.08930797265624],[77.30038898905863,29.088753077906546],[77.30008083729945,29.088843222269364],[77.2994800005607,29.088448485457953],[77.29531210916068,29.089778804339147],[77.29387136034673,29.090660513622932],[77.29249496610429,29.09049346887983],[77.2908004505795,29.088783463775595],[77.28908250497565,29.08868844278381],[77.28874875457545,29.088250787972477],[77.28727210510226,29.088812200237296],[77.2867175420654,29.08837447373753],[77.28541053901158,29.08808552648686],[77.28356147028256,29.08877314946948],[77.2855378654677,29.092310281725094],[77.28574824402872,29.09316741469644],[77.28477483158126,29.09348753100966],[77.28599408885849,29.09587188797008],[77.28786881366398,29.095522640386484],[77.28796639560399,29.09577975526737],[77.28823088976874,29.095768551893443],[77.2905037906115,29.095155413706998],[77.29110213431295,29.0954735061811],[77.29299223992741,29.095088068351412],[77.29483372342156,29.094353008087687],[77.2968216379606,29.092756373713048],[77.29979029222693,29.091728129677065],[77.30071992962098,29.091962759852606]]]}},{"type":"Feature","id":"64300","properties":{"name":"Fakharpur Shaikhpura","source_code":"119367","source_subdistrict":"Baraut","lgd_id":null,"lgd_name":null,"subdistrict":"Baraut","status":"unlinked"},"geometry":{"type":"Polygon","coordinates":[[[77.42889486381675,29.09315899125719],[77.42421592151082,29.093201471853774],[77.42342492748774,29.09299838850747],[77.4227573519954,29.09237132877661],[77.42261099081762,29.09198784654803],[77.42339474462605,29.088232374482537],[77.42403942596452,29.08741143794215],[77.4250203645302,29.08671909064572],[77.4243965232705,29.085927281118106],[77.42484603154251,29.084831147943518],[77.4240526790972,29.083746130724577],[77.42156987550302,29.081991031202914],[77.41980590379853,29.081587121199675],[77.41955696008671,29.08114496250334],[77.41838618234564,29.08044331857303],[77.41588018285505,29.080161065178558],[77.4140004418113,29.080740429785898],[77.41265993957136,29.08152059884999],[77.41113735188007,29.081416559886247],[77.41000990314436,29.081887753591527],[77.40793274873535,29.08164145010576],[77.408048073933,29.082507612183363],[77.40875881947034,29.084176925533033],[77.40864511228366,29.086806837174912],[77.41004419799303,29.08827779981961],[77.41031626543081,29.0891100909546],[77.41014148308986,29.089777690367796],[77.40941454270202,29.09053995270975],[77.41007386746082,29.09278441072449],[77.40986558224863,29.09376100779358],[77.41014267802612,29.095046732860148],[77.41055595885425,29.095759566199725],[77.41195527424449,29.09659665210677],[77.41457712808638,29.097508334868106],[77.41586858093915,29.099064926043848],[77.41631808098907,29.099134862085815],[77.41823918650046,29.098361552972857],[77.42047349480025,29.09826256734406],[77.42276931879803,29.098817716784428],[77.42449011748602,29.097577309766145],[77.4275616948084,29.096826477923745],[77.42935941842546,29.09551153703383],[77.42938257819048,29.09471307722292],[77.42889486381675,29.09315899125719]]]}},{"type":"Feature","id":"64301","properties":{"name":"Pichokra","source_code":"119369","source_subdistrict":"Baraut","lgd_id":null,"lgd_name":null,"subdistrict":"Baraut","status":"unlinked"},"geometry":{"type":"Polygon","coordinates":[[[77.39192685388994,29.10217392589319],[77.39422615375703,29.10026193032053],[77.3950691798148,29.098617925086018],[77.39609920003083,29.098243801881875],[77.39609481250663,29.096448444940737],[77.39677075319081,29.094876504218654],[77.39761092210678,29.093990288508355],[77.39787345368579,29.092364149668736],[77.39870826103987,29.091716985713067],[77.39998468821186,29.091458015842953],[77.40022875657982,29.09117607538636],[77.39899402289068,29.089883324066125],[77.39937186703496,29.088663183018102],[77.39920518309154,29.088083461745118],[77.39649692118985,29.08600075562345],[77.39688750786462,29.085301652099602],[77.39548398924885,29.0825427059847],[77.39440296327645,29.082639363362016],[77.39258245559861,29.082356788286198],[77.39097489582115,29.082818669245103],[77.38822216644388,29.08304318178],[77.38272568902046,29.08566657047934],[77.3813382953737,29.087082496794007],[77.37850011650174,29.088389550502836],[77.37704857887341,29.08956853637205],[77.37496845093933,29.093965949474516],[77.37540152041565,29.095605999645503],[77.37818829369105,29.099385228999868],[77.37920748024852,29.09997889035482],[77.3810563746823,29.100410559428624],[77.38426279054782,29.10301920554858],[77.38464166115732,29.10537418803931],[77.38500332210977,29.106217951268167],[77.38826388937599,29.10338393490008],[77.39002613380923,29.102459705167654],[77.39192685388994,29.10217392589319]]]}},{"type":"Feature","id":"64302","properties":{"name":"Binauli","source_code":"119368","source_subdistrict":"Baraut","lgd_id":null,"lgd_name":null,"subdistrict":"Baraut","status":"unlinked"},"geometry":{"type":"Polygon","coordinates":[[[77.41195527424449,29.09659665210677],[77.41055595885425,29.095759566199725],[77.40993991238165,29.094388076705876],[77.41007386746082,29.09278441072449],[77.40941454270202,29.09053995270975],[77.41014148308986,29.089777690367796],[77.41031626543081,29.0891100909546],[77.41004419799303,29.08827779981961],[77.40864511228366,29.086806837174912],[77.40875881947034,29.084176925533033],[77.408048073933,29.082507612183363],[77.40796386773614,29.080389637267185],[77.40749941081819,29.079482813648173],[77.4071194674167,29.0792143283922],[77.40585613377058,29.07926365905625],[77.40364773415645,29.079729973466566],[77.40316008976144,29.079233692124212],[77.40271850910759,29.079192901339162],[77.40184006236044,29.07995058100575],[77.40073594391626,29.079970550707202],[77.39769539826281,29.08103891438589],[77.39723570232009,29.081318457269827],[77.39688874779657,29.081967950958568],[77.39548398924885,29.0825427059847],[77.39688750786462,29.085301652099602],[77.39649692118985,29.08600075562345],[77.39920518309154,29.088083461745118],[77.39937186703496,29.088663183018102],[77.39899402289068,29.089883324066125],[77.40022875657982,29.09117607538636],[77.39998468821186,29.091458015842953],[77.39870826103987,29.091716985713067],[77.39787345368579,29.092364149668736],[77.39761092210678,29.093990288508355],[77.39677075319081,29.094876504218654],[77.39609481250663,29.096448444940737],[77.39609920003083,29.098243801881875],[77.3950691798148,29.098617925086018],[77.39422615375703,29.10026193032053],[77.3921220882968,29.1019033085008],[77.39192685388994,29.10217392589319],[77.39225536715972,29.102537201866355],[77.3938963147531,29.102954981358263],[77.39689530573445,29.104936331221676],[77.39779126537923,29.105901933590005],[77.3984663139455,29.107129210366466],[77.39967558093211,29.10819639548891],[77.39939615263569,29.10683172337361],[77.39960687841574,29.10638967124697],[77.40079893900197,29.10560283432141],[77.40201638964115,29.10517680851112],[77.4038835718556,29.105350938546497],[77.4059279512578,29.105153021721975],[77.40673705930232,29.1048576639924],[77.410347034427,29.099305234271657],[77.41114333033102,29.098667107992306],[77.41195527424449,29.09659665210677]]]}},{"type":"Feature","id":"64303","properties":{"name":"Hilwari","source_code":"119321","source_subdistrict":"Baraut","lgd_id":null,"lgd_name":null,"subdistrict":"Baraut","status":"unlinked"},"geometry":{"type":"Polygon","coordinates":[[[77.31111787069835,29.075290110999823],[77.31314880326413,29.07506225521148],[77.31301265486563,29.074162286430436],[77.31332081332151,29.07399759032338],[77.31339782705415,29.07363670655671],[77.31520274180463,29.072522472969215],[77.31450695396693,29.071162407505273],[77.3153875163517,29.070555555706047],[77.31509487301305,29.069639854406923],[77.31589587259076,29.068645106785187],[77.31780339393013,29.06758718609786],[77.31760050528642,29.066588009695323],[77.31828590640387,29.066159376337538],[77.31751819799588,29.064704605246387],[77.31819601285972,29.06419700905475],[77.31801883642403,29.06361965501078],[77.31760034412454,29.063619623289078],[77.31650913497491,29.0623565155019],[77.3140368765618,29.05898224685019],[77.31129254217595,29.057299602797837],[77.31022210956716,29.054883951276256],[77.31044028034353,29.054561359482378],[77.31003979113117,29.05406063493166],[77.31031707174044,29.0536343472006],[77.30850471068744,29.054290635781612],[77.30682597569132,29.052783911011396],[77.30497789189073,29.05014924964644],[77.30272662889087,29.050864193963182],[77.30078587123229,29.05189711060594],[77.30048555467212,29.051689556609382],[77.2995511275625,29.05214280692711],[77.29931495366183,29.051921755659297],[77.29895810179445,29.052039040997435],[77.29737672768346,29.052889220415377],[77.29618549254069,29.053840931871267],[77.29346683347568,29.054851105240473],[77.29272482558389,29.05549603438256],[77.29040691245429,29.0547197706888],[77.28969311895663,29.05516174859991],[77.2891951598478,29.054994742989457],[77.28843782485025,29.055285640282108],[77.28804493538628,29.055765945778813],[77.28632736532964,29.056379218267722],[77.28578322656936,29.056115168952953],[77.28469208856723,29.056593179465125],[77.2840734111987,29.05650735053966],[77.28283602880276,29.05688377653277],[77.28166248239991,29.0578782103326],[77.2792542697947,29.058800172977545],[77.27651409151605,29.061573766750225],[77.27544089020647,29.062024607022778],[77.27328630573908,29.063713467480596],[77.2741716770444,29.064676827464883],[77.27470272379213,29.065867915024906],[77.2763149231986,29.066069105526367],[77.27706950136381,29.06680912068902],[77.2779295058174,29.067030430105696],[77.27901238946282,29.06875620978125],[77.28019861230217,29.068372992664035],[77.28083774404624,29.068998002547815],[77.28231319001665,29.071761388698693],[77.28417173139525,29.073103799250315],[77.28630727863184,29.07559661157588],[77.28693877431297,29.07597799368675],[77.28705633678403,29.078526743727068],[77.28761830454242,29.079724604978324],[77.29060982676909,29.07915220271312],[77.29049952498245,29.078728126226274],[77.29074604313303,29.078597358204423],[77.2933908765766,29.077652658170162],[77.29571218780168,29.07645972782804],[77.29848531911236,29.075781104417555],[77.3029890669393,29.07371538702406],[77.30365916073589,29.073864336374246],[77.30547704132884,29.07327567861177],[77.306645214837,29.073911847718364],[77.30751563957683,29.073744962537198],[77.30807013421031,29.074238909940462],[77.30893285730156,29.074123954271588],[77.31031421229989,29.07463148913188],[77.31111787069835,29.075290110999823]]]}},{"type":"Feature","id":"64304","properties":{"name":"Bijwara","source_code":"119374","source_subdistrict":"Baraut","lgd_id":null,"lgd_name":null,"subdistrict":"Baraut","status":"unlinked"},"geometry":{"type":"Polygon","coordinates":[[[77.35743256737707,29.082761837048807],[77.35850314905741,29.0824276626147],[77.3594172950222,29.08252429493041],[77.35996178983862,29.082891756816885],[77.36175657344751,29.08258661905911],[77.36441677607294,29.08269607290171],[77.3704167367385,29.080979404136762],[77.37378216839994,29.07961547856816],[77.37453106163883,29.07833242224411],[77.37389509539386,29.077012668003682],[77.37451409877283,29.076672365373668],[77.3744353608159,29.075253564463623],[77.37471533496206,29.074992042064597],[77.37483653470686,29.074098911567372],[77.3746663223171,29.071123677460964],[77.3740742306379,29.069458859786966],[77.37521467951133,29.068548122212096],[77.37417606410322,29.066601079748317],[77.37343779880368,29.066098023146736],[77.3728029526664,29.06495022184071],[77.37094301481524,29.06281955462879],[77.36953124074566,29.058710497200476],[77.36898652883731,29.05788067251588],[77.36918410359172,29.057670876999026],[77.36970785620301,29.057675159603406],[77.36908347707103,29.0567257757244],[77.36943228708414,29.056105402013923],[77.36685807420244,29.05244562863092],[77.36155743338817,29.053000370332455],[77.36142124228635,29.05265977914824],[77.3604637655183,29.052594703797546],[77.3583589926411,29.053136828023877],[77.35845668462294,29.05330600829782],[77.35772511696135,29.053556587676066],[77.35755846600689,29.053827290168574],[77.35565498820577,29.050873130485446],[77.35442314394999,29.051604319299713],[77.34936676381005,29.053189293303838],[77.34813717560584,29.053261825985338],[77.34355844911275,29.05620424605831],[77.34301175189374,29.056355425960863],[77.34367173386632,29.057347765184293],[77.34374911826828,29.05851617097771],[77.34525666975975,29.060469100215713],[77.34534692613934,29.061743496334465],[77.34595860971226,29.063730435270458],[77.34539197383775,29.065938859228346],[77.34556835643383,29.071537120691758],[77.34514763095164,29.072613102489143],[77.34407456024023,29.073114075981966],[77.34416740202062,29.074190031572833],[77.33867578507659,29.075968623472864],[77.33729708392833,29.076117707685228],[77.33756946166484,29.076877829297786],[77.33795853011355,29.082566243528326],[77.33864925989484,29.082642787181534],[77.33897306602913,29.08356975499929],[77.34333781950437,29.081892958808574],[77.34418817836864,29.083322799815452],[77.34519449250615,29.082693222736925],[77.34552587499931,29.08304052432839],[77.34585709882136,29.08286001742186],[77.34626543515519,29.083107943456344],[77.34670724595928,29.08361986424604],[77.34788828350082,29.083080517375837],[77.34821951918845,29.083274363731846],[77.34877155094715,29.08309374351381],[77.34919538984157,29.083495180738772],[77.3499604564183,29.08325363570895],[77.35068464282718,29.083420327680702],[77.35090544333622,29.083142839868685],[77.35285665164328,29.082463276356325],[77.35328318364367,29.08311499086971],[77.3547003011763,29.08243566759056],[77.35596888560224,29.08280289088209],[77.35680332287029,29.082498109463348],[77.35743256737707,29.082761837048807]]]}},{"type":"Feature","id":"64305","properties":{"name":"Sirsal Darkaoda","source_code":"119372","source_subdistrict":"Baraut","lgd_id":null,"lgd_name":null,"subdistrict":"Baraut","status":"unlinked"},"geometry":{"type":"Polygon","coordinates":[[[77.39548398924885,29.0825427059847],[77.39688874779657,29.081967950958568],[77.39723570232009,29.081318457269827],[77.39769539826281,29.08103891438589],[77.40073594391626,29.079970550707202],[77.40184006236044,29.07995058100575],[77.40271850910759,29.079192901339162],[77.40316008976144,29.079233692124212],[77.40350660411083,29.079657749754276],[77.4038660401709,29.079734515873046],[77.40550953978864,29.079286102433006],[77.4071194674167,29.0792143283922],[77.40784077361889,29.079929418312236],[77.40793274873535,29.08164145010576],[77.40847447437432,29.081828763975118],[77.41000990314436,29.081887753591527],[77.41113735188007,29.081416559886247],[77.41265993957136,29.08152059884999],[77.4140004418113,29.080740429785898],[77.41588018285505,29.080161065178558],[77.41776736404304,29.080269554491508],[77.41955696008671,29.08114496250334],[77.41980590379853,29.081587121199675],[77.42156987550302,29.081991031202914],[77.42217842034815,29.08234299288719],[77.42465092928319,29.08435292426517],[77.42399628752928,29.082895778989617],[77.41907507118245,29.076155618941993],[77.41816901800782,29.074285647734474],[77.41797190021258,29.07145487636445],[77.42004433823318,29.068040217654513],[77.42027052837582,29.06668912259481],[77.42266352860207,29.06489399350906],[77.42443285126109,29.06179502396357],[77.42506956730458,29.06128980505092],[77.42547011098317,29.06046655629948],[77.4266382136978,29.059798991420735],[77.42581184905356,29.057829822175098],[77.42031270946283,29.060028470051183],[77.41600356862176,29.054021223211272],[77.41533645989335,29.052564036314827],[77.41307291507916,29.050087040901044],[77.41491912664652,29.047024262705477],[77.41559947417845,29.046501072173218],[77.41623353608138,29.046525957326768],[77.42107490531976,29.044629697855765],[77.42098576574017,29.040154582792585],[77.41875768997912,29.040765555980293],[77.41701986411306,29.0418322055658],[77.41452989351593,29.042718310823407],[77.41461188173086,29.043413024341515],[77.4135387677423,29.044206813849634],[77.41366708357543,29.044511301998725],[77.41321783832967,29.044863126342776],[77.41328189450539,29.045332316926622],[77.41017268579829,29.048223345496062],[77.40683521790146,29.049772243806775],[77.40545400004613,29.05071701061277],[77.40438599269004,29.05105732698313],[77.40395225806225,29.050836167364995],[77.40043521306659,29.051678830605695],[77.39995778146498,29.051511861354804],[77.39931598218112,29.051784619218502],[77.39902857483291,29.05156572736386],[77.39817876025158,29.05176846381718],[77.39757572389712,29.051402911447017],[77.39700319225167,29.05157640639729],[77.39599218160298,29.050678411583867],[77.39552490665136,29.050673756752946],[77.39511953958772,29.050314979385742],[77.39330990497932,29.050118185517807],[77.39169839812386,29.048786794113962],[77.38932771958355,29.04630036205862],[77.3886372478204,29.04638812279257],[77.38832176681582,29.045839840297933],[77.38517884537492,29.048031137709767],[77.3856404620629,29.04891099089861],[77.38721566358751,29.050788201105497],[77.38772285836777,29.052935651167584],[77.38925140877303,29.05606920683136],[77.38855256998978,29.057327615402574],[77.38879604806208,29.058006623463044],[77.38814613914279,29.0590665378302],[77.3880404275449,29.06005666116043],[77.38873819889422,29.061159876974116],[77.38818579707095,29.06194912165474],[77.38818544990404,29.062831046759285],[77.38681127436433,29.064125276849143],[77.38603541650089,29.065356462242175],[77.3845893094868,29.06667992915161],[77.38301549265384,29.066708707250235],[77.38048185170906,29.06611211991718],[77.37731778035727,29.067876877827356],[77.37554087174877,29.068374618451678],[77.37422322109562,29.069291991235335],[77.37410227826382,29.069828734379726],[77.37439481673151,29.07008606355719],[77.37477626580599,29.071976412740142],[77.37483653470686,29.074098911567372],[77.37471533496206,29.074992042064597],[77.3744353608159,29.075253564463623],[77.37451409877283,29.076672365373668],[77.37389509539386,29.077012668003682],[77.3739488270772,29.077199902661963],[77.37453106163883,29.07833242224411],[77.37574513412474,29.07900741896556],[77.37727990579593,29.08031179356177],[77.37806988519051,29.081762465448485],[77.3794202909665,29.08225027947996],[77.3803083664417,29.082889018158674],[77.38272568902046,29.08566657047934],[77.38822216644388,29.08304318178],[77.39097489582115,29.082818669245103],[77.39258245559861,29.082356788286198],[77.39440296327645,29.082639363362016],[77.39548398924885,29.0825427059847]]]}},{"type":"Feature","id":"64306","properties":{"name":"Sadullapur","source_code":"119400","source_subdistrict":"Baghpat","lgd_id":null,"lgd_name":null,"subdistrict":"Baghpat","status":"unlinked"},"geometry":{"type":"Polygon","coordinates":[[[77.28951124546435,29.02961510141042],[77.28908013248844,29.02931051382043],[77.28761471862465,29.029481635322746],[77.28608817195672,29.027230325420565],[77.28432293145218,29.025854014656385],[77.28134804320081,29.027265431567788],[77.28037291713315,29.026974237165962],[77.27963880536286,29.027416118590352],[77.27872304055704,29.02604223991597],[77.2720646307787,29.02931332403856],[77.27224634329345,29.030653111002753],[77.27132207654063,29.031528084582124],[77.27187858137,29.0326875989701],[77.27143355211513,29.035283636076734],[77.27162018576774,29.03711971993534],[77.27318363782142,29.03621565530062],[77.27481353484539,29.0358462399821],[77.27550362640284,29.036877185732884],[77.27777537448807,29.035828992796517],[77.27788053824061,29.03611771383554],[77.27825791655472,29.036047849192933],[77.28000864118691,29.03509198410534],[77.28051435034013,29.034464994290964],[77.2816360334052,29.034169760692286],[77.28951124546435,29.02961510141042]]]}},{"type":"Feature","id":"64307","properties":{"name":"Jafarabad Nangla","source_code":"119413","source_subdistrict":"Baghpat","lgd_id":null,"lgd_name":null,"subdistrict":"Baghpat","status":"unlinked"},"geometry":{"type":"Polygon","coordinates":[[[77.30751041557718,29.013888622039964],[77.31281447860032,29.012357160529557],[77.31420269897966,29.01259403179393],[77.31579610825264,29.011775194023535],[77.3158884964324,29.010611260769455],[77.31559847019638,29.009210539471958],[77.31566264275618,29.008982789334468],[77.31601664704897,29.008903824310448],[77.3160859775565,29.00845723703348],[77.31581136082693,29.007144410950687],[77.31433841139244,29.003675336318942],[77.31330961277943,29.00450317681474],[77.31185987252215,29.004981353411008],[77.3067743419607,29.00594898754647],[77.30520401922217,29.005481993460418],[77.30422911589106,29.0044240540818],[77.30163017293752,29.002414111630852],[77.29982644713014,29.00161098337075],[77.29954420787402,29.001694422288665],[77.29811234077245,29.003058934509063],[77.29802500529382,29.003701772843556],[77.29741420200897,29.004743749877054],[77.29693670010147,29.006778268143556],[77.29785756066872,29.009015952750474],[77.29779595015641,29.009554981214645],[77.29913005288284,29.010797956704696],[77.29997139388523,29.013222758195433],[77.30351517082899,29.012314035726984],[77.30398735250445,29.012541909198454],[77.3046492933292,29.013381059389467],[77.30562442375252,29.01313745973735],[77.30634546824145,29.013714943654442],[77.30714094819758,29.013507460948592],[77.30751041557718,29.013888622039964]]]}},{"type":"Feature","id":"64308","properties":{"name":"Karam Alipur","source_code":"119414","source_subdistrict":"Baghpat","lgd_id":null,"lgd_name":null,"subdistrict":"Baghpat","status":"unlinked"},"geometry":{"type":"Polygon","coordinates":[[[77.33026353247584,29.013431818530297],[77.32848485823564,29.011016320035864],[77.32819496208286,29.011072727766688],[77.32722234860938,29.010134526060497],[77.32641151184876,29.01008497447098],[77.32630877769509,29.009843711033653],[77.32656024723573,29.00955270728916],[77.32585700094096,29.00831673010504],[77.32627256100474,29.007782037044663],[77.3271039552095,29.007612824228367],[77.32647505407645,29.006194089636857],[77.32729607203065,29.005727119927073],[77.32726511325951,29.00492415499745],[77.32808097663218,29.004400713185227],[77.32808088833279,29.003737610453882],[77.32884540328828,29.00319616411538],[77.32810129596578,29.00260298550888],[77.32899262514297,29.002045125759004],[77.32849275326765,29.000460672795356],[77.32733743313771,28.999200631238214],[77.3267244385471,28.999324546321162],[77.3261683869394,28.998577508702223],[77.32618141073172,28.997974100497302],[77.32295866074362,28.99530458843726],[77.32076277082625,28.996307476132554],[77.31948415804483,28.997225071745994],[77.31810023435085,28.999482281497773],[77.31688353393966,29.000005475196577],[77.31646544096775,29.001209998857384],[77.31433841139244,29.003675336318942],[77.31581136082693,29.007144410950687],[77.3160859775565,29.00845723703348],[77.31601664704897,29.008903824310448],[77.31566264275618,29.008982789334468],[77.31559847019638,29.009210539471958],[77.3158884964324,29.010611260769455],[77.31579610825264,29.011775194023535],[77.31744343777794,29.011292409574477],[77.3185160570035,29.011770570105487],[77.3222473781148,29.014440939637314],[77.32560427405042,29.01806534975223],[77.32647663291894,29.01769761612223],[77.32622514872605,29.01717206492315],[77.32693311916587,29.015509607100597],[77.33026353247584,29.013431818530297]]]}},{"type":"Feature","id":"64309","properties":{"name":"Jafarpur Odhapur","source_code":"119293","source_subdistrict":"Baraut","lgd_id":null,"lgd_name":null,"subdistrict":"Baraut","status":"unlinked"},"geometry":{"type":"Polygon","coordinates":[[[77.18473809029925,29.13767513670991],[77.18948467309221,29.1356207734003],[77.19048127882692,29.13538570512158],[77.19156511166439,29.134812379279673],[77.19421003678738,29.13271356196915],[77.19540180044946,29.132415330156196],[77.19339166975382,29.130205858220283],[77.19170105387117,29.12964722671135],[77.19017946952452,29.128118572365402],[77.18760899072002,29.125065733753424],[77.18739757772818,29.12347337777633],[77.18569232110676,29.124403343729682],[77.1840074485093,29.12492273700797],[77.18210675379788,29.125365636772656],[77.18067338804097,29.12544733639042],[77.17599910878002,29.127930059839162],[77.17440731960792,29.13001020650587],[77.17378642258419,29.131923105705255],[77.17375091346513,29.1332763734168],[77.17340202663313,29.134381681526442],[77.17245704713133,29.13561351549169],[77.17604995649488,29.138882791923844],[77.17635854578566,29.139460074701837],[77.17941032976736,29.138782399931653],[77.17954391182928,29.138931216715616],[77.18231294194713,29.137955762870245],[77.18473809029925,29.13767513670991]]]}},{"type":"Feature","id":"64310","properties":{"name":"Baranawa","source_code":"119364","source_subdistrict":"Baraut","lgd_id":null,"lgd_name":null,"subdistrict":"Baraut","status":"unlinked"},"geometry":{"type":"Polygon","coordinates":[[[77.426417417388,29.13667459258587],[77.42809230594756,29.138896391320166],[77.4294411114972,29.138425080627787],[77.43039682911702,29.139045397791893],[77.43324086569514,29.138355285589267],[77.43818647081235,29.135856144013488],[77.44111515608326,29.133550993479357],[77.44055759345821,29.131850324803924],[77.43999483479864,29.12838353754565],[77.43996653297548,29.126118989883107],[77.43950673328621,29.124791157312323],[77.43958879225922,29.12257620139644],[77.4414536053646,29.120194257240414],[77.4414535367236,29.119021405727285],[77.44276096895388,29.117776269347104],[77.4419029529996,29.116140980229197],[77.4405441156029,29.114830596547087],[77.44018962627479,29.112606622356903],[77.43956023677849,29.110876601160196],[77.43905164933155,29.11037590939159],[77.43504235966861,29.109175935612267],[77.43238660727499,29.10881274268216],[77.43047323049434,29.107838294378187],[77.4300366043167,29.107402883946502],[77.42966174062688,29.106360849387038],[77.43088450174308,29.102803855587567],[77.43072784779007,29.101793356964283],[77.43096161141116,29.100753544503565],[77.43120568642392,29.100101711116814],[77.43382021313147,29.09652000685276],[77.43464711464948,29.09438853585479],[77.43411555529173,29.09380201583412],[77.43282902825716,29.09385613769038],[77.43119314846935,29.09324936653804],[77.43022246404068,29.093431992891798],[77.42889486381675,29.09315899125719],[77.42938257819048,29.09471307722292],[77.42935941842546,29.09551153703383],[77.4275616948084,29.096826477923745],[77.42449011748602,29.097577309766145],[77.42276931879803,29.098817716784428],[77.42047349480025,29.09826256734406],[77.4188324236184,29.098330034343416],[77.41772298612682,29.098492296163318],[77.41609720774557,29.09914166285462],[77.41457712808638,29.097508334868106],[77.41195527424449,29.09659665210677],[77.41114333033102,29.098667107992306],[77.410347034427,29.099305234271657],[77.40673705930232,29.1048576639924],[77.4059279512578,29.105153021721975],[77.4038835718556,29.105350938546497],[77.40169793967809,29.105217390043432],[77.39960687841574,29.10638967124697],[77.39936263500616,29.10709561966908],[77.39967558093211,29.10819639548891],[77.399354414247,29.10850979997444],[77.39852146794087,29.110656898894216],[77.39828485826561,29.111425935255653],[77.39843874236844,29.112283153921382],[77.39764941368165,29.114145974302986],[77.39831173382915,29.1152310487847],[77.39926696854478,29.116101984865008],[77.3994489925555,29.117056167733256],[77.39929975968266,29.117710206679828],[77.39864690208351,29.118889715375904],[77.39670189676306,29.120023697877908],[77.39692263543895,29.120531214038177],[77.39664746800145,29.121419865378353],[77.39560416436004,29.122396139564454],[77.39578505815065,29.12605629705386],[77.39622144656863,29.126877475319006],[77.39917441060993,29.130198511814363],[77.39932560735905,29.13142328986859],[77.39916618721271,29.131761576226044],[77.40022378658374,29.13394747549057],[77.40073169966072,29.136315925164183],[77.4014557092493,29.137646935459774],[77.40488495232134,29.139219860981584],[77.4057944633161,29.1392652688139],[77.4064338699047,29.140233028165],[77.40744361229434,29.14013394914927],[77.40778267976506,29.140364162668643],[77.40836071047772,29.140350675356295],[77.40930600577613,29.14102080912864],[77.40985085462438,29.140587827721244],[77.41247339970143,29.143333360338378],[77.41394825356147,29.142679552455043],[77.41461090015815,29.14377807006511],[77.41630443798083,29.141802513141272],[77.41765371787913,29.13941178993378],[77.41928285453136,29.137625610458656],[77.42034409370545,29.13673253684057],[77.42216569225397,29.13577642150198],[77.42319062050858,29.13641934354493],[77.42521248790017,29.137015012569023],[77.426417417388,29.13667459258587]]]}},{"type":"Feature","id":"64311","properties":{"name":"Bijrol","source_code":"119306","source_subdistrict":"Baraut","lgd_id":null,"lgd_name":null,"subdistrict":"Baraut","status":"unlinked"},"geometry":{"type":"Polygon","coordinates":[[[77.3227940526243,29.138142354270084],[77.3274104662491,29.13595850369227],[77.33070880072265,29.133456637208834],[77.3295600282499,29.131406501475734],[77.32867836760653,29.12779775950196],[77.32790487554912,29.12630240948222],[77.32684888497421,29.12499271944907],[77.32563340402314,29.121886972407022],[77.32571033597372,29.120998339912123],[77.32639105383772,29.120774944891533],[77.32655786261137,29.11999220829744],[77.32490342400587,29.11803007861338],[77.32269672228206,29.11614688794088],[77.32220603528623,29.115384524713257],[77.32129386523954,29.111710323161887],[77.32030505961637,29.11171718620059],[77.31977590627577,29.111036019152767],[77.31897961837811,29.111426296731953],[77.31766969132588,29.109567709127248],[77.31647019206795,29.110093308175337],[77.31629300536432,29.110447454700637],[77.31161840702129,29.111875271866097],[77.31073740681383,29.112987288584755],[77.30898570307313,29.113751880427923],[77.3054666200786,29.115777263745095],[77.30361969240067,29.117195928849704],[77.30280008353985,29.120112230390696],[77.30316480919711,29.120935593306875],[77.30284359536938,29.121697930260403],[77.30374761976728,29.124483598379374],[77.302350165081,29.12490080624789],[77.30192366271035,29.12533992101017],[77.30254518386428,29.126661723906405],[77.30224184875662,29.1289443160654],[77.30242936482325,29.129551034467628],[77.30226231643884,29.129848771563648],[77.301085729731,29.13037426007045],[77.30148114728118,29.13181104043829],[77.30085169380565,29.132158376756095],[77.30040717258744,29.133216140600936],[77.29749870946776,29.13537667276327],[77.29790453126385,29.136445899623887],[77.29675597623317,29.137681794333115],[77.29710783205246,29.138311075202278],[77.29790419650486,29.13851641341952],[77.2984823539368,29.13831121179556],[77.30361244413307,29.14390544696881],[77.30737133637315,29.143966534321457],[77.30741496883769,29.143731895174103],[77.30896682766875,29.143280855854968],[77.30974532792614,29.1440026771602],[77.31097085832606,29.141537334208152],[77.31182640105722,29.14066443863276],[77.31404878409249,29.139453201218345],[77.31522543310079,29.138551012658063],[77.31625832401443,29.140723026164665],[77.31794884454241,29.14068685097495],[77.3192744051965,29.13914626457789],[77.32066431742939,29.138816874118547],[77.32235487125088,29.139100990150684],[77.3227940526243,29.138142354270084]]]}},{"type":"Feature","id":"64312","properties":{"name":"Acharaj Khera","source_code":"119281","source_subdistrict":"Baraut","lgd_id":null,"lgd_name":null,"subdistrict":"Baraut","status":"unlinked"},"geometry":{"type":"Polygon","coordinates":[[[77.32537866112602,29.138069869173172],[77.32505738950367,29.137188007625284],[77.32458982694438,29.137316598495627],[77.3227940526243,29.138142354270084],[77.32235487125088,29.139100990150684],[77.32066431742939,29.138816874118547],[77.3192744051965,29.13914626457789],[77.31827000980148,29.140526686911347],[77.31732968271682,29.14075230208829],[77.31625832401443,29.140723026164665],[77.31522543310079,29.138551012658063],[77.31404878409249,29.139453201218345],[77.31182640105722,29.14066443863276],[77.31097085832606,29.141537334208152],[77.30974532792614,29.1440026771602],[77.30896682766875,29.143280855854968],[77.30741496883769,29.143731895174103],[77.30737133637315,29.143966534321457],[77.30361244413307,29.14390544696881],[77.2984823539368,29.13831121179556],[77.29790419650486,29.13851641341952],[77.29710783205246,29.138311075202278],[77.29878012482526,29.140447321583682],[77.30117926085622,29.14453904368237],[77.30285414862637,29.14795183374348],[77.30538215569877,29.151666885741594],[77.30119381198472,29.153466536938936],[77.30219323611712,29.154711681165125],[77.30490927866555,29.153013409540574],[77.30556957272596,29.154389310734327],[77.31104784560559,29.152226399896104],[77.31126377210637,29.151635456806385],[77.31228893838625,29.15097906012472],[77.31203197592768,29.15067678946383],[77.31282338494904,29.150076873979305],[77.31282339895982,29.149682119145908],[77.31350165688113,29.149181399328175],[77.31730954478245,29.14803543190226],[77.31685470574439,29.147074621071983],[77.31748670900542,29.146736255277222],[77.31712187066775,29.14570325701295],[77.31708063691929,29.144773918696547],[77.31736328452978,29.14425290965684],[77.3171294397083,29.143371036091352],[77.32146348709686,29.140456645974076],[77.32179500887125,29.140767850365968],[77.32251173972028,29.140776783575664],[77.32430757856935,29.14027815458839],[77.3236985235349,29.13925419463273],[77.32537866112602,29.138069869173172]]]}},{"type":"Feature","id":"64313","properties":{"name":"Baoli","source_code":"119286","source_subdistrict":"Baraut","lgd_id":null,"lgd_name":null,"subdistrict":"Baraut","status":"unlinked"},"geometry":{"type":"Polygon","coordinates":[[[77.26039481785497,29.15369156794078],[77.26033590535735,29.15324952148839],[77.26149260909091,29.152395058614815],[77.26164161131439,29.152611705560712],[77.26193710625412,29.15246515016491],[77.26179079632041,29.152282461486603],[77.26213522018745,29.151892388986603],[77.26255913931465,29.15216092615995],[77.26670469177294,29.14988878598113],[77.2689712509527,29.149102380484933],[77.26974172256115,29.149871732279376],[77.27003219703185,29.149734241604563],[77.27079992035097,29.15085100360564],[77.27170661884936,29.151717338757102],[77.27199453468235,29.151577601736633],[77.272762393872,29.152410132100268],[77.27470033133358,29.150967135087374],[77.27542997759188,29.151226714093728],[77.27614706521231,29.150714894932893],[77.27607294256183,29.149467591005738],[77.27472267917902,29.145948577999366],[77.2744351580006,29.145488351717788],[77.2742321307656,29.14561908752348],[77.27377235329158,29.14512046314928],[77.27399082483525,29.144890544104104],[77.2728685362339,29.143613504021776],[77.27260128121856,29.14377357629165],[77.27147901540134,29.142449230501313],[77.2739435689308,29.14072452939307],[77.27378226930993,29.13911853573798],[77.27467693963497,29.137395554410755],[77.27401430078474,29.136903652303452],[77.27291233635138,29.13648374927617],[77.263198032111,29.137664737246578],[77.26001912759462,29.13943419172863],[77.25616469213196,29.140754373246263],[77.25150613470089,29.14163879830328],[77.24645179769684,29.142294305990866],[77.24502918321647,29.143030732263064],[77.2432766175098,29.142662153179742],[77.23786595168701,29.14261202434317],[77.23670470414173,29.142685066554627],[77.2349993493328,29.143358426433824],[77.23400655057722,29.142028341405933],[77.22975898779157,29.14420561540188],[77.23070074273922,29.14586040356801],[77.23148349617176,29.147916915385867],[77.23147867284302,29.148300319265086],[77.23095473006626,29.14842244019951],[77.23132547858526,29.149365004841684],[77.2342994513637,29.153639280859764],[77.23611464960018,29.155000271452657],[77.2379442709336,29.155174836711204],[77.23947014096515,29.15483538331156],[77.24001016797791,29.155322189466812],[77.24042609066953,29.154983528715043],[77.24076068802036,29.15553810660435],[77.24191117950573,29.15483362595895],[77.24321740367797,29.155901656661733],[77.24621212384284,29.154645336659502],[77.24980583624507,29.15372551409846],[77.25077701853911,29.153888339559774],[77.25140914400457,29.153732995014884],[77.25340036509309,29.15409703483404],[77.25398122603637,29.153889751526176],[77.2540503324214,29.154261950871245],[77.25480795781631,29.154981747144163],[77.25634709027494,29.155119971670924],[77.2566041437499,29.154946464654703],[77.25707675461763,29.155199257859625],[77.2572336517934,29.15494668213044],[77.2581995962964,29.155445559930516],[77.26039481785497,29.15369156794078]]]}},{"type":"Feature","id":"64314","properties":{"name":"Mangrauli","source_code":"119359","source_subdistrict":"Baraut","lgd_id":null,"lgd_name":null,"subdistrict":"Baraut","status":"unlinked"},"geometry":{"type":"Polygon","coordinates":[[[77.40328954810407,29.154850426284117],[77.40479039404678,29.15416741592701],[77.40245580371146,29.15087368985234],[77.40352491810616,29.150208629356687],[77.40175010851758,29.148164637130876],[77.40145976893488,29.148293109277574],[77.40064803536335,29.1477403106143],[77.40065847597549,29.147298159533516],[77.39958230600466,29.146258055726143],[77.3982957087579,29.14449165539588],[77.39829071480592,29.14407885582656],[77.39912597264379,29.143406911302737],[77.39854827889805,29.142400807409693],[77.39777583742642,29.140057049985035],[77.39584730509888,29.13750094824035],[77.39505613236435,29.13732477893069],[77.39123283469546,29.13840167863776],[77.38824153348085,29.140022343688987],[77.38414197509876,29.138338233614057],[77.38227702542115,29.1378141709803],[77.38158340785384,29.137759778110542],[77.38039089557127,29.13869527482467],[77.38022603972902,29.139459830139987],[77.38065182018856,29.140675801482985],[77.380207105074,29.141034245858823],[77.38054040972203,29.142471150614497],[77.38032179529364,29.14287031232977],[77.3807758734289,29.144160611107267],[77.38040310849857,29.144507855070184],[77.38059979190011,29.146544688115238],[77.38309858032592,29.148920785165004],[77.38544041382893,29.15180652589164],[77.38553011750908,29.1522058523163],[77.38517030679299,29.152483107650728],[77.38614375381674,29.15330679111549],[77.38662408004035,29.153611475269997],[77.38715355227635,29.153304901073525],[77.38825299806385,29.15397746926705],[77.38901635550808,29.153546929654187],[77.38958928656356,29.15351106303393],[77.39120754618868,29.15478366353522],[77.39185012653294,29.154470388531212],[77.39247223069512,29.15364737282119],[77.39304540900852,29.153327282482667],[77.39399558289634,29.15462896440304],[77.39614992451862,29.158581415089884],[77.4005116218244,29.155557930520573],[77.40181994690761,29.154333556390526],[77.4024161252045,29.154135244984776],[77.40328954810407,29.154850426284117]]]}},{"type":"Feature","id":"64315","properties":{"name":"Chhachharpur","source_code":"119283","source_subdistrict":"Baraut","lgd_id":null,"lgd_name":null,"subdistrict":"Baraut","status":"unlinked"},"geometry":{"type":"Polygon","coordinates":[[[77.29250096709441,29.154119645093576],[77.29234969028776,29.1526355068135],[77.2932852024082,29.15130030129586],[77.29263826515249,29.148009348197466],[77.29360191729978,29.147285485511272],[77.29390017803375,29.14635627502993],[77.2929652942402,29.14396746275636],[77.29392125553517,29.143297724767038],[77.29351558775183,29.141888002537165],[77.29826632952746,29.139817978540073],[77.29710783205246,29.138311075202278],[77.29619325263472,29.138035824725453],[77.29505011302312,29.13732290602118],[77.29438461477663,29.137726616992143],[77.29278187112321,29.135642263957084],[77.29185703324495,29.135779727983685],[77.29166436316827,29.135524787003288],[77.28816756803903,29.136620431518896],[77.28378703617682,29.137546602681613],[77.28211989394762,29.136700434591894],[77.27864894781284,29.137222905327945],[77.27806068238152,29.136828062520784],[77.27702787145984,29.1369179637222],[77.27467693963497,29.137395554410755],[77.27378226930993,29.13911853573798],[77.2739435689308,29.14072452939307],[77.27147901540134,29.142449230501313],[77.27260128121856,29.14377357629165],[77.2728685362339,29.143613504021776],[77.27399082483525,29.144890544104104],[77.27377235329158,29.14512046314928],[77.2742321307656,29.14561908752348],[77.2744351580006,29.145488351717788],[77.27472267917902,29.145948577999366],[77.27607294256183,29.149467591005738],[77.27614706521231,29.150714894932893],[77.28056786081773,29.154843628326613],[77.28215522521339,29.156822095919967],[77.28266928507524,29.156445578461945],[77.28589945169398,29.155704122985934],[77.28653658126512,29.156047139191255],[77.29250096709441,29.154119645093576]]]}},{"type":"Feature","id":"64316","properties":{"name":"Tabelagarhi","source_code":"119337","source_subdistrict":"Baraut","lgd_id":null,"lgd_name":null,"subdistrict":"Baraut","status":"unlinked"},"geometry":{"type":"Polygon","coordinates":[[[77.47994954913358,29.203477148345794],[77.48010263193333,29.196298500128226],[77.48065855806864,29.196142309728383],[77.48050132952581,29.195875032595453],[77.4807825654333,29.19507759632914],[77.48151798972036,29.194806021056504],[77.48145072931652,29.19398766489432],[77.48238598319132,29.19336575682986],[77.48211828864719,29.192521178647926],[77.47650024408895,29.192243345828345],[77.4749501682065,29.191887406461984],[77.47157973827683,29.190399658489703],[77.46854847666907,29.188081736102777],[77.4673786063402,29.186814332212787],[77.46593816575592,29.18342688622524],[77.46577336729646,29.182188606247696],[77.46289744694653,29.18302373657857],[77.46089826695535,29.1847315964274],[77.46139444451944,29.185408188723788],[77.45841080683732,29.187815288063405],[77.45669415207523,29.18960197132456],[77.4572111196394,29.19092812076702],[77.4549235197214,29.191943425134188],[77.45169527738382,29.19393097914004],[77.4496492955254,29.19475217642839],[77.45065967461714,29.19597912844443],[77.44892472478544,29.197578461654725],[77.44720520076716,29.199682978683004],[77.44902796238914,29.201428627214856],[77.45117724327994,29.202350877041344],[77.45216959878326,29.20249969072536],[77.45448379989665,29.205681879648907],[77.4544941891742,29.206699196126873],[77.45526829581229,29.207892195683737],[77.45458959326659,29.20807728237876],[77.4547464723758,29.208478782562104],[77.45577739457705,29.20824850524058],[77.4579212790573,29.207226447636433],[77.45904996529445,29.20778335449304],[77.460995893638,29.20675005927666],[77.46384001688531,29.20962081042574],[77.4655889057255,29.21184435861147],[77.46666631330365,29.21271023890888],[77.46771005345043,29.212405492018483],[77.47276828801226,29.208150281639632],[77.47638985132214,29.206110341097368],[77.47994954913358,29.203477148345794]]]}},{"type":"Feature","id":"64317","properties":{"name":"Kheri Chittam","source_code":"119334","source_subdistrict":"Baraut","lgd_id":null,"lgd_name":null,"subdistrict":"Baraut","status":"unlinked"},"geometry":{"type":"Polygon","coordinates":[[[77.39185139764,29.210389589422906],[77.39141212437764,29.209613473088506],[77.39117623706302,29.20820373436132],[77.3946144243554,29.20594479932614],[77.39371024523601,29.204146911889666],[77.393204873563,29.20153251509799],[77.3927580527319,29.200506168355627],[77.3930434627458,29.200379931763244],[77.39280717628938,29.19968738182195],[77.39409802454058,29.198812683783334],[77.39373374479176,29.197041952676468],[77.39356159397649,29.19685467570045],[77.3927389580194,29.196899516891413],[77.39030431159009,29.197620539017723],[77.39025810180866,29.197419724946112],[77.38895989176109,29.197608766117067],[77.38770300685762,29.197265458013554],[77.38450193909578,29.19856118742265],[77.38278738597236,29.198438675975744],[77.38336447962735,29.201019191506017],[77.38300695386457,29.201260441374647],[77.38336019273652,29.204167950387305],[77.38393006347394,29.205857537621867],[77.38546141588316,29.207574594023328],[77.38486410653917,29.20922994856268],[77.3861357099191,29.211303283691638],[77.3865648523375,29.21178158972811],[77.3871820394941,29.21154272742573],[77.38796860890795,29.211667051749448],[77.38913093446327,29.211182552271623],[77.38915423427875,29.210826162809344],[77.38986395443717,29.210533258533452],[77.3906018240857,29.210648530746596],[77.39185139764,29.210389589422906]]]}},{"type":"Feature","id":"64318","properties":{"name":"Kishanpur","source_code":"119274","source_subdistrict":"Baraut","lgd_id":null,"lgd_name":null,"subdistrict":"Baraut","status":"unlinked"},"geometry":{"type":"Polygon","coordinates":[[[77.27578194427645,29.21016837138525],[77.2769779363323,29.20866881012311],[77.27893232571061,29.207043061432334],[77.28054697302295,29.206680274714905],[77.28078339314226,29.206935203436633],[77.28155721548634,29.207073033277585],[77.28166750927441,29.20773392208364],[77.28272662907648,29.207885280874038],[77.28548787502606,29.207624137708162],[77.28731859297751,29.206582452297127],[77.28978424872328,29.205651354450936],[77.29431442631757,29.202825867980774],[77.29406274834317,29.20184019019799],[77.29362571550287,29.201797266718508],[77.29340995926108,29.200755186661084],[77.2956542975041,29.200207376426324],[77.29605523939627,29.200290835937864],[77.30023798657761,29.19809671429127],[77.30146934940771,29.198374204368257],[77.30208117434285,29.19822309501575],[77.30303477404614,29.198669760361966],[77.30326872964191,29.19834953494598],[77.30475962991551,29.199184169813595],[77.3072147001374,29.19797309676059],[77.31286498980486,29.19699877642628],[77.31075705028218,29.195618389297863],[77.30937158673359,29.193692128812607],[77.3075852941698,29.18909978292932],[77.30363181984237,29.190676235149187],[77.29934422750854,29.191611941004297],[77.29807695363428,29.191532885223065],[77.29794596502812,29.19128029857887],[77.29685608707842,29.191275611149866],[77.29656050928045,29.19078838419473],[77.29438069417265,29.191550473016697],[77.29399528630209,29.190348248859642],[77.28764078803124,29.191968968855008],[77.28686188385932,29.19200493379672],[77.28657931699107,29.191492887590016],[77.28472570184574,29.192726295594202],[77.28300852839065,29.19286798986526],[77.28050718686524,29.193697492948793],[77.27988756370529,29.194107843963348],[77.27817041480274,29.194337469378446],[77.27759699114115,29.194788461060202],[77.27750680776938,29.19553046774602],[77.27519531218344,29.19715383611099],[77.27316865648015,29.199835118564366],[77.27099847525032,29.200946404532935],[77.26857668326319,29.201620075105843],[77.27143255335365,29.208633437906414],[77.2728511328698,29.2099014328022],[77.27425976088236,29.210646133856482],[77.27494106493303,29.210707275225488],[77.27520087310305,29.210204336624603],[77.27578194427645,29.21016837138525]]]}},{"type":"Feature","id":"64319","properties":{"name":"Fatehpur Chak","source_code":"119272","source_subdistrict":"Baraut","lgd_id":null,"lgd_name":null,"subdistrict":"Baraut","status":"unlinked"},"geometry":{"type":"Polygon","coordinates":[[[77.30161460102674,29.210536007028768],[77.30229346464222,29.20969474823869],[77.30211096631855,29.20949400475021],[77.30299285519031,29.208472313211626],[77.30246328808599,29.20732647061333],[77.30552284485337,29.204940339634025],[77.3065074722261,29.20324189110161],[77.30610135153073,29.202398352296225],[77.30613998458375,29.201277344730812],[77.30553854887494,29.200242009363215],[77.30559251308293,29.19986991441652],[77.30510673193643,29.19942323478088],[77.30326872964191,29.19834953494598],[77.30303477404614,29.198669760361966],[77.30208117434285,29.19822309501575],[77.30146934940771,29.198374204368257],[77.30023798657761,29.19809671429127],[77.29605523939627,29.200290835937864],[77.2956542975041,29.200207376426324],[77.29340995926108,29.200755186661084],[77.29362571550287,29.201797266718508],[77.29406274834317,29.20184019019799],[77.29451237778966,29.203164261341378],[77.29571271293815,29.20438916279396],[77.2935067185205,29.20558197715833],[77.29743938980556,29.210508602534567],[77.29856009989084,29.212556650880238],[77.29915659757232,29.212412353051395],[77.30163768388579,29.21096684965194],[77.30161460102674,29.210536007028768]]]}},{"type":"Feature","id":"64320","properties":{"name":"Ibrahimpur Majra","source_code":"119271","source_subdistrict":"Baraut","lgd_id":null,"lgd_name":null,"subdistrict":"Baraut","status":"unlinked"},"geometry":{"type":"Polygon","coordinates":[[[77.32171903501789,29.206814404699355],[77.3224025632404,29.203681452503073],[77.32305812242387,29.203473897978668],[77.32278039358702,29.202788250632413],[77.32179582944605,29.202975561938377],[77.32027126673788,29.20159523934387],[77.31978280882942,29.201818585271667],[77.31944343733763,29.201284032727802],[77.3208726942707,29.20039078156305],[77.32037272330386,29.198398833492398],[77.3175101021912,29.197612111639646],[77.31592404143515,29.198266268608446],[77.31538166081833,29.19886628419318],[77.31478012264738,29.199116686266088],[77.31424796722008,29.198144491236505],[77.31286498980486,29.19699877642628],[77.31067994824122,29.197280670917454],[77.3064023711963,29.198223416147478],[77.30475962991551,29.199184169813595],[77.30567738429765,29.20002548739602],[77.30553854887494,29.200242009363215],[77.30613998458375,29.201277344730812],[77.30610135153073,29.202398352296225],[77.30650490598477,29.203541896489938],[77.30552284485337,29.204940339634025],[77.30246328808599,29.20732647061333],[77.30299285519031,29.208472313211626],[77.30211096631855,29.20949400475021],[77.30229346464222,29.20969474823869],[77.3019540730064,29.210163859208862],[77.30203881375678,29.21053607655922],[77.30339103528104,29.21242851764377],[77.30502348419337,29.213793189062642],[77.31135079923004,29.210254446773217],[77.3119061054179,29.210067256235],[77.31223257395705,29.210680781261345],[77.31503240888628,29.20983041156866],[77.31692455999816,29.20898004509817],[77.31889116453983,29.20748901658084],[77.32171903501789,29.206814404699355]]]}},{"type":"Feature","id":"64321","properties":{"name":"Dhikoli","source_code":"119490","source_subdistrict":"Baghpat","lgd_id":null,"lgd_name":null,"subdistrict":"Baghpat","status":"unlinked"},"geometry":{"type":"Polygon","coordinates":[[[77.37454739907395,28.91208912559078],[77.37546213443838,28.91029299117206],[77.37646217113188,28.908967798189938],[77.37697783456647,28.907114799277934],[77.37696313989107,28.906007749419782],[77.37815647361046,28.904551544381064],[77.37626216382613,28.899506298235373],[77.37868520245165,28.8984727012916],[77.37977638296556,28.89823901136386],[77.3833747609742,28.898398475449465],[77.38386653202103,28.898574211908805],[77.38487014609706,28.899781276522102],[77.38522664658653,28.895527503598863],[77.38432719902328,28.892997287744898],[77.38244991515528,28.890752938901034],[77.38086713941694,28.88990531048661],[77.37815714139059,28.887395717470646],[77.37730643438964,28.88617431579517],[77.37578479979709,28.885143156754218],[77.37460688622015,28.88587851419706],[77.37274605531293,28.886468493938363],[77.37279148087359,28.88702266264933],[77.37179314199133,28.887375225958937],[77.3710955229367,28.888822793908286],[77.3675539295692,28.89408077913353],[77.36242097997179,28.896193198544275],[77.3598191293953,28.8966701930179],[77.35557609581,28.897254207853074],[77.35285193939929,28.897209193479583],[77.35096061525304,28.897429466305717],[77.34986395252595,28.897025605384446],[77.34458253107418,28.900711381407017],[77.34494526036175,28.90246148122522],[77.3464762513681,28.904834657072726],[77.3460071812615,28.905380290972182],[77.34838377011985,28.909209654560357],[77.34884045767019,28.91191715075513],[77.3502015373817,28.91333156459264],[77.35320341278774,28.915561263730492],[77.35591341730516,28.91718237254992],[77.35685345363748,28.916896037315556],[77.35860360094517,28.917947855866355],[77.35909577158556,28.91810689939364],[77.35976799014766,28.917866439394835],[77.3602770747875,28.918126374985146],[77.36507032228538,28.916796666811898],[77.36596101090429,28.916140535660972],[77.37030112176906,28.91460198004964],[77.37135982672238,28.913210711649757],[77.37317349724844,28.91216721298377],[77.37454739907395,28.91208912559078]]]}},{"type":"Feature","id":"64322","properties":{"name":"Makarandpur Ogti","source_code":"119488","source_subdistrict":"Baghpat","lgd_id":null,"lgd_name":null,"subdistrict":"Baghpat","status":"unlinked"},"geometry":{"type":"Polygon","coordinates":[[[77.39193029398066,28.915660007046],[77.39385034533021,28.91317582810113],[77.39246231405754,28.912113516857918],[77.39320815860516,28.911085940576434],[77.3915872990725,28.910221063867176],[77.3911194656105,28.910716533418622],[77.390442760128,28.910269495228093],[77.3894139447734,28.910252726263607],[77.388037285617,28.90865392445334],[77.38690265348629,28.90823293958098],[77.38595076905032,28.90818386393359],[77.38539257140097,28.909348634123912],[77.38412948366147,28.909596322015627],[77.38400738899018,28.90996326088708],[77.38312391727646,28.910284220139662],[77.38272942719115,28.910915022590725],[77.38324449046988,28.9117954632317],[77.38248864829382,28.913292378993926],[77.3821957187024,28.91452854308776],[77.38384760074294,28.915729406566925],[77.38571118317807,28.91773864392687],[77.38643938698176,28.91936039909802],[77.38802438127095,28.91831301084952],[77.39021834502901,28.917309069606635],[77.39193029398066,28.915660007046]]]}},{"type":"Feature","id":"64323","properties":{"name":"Sikhera","source_code":"119486","source_subdistrict":"Baghpat","lgd_id":null,"lgd_name":null,"subdistrict":"Baghpat","status":"unlinked"},"geometry":{"type":"Polygon","coordinates":[[[77.37872156321211,28.91658468104235],[77.37454739907395,28.91208912559078],[77.37317349724844,28.91216721298377],[77.37135982672238,28.913210711649757],[77.37030112176906,28.91460198004964],[77.36596101090429,28.916140535660972],[77.36507032228538,28.916796666811898],[77.3602770747875,28.918126374985146],[77.36122409843537,28.92109341406283],[77.360719778622,28.92150433910958],[77.36189498580926,28.923603110021848],[77.36283255919746,28.923434087407227],[77.36321308470067,28.924362667583367],[77.36240602964058,28.924667997615657],[77.36348335006686,28.926890900610125],[77.36408901306739,28.926196559614446],[77.36489963696874,28.925723588438693],[77.36597630351592,28.925288527186947],[77.36788850500865,28.925001346243178],[77.36984114368846,28.925502965246512],[77.37199216189754,28.925638890258888],[77.37333343271935,28.925308737683785],[77.37616402382803,28.925757597457004],[77.3772740510309,28.92644654972531],[77.37811236201661,28.927365816111763],[77.37931103840684,28.92746928006147],[77.38005159383573,28.92670162519105],[77.37991439141021,28.92597830182318],[77.37770922154702,28.92389635680285],[77.37767945762977,28.921699080491642],[77.37900479279124,28.917612258359746],[77.37872156321211,28.91658468104235]]]}},{"type":"Feature","id":"64324","properties":{"name":"Goonga Kheri","source_code":"119282","source_subdistrict":"Baraut","lgd_id":null,"lgd_name":null,"subdistrict":"Baraut","status":"unlinked"},"geometry":{"type":"Polygon","coordinates":[[[77.30219323611712,29.154711681165125],[77.30119381198472,29.153466536938936],[77.30538215569877,29.151666885741594],[77.30285414862637,29.14795183374348],[77.30117926085622,29.14453904368237],[77.29826632952746,29.139817978540073],[77.29351558775183,29.141888002537165],[77.29392125553517,29.143297724767038],[77.2929652942402,29.14396746275636],[77.29390017803375,29.14635627502993],[77.29360191729978,29.147285485511272],[77.29263826515249,29.148009348197466],[77.2932852024082,29.15130030129586],[77.29234969028776,29.1526355068135],[77.29250096709441,29.154119645093576],[77.29334892409184,29.15426189388224],[77.2953066354208,29.156034937803703],[77.29602328531986,29.157379377037458],[77.29676835579723,29.15799747879565],[77.29973902547242,29.15647525698583],[77.30219323611712,29.154711681165125]]]}},{"type":"Feature","id":"64325","properties":{"name":"Rajpur Khampur","source_code":"119388","source_subdistrict":"Baghpat","lgd_id":null,"lgd_name":null,"subdistrict":"Baghpat","status":"unlinked"},"geometry":{"type":"Polygon","coordinates":[[[77.22176685873491,29.063450401975263],[77.22121183767801,29.060365846411653],[77.2140061878245,29.06120829091812],[77.21172681475636,29.062035230645574],[77.20321167477456,29.06003660161448],[77.20194770512003,29.058764998165923],[77.19743283437984,29.0564572848938],[77.19476210754205,29.055321540046936],[77.19384825292029,29.055529502275444],[77.19330884817677,29.0550560248234],[77.19264137063709,29.055142061639092],[77.19067952110372,29.054443640833064],[77.18793747245903,29.054169609684593],[77.18379915447997,29.05466296418215],[77.1824330293309,29.054077022448432],[77.18077949157893,29.053797882333495],[77.17701106527251,29.05479185484762],[77.17321142230048,29.054833643036048],[77.17062326471157,29.054072045807214],[77.17014581439369,29.05434285142798],[77.16982770472401,29.05512350155726],[77.16994751910919,29.05959447805139],[77.17028177995012,29.06103355037546],[77.17024166701403,29.063578061603852],[77.17196689902775,29.063153444709968],[77.17316816150918,29.062476373580484],[77.17542236614251,29.062065075702865],[77.17831852164612,29.06221295375897],[77.17980238682937,29.06182443195225],[77.18394155194683,29.062612375552018],[77.18614546385618,29.0646507416366],[77.1867880862335,29.06592723584654],[77.18987395622403,29.06539813634755],[77.1951018140952,29.06577923706725],[77.19829163008482,29.0672710792228],[77.20018234004795,29.0687589718129],[77.20351116235904,29.070611551234926],[77.20512920623514,29.071305449918572],[77.20637218960432,29.071525933143437],[77.20702437677885,29.071570659005488],[77.20871838888523,29.070595282740456],[77.21420638369617,29.068196587607606],[77.21673235054412,29.067432659578905],[77.21968977832266,29.066884992861578],[77.22176685873491,29.063450401975263]]]}},{"type":"Feature","id":"64326","properties":{"name":"Fatehpur Poothi","source_code":"119407","source_subdistrict":"Baghpat","lgd_id":null,"lgd_name":null,"subdistrict":"Baghpat","status":"unlinked"},"geometry":{"type":"Polygon","coordinates":[[[77.34367173386632,29.057347765184293],[77.34200231818795,29.054603130115755],[77.34172256127205,29.054697862942806],[77.34070619218866,29.055334245174475],[77.33933290732347,29.055814912299553],[77.338763316057,29.056836826695015],[77.33813186953599,29.057231706711864],[77.33521564037007,29.057187125040763],[77.33415027047515,29.05751885925014],[77.33353683216859,29.057997163698523],[77.33369871979106,29.05869635308572],[77.33302362255444,29.058917507312152],[77.33246155348537,29.05955817958745],[77.33158364243448,29.059822154941084],[77.3300152928576,29.060983981735113],[77.33054710323903,29.063063615550284],[77.33124051830416,29.064689791844852],[77.3319646691128,29.06567984121755],[77.33179032205727,29.06660919806777],[77.3324092728968,29.06800302758721],[77.33244277118968,29.06866615351366],[77.33343169701782,29.07059449364286],[77.33592547727673,29.07380374116547],[77.33729708392833,29.076117707685228],[77.33867578507659,29.075968623472864],[77.34416740202062,29.074190031572833],[77.34407456024023,29.073114075981966],[77.34514763095164,29.072613102489143],[77.34556835643383,29.071537120691758],[77.34539197383775,29.065938859228346],[77.34595860971226,29.063730435270458],[77.34534692613934,29.061743496334465],[77.34525666975975,29.060469100215713],[77.34374911826828,29.05851617097771],[77.34367173386632,29.057347765184293]]]}},{"type":"Feature","id":"64327","properties":{"name":"Hasanpur Jiwani","source_code":"119277","source_subdistrict":"Baraut","lgd_id":null,"lgd_name":null,"subdistrict":"Baraut","status":"unlinked"},"geometry":{"type":"Polygon","coordinates":[[[77.2981437048457,29.173073644967133],[77.29934407676046,29.171373095674355],[77.29949331412331,29.17006710376341],[77.30023627175964,29.16821760954784],[77.29980491991131,29.164902000525974],[77.2947396284397,29.166090044969444],[77.29176117921972,29.16613248648542],[77.2904352119341,29.16583231515967],[77.28784152436958,29.16884299793639],[77.28557968726311,29.17033122675559],[77.28779660216219,29.174319493616842],[77.28848750305926,29.17627736277397],[77.28987790111985,29.17627765079626],[77.29008081234336,29.176701750348986],[77.29158947670098,29.176862116252963],[77.29606686273051,29.174604898712847],[77.2981437048457,29.173073644967133]]]}},{"type":"Feature","id":"64328","properties":{"name":"Luhara","source_code":"119268","source_subdistrict":"Baraut","lgd_id":null,"lgd_name":null,"subdistrict":"Baraut","status":"unlinked"},"geometry":{"type":"Polygon","coordinates":[[[77.2369280500839,29.18677812993095],[77.23601361858856,29.185456690779194],[77.2321909693456,29.1814268914908],[77.23166155049368,29.181400167631516],[77.230668701918,29.180363436120572],[77.23028318434896,29.18044935264349],[77.22925420627647,29.17925480649849],[77.22867761427528,29.17813203184576],[77.2249118363598,29.173971094007275],[77.22290955195746,29.17020596640048],[77.22115486016216,29.16748707175943],[77.22139560391356,29.166471969356422],[77.2205571743521,29.165556873728868],[77.22137900948428,29.164956384341487],[77.22079788263599,29.164487601288233],[77.21983022612754,29.162526054533643],[77.22110923670776,29.16166365196594],[77.22142298083118,29.162060443483995],[77.22295391192503,29.161306230163802],[77.22183652155915,29.158600430554934],[77.21909798742787,29.159337386658002],[77.21705281498554,29.159491942684376],[77.21515695809795,29.16014261885558],[77.21369313500948,29.16123511926442],[77.21320975463368,29.160874503230026],[77.21265475104671,29.16086578391711],[77.21244421922185,29.161177141743185],[77.21199697349621,29.160992482862508],[77.21133981378138,29.161800269838245],[77.20736826812579,29.1633405740453],[77.20648997175051,29.164098847564745],[77.2041060897302,29.16527743516334],[77.19971281878662,29.166700489972047],[77.19964816648597,29.170187390978086],[77.20037654324263,29.17627194612741],[77.20216720504219,29.17950517879755],[77.20227574353206,29.180353191174884],[77.20088827662576,29.18093573640916],[77.19953664209356,29.181148351549375],[77.20065283306364,29.182478419126898],[77.20098265514915,29.183219029767578],[77.2023286459282,29.18283399486132],[77.20321784609165,29.182833538960548],[77.20391673032869,29.182589548277615],[77.20463086575474,29.181975735372227],[77.20562828597426,29.182403783477117],[77.20621936939489,29.182326817572182],[77.2082236447796,29.181928814601253],[77.20820803845007,29.181667156596415],[77.20921523054368,29.18128323650269],[77.2113175187493,29.18135871545458],[77.21323436409345,29.180820922234744],[77.21445888211869,29.182457510113363],[77.22109919865248,29.181772466765814],[77.22181374476516,29.181889313689965],[77.22340671590385,29.181387588188397],[77.22485753551823,29.182947353850007],[77.22704143753083,29.182318971466845],[77.22827417967055,29.18124457806751],[77.23361916369062,29.186369526645407],[77.23363581267017,29.187763340904777],[77.23498341851554,29.188772696729423],[77.23562623142527,29.189110585171626],[77.23564124394967,29.1886820180994],[77.2369280500839,29.18677812993095]]]}},{"type":"Feature","id":"64329","properties":{"name":"Kasampur Kheri","source_code":"119276","source_subdistrict":"Baraut","lgd_id":null,"lgd_name":null,"subdistrict":"Baraut","status":"unlinked"},"geometry":{"type":"Polygon","coordinates":[[[77.3075852941698,29.18909978292932],[77.30397464547944,29.17854154645413],[77.30331168449509,29.177244564534778],[77.3008574717544,29.174754246552286],[77.29940032728032,29.17365568971252],[77.2981437048457,29.173073644967133],[77.29606686273051,29.174604898712847],[77.29158947670098,29.176862116252963],[77.29008081234336,29.176701750348986],[77.28998327939829,29.176324979974154],[77.2895129630697,29.176232447094876],[77.28634140037826,29.17659276617951],[77.28540110451517,29.175203213804906],[77.28228342623203,29.175949112365675],[77.28140489192697,29.174194068366383],[77.27759322553041,29.175127007476107],[77.2770144594293,29.17664033350387],[77.2772610934927,29.17697867363003],[77.27513492139244,29.17881410170406],[77.2745692650364,29.1796688523886],[77.27468481367478,29.17994173078163],[77.27278747454744,29.18129901785087],[77.27277657641014,29.182886937335486],[77.27436645153422,29.185932401961427],[77.27514005474575,29.186230285136983],[77.27543769597656,29.18752960017963],[77.27592842947202,29.188104864991857],[77.28062531135318,29.18567238528765],[77.2806690636527,29.18534978866774],[77.28298262393051,29.18453157717713],[77.28329357752456,29.184786491135036],[77.28360464069868,29.184561072824096],[77.28419302372744,29.18515657098143],[77.28455035353066,29.18493110975863],[77.2857273390891,29.185770443213045],[77.2861104451409,29.185484009045023],[77.28897850614108,29.187406308416367],[77.28983423203701,29.188371789619925],[77.29089053772674,29.188568145747816],[77.29150729245217,29.189344180015844],[77.29218585943582,29.189305950488922],[77.29384107539013,29.190183616204344],[77.29438069417265,29.191550473016697],[77.29656050928045,29.19078838419473],[77.29685608707842,29.191275611149866],[77.29972204161922,29.1915623900279],[77.30363181984237,29.190676235149187],[77.3075852941698,29.18909978292932]]]}},{"type":"Feature","id":"64330","properties":{"name":"Jhundpur","source_code":"119342","source_subdistrict":"Baraut","lgd_id":null,"lgd_name":null,"subdistrict":"Baraut","status":"unlinked"},"geometry":{"type":"Polygon","coordinates":[[[77.46577336729646,29.182188606247696],[77.46572923156188,29.180454124307747],[77.46632752943307,29.178629329427036],[77.46843177033477,29.17618830000886],[77.46748065858334,29.17559536609126],[77.46655023334287,29.17537447906345],[77.46565877868821,29.176752822469982],[77.46509632635944,29.17819427300223],[77.46388831517436,29.17825309800746],[77.46159604713623,29.179469334119457],[77.46036508157295,29.17982140838627],[77.45820377027957,29.18106001018234],[77.45428689133043,29.18184102311185],[77.45242107370773,29.182971227949007],[77.45015196694358,29.18578415189766],[77.44759715010423,29.18730009099971],[77.44942771594144,29.190304294427328],[77.44837386548039,29.191120890316043],[77.44875196976619,29.192830594857156],[77.4496492955254,29.19475217642839],[77.45169527738382,29.19393097914004],[77.4549235197214,29.191943425134188],[77.4572111196394,29.19092812076702],[77.45669415207523,29.18960197132456],[77.45841080683732,29.187815288063405],[77.46139444451944,29.185408188723788],[77.46089826695535,29.1847315964274],[77.46289744694653,29.18302373657857],[77.46577336729646,29.182188606247696]]]}},{"type":"Feature","id":"64331","properties":{"name":"Biral","source_code":"119275","source_subdistrict":"Baraut","lgd_id":null,"lgd_name":null,"subdistrict":"Baraut","status":"unlinked"},"geometry":{"type":"Polygon","coordinates":[[[77.29399528630209,29.190348248859642],[77.29218585943582,29.189305950488922],[77.29150729245217,29.189344180015844],[77.29089053772674,29.188568145747816],[77.28983423203701,29.188371789619925],[77.28897850614108,29.187406308416367],[77.2861104451409,29.185484009045023],[77.2857273390891,29.185770443213045],[77.28455035353066,29.18493110975863],[77.28419302372744,29.18515657098143],[77.28360464069868,29.184561072824096],[77.28329357752456,29.184786491135036],[77.28298262393051,29.18453157717713],[77.2806690636527,29.18534978866774],[77.28062531135318,29.18567238528765],[77.27592842947202,29.188104864991857],[77.27543769597656,29.18752960017963],[77.27514005474575,29.186230285136983],[77.27436645153422,29.185932401961427],[77.27277657641014,29.182886937335486],[77.27278747454744,29.18129901785087],[77.27079781297608,29.182114986279128],[77.26915019169559,29.182376127153326],[77.26639410404472,29.18416606751388],[77.26597739171415,29.184813256937563],[77.26630866081291,29.185555482130923],[77.26606179572043,29.185733568871587],[77.26818331908262,29.18957997587467],[77.27102235403987,29.192695715251627],[77.27199074617454,29.194448528482074],[77.27200058795206,29.195621417692955],[77.27120359541384,29.195955036316732],[77.27177111606838,29.197495738524704],[77.27189659146836,29.198725024444954],[77.26781395233746,29.199819898576948],[77.26776498768733,29.200040942677607],[77.26841759363026,29.20077422015734],[77.26857668326319,29.201620075105843],[77.27099847525032,29.200946404532935],[77.27316865648015,29.199835118564366],[77.27519531218344,29.19715383611099],[77.27750680776938,29.19553046774602],[77.27759699114115,29.194788461060202],[77.27817041480274,29.194337469378446],[77.27988756370529,29.194107843963348],[77.28050718686524,29.193697492948793],[77.28300852839065,29.19286798986526],[77.28472570184574,29.192726295594202],[77.28657931699107,29.191492887590016],[77.28686188385932,29.19200493379672],[77.28764078803124,29.191968968855008],[77.29399528630209,29.190348248859642]]]}},{"type":"Feature","id":"64332","properties":{"name":"Pawla Begmabad","source_code":"119442","source_subdistrict":"Baghpat","lgd_id":null,"lgd_name":null,"subdistrict":"Baghpat","status":"unlinked"},"geometry":{"type":"Polygon","coordinates":[[[77.30302085961318,28.937396303655266],[77.30577565094534,28.935195596190525],[77.30727802186168,28.934483014886233],[77.30860547328133,28.933046403351955],[77.31232896896627,28.930995999374407],[77.3173584006439,28.927609065188253],[77.31653233042826,28.925264279570346],[77.3152001856156,28.922525297255078],[77.31469335866812,28.922164640159536],[77.31102419913633,28.916451714893583],[77.30898709804066,28.914589596390908],[77.30656682705332,28.912821620032982],[77.3035086072937,28.909718038573544],[77.30341571634199,28.907855011971893],[77.29963999322301,28.909703158244827],[77.29936809172308,28.909061316676638],[77.29363250191908,28.911630900335282],[77.2916411694219,28.909433914750462],[77.28954695411137,28.907587325498145],[77.28561461385047,28.908744926253384],[77.28435602090505,28.910517972986394],[77.28542432694545,28.912213075134886],[77.2859357373797,28.9140999674292],[77.28577481290166,28.916227004157435],[77.285947664775,28.918778932293385],[77.28549072104694,28.919626441647814],[77.28658032393369,28.92296529195014],[77.28677558097235,28.924494628732702],[77.28721343604622,28.925390830440936],[77.2867605133688,28.926053937735492],[77.28731816062606,28.928444646203403],[77.28508472760203,28.92859126666509],[77.28811067848704,28.933170254183],[77.28866218341597,28.933229899258766],[77.28918400357679,28.933775347721728],[77.28892894960657,28.934106416777794],[77.29235387906348,28.9378871106188],[77.29345952266814,28.938761022218955],[77.29453362645013,28.938460554022022],[77.29521891861569,28.93850566593997],[77.29595183192542,28.93811558084844],[77.29758554737484,28.938377919228223],[77.30302085961318,28.937396303655266]]]}},{"type":"Feature","id":"64333","properties":{"name":"Ahera","source_code":"119440","source_subdistrict":"Baghpat","lgd_id":null,"lgd_name":null,"subdistrict":"Baghpat","status":"unlinked"},"geometry":{"type":"Polygon","coordinates":[[[77.25369204056518,28.92529268736925],[77.2606461350014,28.93943575245296],[77.26583610364396,28.939222580658903],[77.26706521185065,28.938379943773658],[77.26804425245504,28.93720603095279],[77.27020990046788,28.935817568664145],[77.27202585988513,28.934724966669275],[77.27379427513382,28.93405915016346],[77.2760060193937,28.932302462943035],[77.27700204687521,28.932084627801913],[77.27278894712447,28.9260346435203],[77.27182039255996,28.924139958268213],[77.27093338520827,28.92113985450104],[77.27021673428911,28.920792246523995],[77.26783172961805,28.920902504513577],[77.26581502102069,28.920733929118537],[77.26377417833358,28.921227319176097],[77.2626568600329,28.921761624270424],[77.26207229499082,28.922338570986902],[77.25968481428644,28.923421303378117],[77.25717837986177,28.923847947042283],[77.25369204056518,28.92529268736925]]]}},{"type":"Feature","id":"64334","properties":{"name":"Choulhada","source_code":"119441","source_subdistrict":"Baghpat","lgd_id":null,"lgd_name":null,"subdistrict":"Baghpat","status":"unlinked"},"geometry":{"type":"Polygon","coordinates":[[[77.29199476601563,28.939490875733817],[77.29345952266814,28.938761022218955],[77.29235387906348,28.9378871106188],[77.28892894960657,28.934106416777794],[77.28918400357679,28.933775347721728],[77.28866218341597,28.933229899258766],[77.28811067848704,28.933170254183],[77.28508472760203,28.92859126666509],[77.28282336205102,28.930011857695366],[77.27846081459751,28.93075948933833],[77.27634165893723,28.93090792936941],[77.27774050922592,28.933178802658798],[77.2782392891603,28.936507592978504],[77.27891050101069,28.93806176113228],[77.285842279287,28.9453565186864],[77.28668960632544,28.944968418155966],[77.28875185119837,28.94220291439708],[77.29199476601563,28.939490875733817]]]}},{"type":"Feature","id":"64335","properties":{"name":"Gauripur","source_code":"119435","source_subdistrict":"Baghpat","lgd_id":null,"lgd_name":null,"subdistrict":"Baghpat","status":"unlinked"},"geometry":{"type":"Polygon","coordinates":[[[77.3124771553285,28.94614096297664],[77.31052872630889,28.942804785602796],[77.30995556348047,28.94286223761492],[77.30949114685521,28.942301062175844],[77.30872668940621,28.942388834193913],[77.30753581816016,28.9410440712637],[77.3057513075122,28.939823464265807],[77.30302085961318,28.937396303655266],[77.29758554737484,28.938377919228223],[77.29595183192542,28.93811558084844],[77.29521891861569,28.93850566593997],[77.29453362645013,28.938460554022022],[77.29345952266814,28.938761022218955],[77.29199476601563,28.939490875733817],[77.29311105785402,28.940750655110953],[77.29202998521966,28.942241596911384],[77.2935336873768,28.944094829452432],[77.2932617629772,28.9443250005626],[77.29892106017316,28.950574696499483],[77.30500669213562,28.94952014397152],[77.30875174977592,28.94825836741666],[77.3124771553285,28.94614096297664]]]}},{"type":"Feature","id":"64336","properties":{"name":"Meetli","source_code":"119433","source_subdistrict":"Baghpat","lgd_id":null,"lgd_name":null,"subdistrict":"Baghpat","status":"unlinked"},"geometry":{"type":"Polygon","coordinates":[[[77.31029483144404,28.970712139960977],[77.31330482876292,28.968641462093643],[77.31471354042391,28.966988252522338],[77.31428640744736,28.966461276456148],[77.31556837216684,28.965376053332015],[77.31728614498569,28.962654815325138],[77.3159802642418,28.959564320573822],[77.31536328470963,28.95900062395941],[77.31629737657771,28.95812754237433],[77.3167894571337,28.95565403903249],[77.31633040520073,28.953080751507073],[77.31448395384862,28.949427766952326],[77.31377032070431,28.94716878295397],[77.3124771553285,28.94614096297664],[77.30875174977592,28.94825836741666],[77.30656204302653,28.94900970053657],[77.30500669213562,28.94952014397152],[77.29892106017316,28.950574696499483],[77.29809315737754,28.95094641736117],[77.29834864267991,28.951470556394185],[77.29695529242852,28.953291613017708],[77.2917266608711,28.952633170103656],[77.28388836516935,28.952307628933863],[77.28548953029264,28.954933917543247],[77.28579000063155,28.956884171821788],[77.28647166772333,28.958840876074802],[77.28874924145872,28.960187380556942],[77.29059802266258,28.96196257980089],[77.29137142190166,28.963216521363652],[77.29219649706046,28.962978941475615],[77.29478585453721,28.96664465062388],[77.2975374617378,28.971620950059446],[77.29823516654223,28.973728733916566],[77.30025935497343,28.97359517042084],[77.30140905103923,28.97509012802307],[77.30315782032073,28.97359367422233],[77.30471275267338,28.97311679452384],[77.3082784736374,28.9713657746202],[77.31029483144404,28.970712139960977]]]}},{"type":"Feature","id":"64337","properties":{"name":"Niwara","source_code":"119425","source_subdistrict":"Baghpat","lgd_id":null,"lgd_name":null,"subdistrict":"Baghpat","status":"unlinked"},"geometry":{"type":"Polygon","coordinates":[[[77.22266965873743,28.98716047026505],[77.22428256179458,28.986646872665133],[77.2251329948277,28.987176065225654],[77.22764589051226,28.986353089734518],[77.23124398244164,28.986577758180655],[77.23472562542965,28.985121554954674],[77.23538899358194,28.984374840041006],[77.2364766783257,28.983933288546577],[77.23705914802325,28.984051640760295],[77.23787822275443,28.98322636716058],[77.23902685231072,28.982812925660866],[77.24122043914613,28.98249193214597],[77.24216904109814,28.976537696956818],[77.24158115487245,28.975972487878703],[77.23927495034803,28.975133983503664],[77.23830624838574,28.97507667410583],[77.23798636042304,28.974231754246333],[77.23594184260233,28.97408818885417],[77.23495111533207,28.97432833331119],[77.23455638524345,28.974768302778337],[77.2264670940767,28.977106088603165],[77.22458099689752,28.976762039798714],[77.2212628782262,28.977110697036842],[77.21925275828934,28.976805051326586],[77.21498982560685,28.976717477015196],[77.21339892964296,28.976256577107172],[77.2097908092182,28.97375679611353],[77.20560963067587,28.972835405499836],[77.2008833891585,28.972328968846647],[77.20240227826636,28.979444085926215],[77.20212726603081,28.98268764550386],[77.20251632604088,28.983615092183783],[77.20274108137976,28.985262513451232],[77.2024329723796,28.98719996939704],[77.20796708817751,28.986363444971012],[77.20873424486302,28.9864851181394],[77.2091457071624,28.987358753026538],[77.21130424991368,28.98723386769763],[77.21265387775144,28.98747396403025],[77.21620804466426,28.986912969776103],[77.21767291277817,28.98750702772242],[77.2184291462461,28.988115851643602],[77.22059983783392,28.98744950978702],[77.22266965873743,28.98716047026505]]]}},{"type":"Feature","id":"64338","properties":{"name":"Santoshpur","source_code":"119423","source_subdistrict":"Baghpat","lgd_id":null,"lgd_name":null,"subdistrict":"Baghpat","status":"unlinked"},"geometry":{"type":"Polygon","coordinates":[[[77.24862628956434,28.98874544460263],[77.25628485127898,28.98660639951392],[77.25996157452539,28.985059591998933],[77.2628519847404,28.984572415133805],[77.26370816715593,28.983798945276725],[77.26542992354729,28.980961016547248],[77.26458801572764,28.9802256235951],[77.26428190178918,28.979407148745224],[77.26082796237765,28.97692515834664],[77.25587031708311,28.971742802510537],[77.25100032110565,28.974660839577382],[77.2488265762101,28.976259516158184],[77.24216904109814,28.976537696956818],[77.24122043914613,28.98249193214597],[77.23902685231072,28.982812925660866],[77.23975961663379,28.983096321217594],[77.24035960443716,28.983810662385714],[77.24119807705927,28.98626204195113],[77.24188019690824,28.987438095776362],[77.24359455137913,28.9892817482968],[77.24862628956434,28.98874544460263]]]}},{"type":"Feature","id":"64339","properties":{"name":"Ahamadshahpur Padra","source_code":"119420","source_subdistrict":"Baghpat","lgd_id":null,"lgd_name":null,"subdistrict":"Baghpat","status":"unlinked"},"geometry":{"type":"Polygon","coordinates":[[[77.31409726071402,28.988382231985103],[77.31443325300563,28.987398568967507],[77.31555529800742,28.98666282241473],[77.31567095395042,28.98572576727908],[77.31637775726742,28.985670534117055],[77.31675811621899,28.984838516181735],[77.31425488066262,28.98067169849352],[77.31416448590579,28.97956350262014],[77.3124285956765,28.976952133095445],[77.31372502475607,28.976085167389535],[77.31236294479326,28.9747041169655],[77.31214350273422,28.973392526387023],[77.31021981830564,28.97153251987508],[77.31029483144404,28.970712139960977],[77.3082784736374,28.9713657746202],[77.30246247842108,28.974001172440857],[77.30140905103923,28.97509012802307],[77.30047114530373,28.97700265625159],[77.2998553118549,28.97726056867899],[77.2978747767873,28.97888721430069],[77.29428715056953,28.983370782008127],[77.29410279677388,28.984826469320247],[77.2932171345485,28.98695778933935],[77.29244910770421,28.988068253789354],[77.2918942962522,28.992510691830685],[77.29387852247268,28.994220965740364],[77.29504117656097,28.99600118090242],[77.29835504111578,28.99359225268699],[77.3021071406514,28.99382313368209],[77.30322493873294,28.993288617421968],[77.30500269436493,28.993100543083354],[77.30771995336953,28.99180480797888],[77.30876740725441,28.991872703798197],[77.3102563952542,28.99268577632227],[77.31139866854168,28.991900100432385],[77.31234794741187,28.990339869256232],[77.31409726071402,28.988382231985103]]]}},{"type":"Feature","id":"64340","properties":{"name":"Goripur Jawahar Nagar","source_code":"119424","source_subdistrict":"Baghpat","lgd_id":null,"lgd_name":null,"subdistrict":"Baghpat","status":"unlinked"},"geometry":{"type":"Polygon","coordinates":[[[77.2068675031955,28.994839693770952],[77.21176444132111,28.99415327391901],[77.2129282115197,28.99444428495097],[77.21390161956427,28.99429874880312],[77.21548873321159,28.99356818111694],[77.21614332642365,28.99390447439437],[77.21839342033364,28.993821697854564],[77.21891343620182,28.993979645389178],[77.2200597987638,28.993674612238383],[77.22102620960558,28.993840295003057],[77.22712109365277,28.99328925138634],[77.22752670526238,28.99374303607342],[77.22852784803491,28.993733275702834],[77.22891807337055,28.99418678937134],[77.22999800014314,28.99409715121328],[77.23023430142578,28.99454800217505],[77.23132357396632,28.994729283322194],[77.23466418948661,28.993392506911164],[77.23737332886763,28.991367853427583],[77.23875775063674,28.990741868053465],[77.23962274864532,28.990621385269026],[77.24287740439317,28.988294641599392],[77.24188019690824,28.987438095776362],[77.24119807705927,28.98626204195113],[77.24035960443716,28.983810662385714],[77.23975961663379,28.983096321217594],[77.23902685231072,28.982812925660866],[77.23787822275443,28.98322636716058],[77.23705914802325,28.984051640760295],[77.2364766783257,28.983933288546577],[77.23538899358194,28.984374840041006],[77.23472562542965,28.985121554954674],[77.23124398244164,28.986577758180655],[77.22764589051226,28.986353089734518],[77.2251329948277,28.987176065225654],[77.22428256179458,28.986646872665133],[77.2184291462461,28.988115851643602],[77.21767291277817,28.98750702772242],[77.21620804466426,28.986912969776103],[77.21265387775144,28.98747396403025],[77.21130424991368,28.98723386769763],[77.2091457071624,28.987358753026538],[77.20873424486302,28.9864851181394],[77.20796708817751,28.986363444971012],[77.2024329723796,28.98719996939704],[77.20188069196278,28.988484083974416],[77.19895016301017,28.989416263624012],[77.19796743732549,28.99025789100659],[77.19803862506748,28.99071236043177],[77.1990927266309,28.992030436342258],[77.19765929259898,28.99218470931929],[77.19683184034152,28.99470970043638],[77.20435386818232,28.99499894312635],[77.2068675031955,28.994839693770952]]]}},{"type":"Feature","id":"64341","properties":{"name":"Chopra Maheshpur","source_code":"119415","source_subdistrict":"Baghpat","lgd_id":null,"lgd_name":null,"subdistrict":"Baghpat","status":"unlinked"},"geometry":{"type":"Polygon","coordinates":[[[77.31433841139244,29.003675336318942],[77.31646544096775,29.001209998857384],[77.31688353393966,29.000005475196577],[77.31810023435085,28.999482281497773],[77.31948415804483,28.997225071745994],[77.32076277082625,28.996307476132554],[77.32295866074362,28.99530458843726],[77.31701615632552,28.99141575964083],[77.31409726071402,28.988382231985103],[77.31234794741187,28.990339869256232],[77.31139866854168,28.991900100432385],[77.3102563952542,28.99268577632227],[77.30876740725441,28.991872703798197],[77.30771995336953,28.99180480797888],[77.30500269436493,28.993100543083354],[77.30322493873294,28.993288617421968],[77.3021071406514,28.99382313368209],[77.29835504111578,28.99359225268699],[77.29504117656097,28.99600118090242],[77.29523295999422,28.996826024943285],[77.29469879906982,28.99770568350648],[77.29472927384442,28.998930220209903],[77.29496321713803,28.999571329666807],[77.29567533533454,29.0000045637038],[77.29603452183551,29.00051888747845],[77.29644727568802,29.00229633534799],[77.29780178465062,29.004024290597528],[77.29848955838783,29.002594344828402],[77.29982644713014,29.00161098337075],[77.30163017293752,29.002414111630852],[77.30422911589106,29.0044240540818],[77.30520401922217,29.005481993460418],[77.3067743419607,29.00594898754647],[77.31185987252215,29.004981353411008],[77.31330961277943,29.00450317681474],[77.31433841139244,29.003675336318942]]]}},{"type":"Feature","id":"64342","properties":{"name":"Ibrahima Bad Gawri","source_code":"119384","source_subdistrict":"Baraut","lgd_id":null,"lgd_name":null,"subdistrict":"Baraut","status":"unlinked"},"geometry":{"type":"Polygon","coordinates":[[[77.40367156228935,29.0376951344006],[77.40326613029488,29.03720106211948],[77.40176739393254,29.03679689716655],[77.4000065574727,29.037042267094595],[77.3981390106749,29.034452416472607],[77.3973902031773,29.03275817879174],[77.39425118411003,29.03337978881711],[77.39250036152545,29.034290501843184],[77.39046687126735,29.036085256509022],[77.38986585613794,29.03709330066925],[77.38828646610983,29.03886332772246],[77.39002373246463,29.039743605089907],[77.39214059710832,29.04136835171056],[77.39642415976394,29.04218626944964],[77.39705530375673,29.042770647201287],[77.39806658245223,29.04300780222726],[77.39904706956337,29.042938090077648],[77.39993499997364,29.043495544327662],[77.40149064562836,29.043060577344242],[77.40204518705637,29.04264347995105],[77.40253321680692,29.041518066786576],[77.4030552458434,29.038696467174326],[77.40367156228935,29.0376951344006]]]}},{"type":"Feature","id":"64343","properties":{"name":"Kheriki","source_code":"119396","source_subdistrict":"Baghpat","lgd_id":null,"lgd_name":null,"subdistrict":"Baghpat","status":"unlinked"},"geometry":{"type":"Polygon","coordinates":[[[77.24089948657057,29.040746466935335],[77.24257186206309,29.03946564470483],[77.24630812886814,29.038145322128123],[77.24764831055866,29.038275132764092],[77.24768581585707,29.03796757238993],[77.25043299268927,29.03649137785975],[77.24997781033866,29.033802585291674],[77.25231910497696,29.032664538618597],[77.25555867816787,29.031483989570894],[77.25804887397113,29.03012719600194],[77.25790847337743,29.02884594118623],[77.25571947792011,29.028454806373524],[77.24940541138766,29.02957311101562],[77.24870278996333,29.03009890715215],[77.24601834109731,29.030565733791466],[77.24503322616638,29.03116660003753],[77.24291346340381,29.031605856347394],[77.236426770809,29.034290684278456],[77.23296768516529,29.03547970832702],[77.23238745808068,29.035448517033394],[77.2322948811807,29.035250096159356],[77.22776799101565,29.036638203188083],[77.22708567520012,29.03723878184023],[77.2279138914079,29.039286504579174],[77.22790431772613,29.040030997755963],[77.22785853052073,29.040613060919892],[77.22650504495509,29.04286524264332],[77.22638838136669,29.044701619462305],[77.22673339926054,29.045883463903706],[77.22956610298317,29.044189655670113],[77.23333401412833,29.043492276308534],[77.24089948657057,29.040746466935335]]]}},{"type":"Feature","id":"64344","properties":{"name":"Bam","source_code":"119323","source_subdistrict":"Baraut","lgd_id":null,"lgd_name":null,"subdistrict":"Baraut","status":"unlinked"},"geometry":{"type":"Polygon","coordinates":[[[77.29423995189248,29.03680431216108],[77.29090196685826,29.0312370265495],[77.28951124546435,29.02961510141042],[77.2816360334052,29.034169760692286],[77.28051435034013,29.034464994290964],[77.28000864118691,29.03509198410534],[77.27825791655472,29.036047849192933],[77.27788053824061,29.03611771383554],[77.27777537448807,29.035828992796517],[77.27550362640284,29.036877185732884],[77.27481353484539,29.0358462399821],[77.27318363782142,29.03621565530062],[77.27162018576774,29.03711971993534],[77.2714810742652,29.038500050402618],[77.27241677936335,29.041498068590094],[77.27255713791327,29.043636409976063],[77.27222029494155,29.04526032562834],[77.2725278841435,29.04620995575304],[77.27293065533209,29.046812302303323],[77.27327969106692,29.04693200180153],[77.27758211385112,29.045985814848507],[77.2787373717413,29.045487574166966],[77.27942536478857,29.04512238723802],[77.2795846535835,29.04466224072714],[77.27993643333369,29.04444810619948],[77.28286549639466,29.043266801628402],[77.28367913720716,29.043226409263493],[77.28698574240484,29.040779753168493],[77.28939864766541,29.039934368878587],[77.2902714768361,29.039061553087166],[77.29423995189248,29.03680431216108]]]}},{"type":"Feature","id":"64345","properties":{"name":"Alawalpur","source_code":"119324","source_subdistrict":"Baraut","lgd_id":null,"lgd_name":null,"subdistrict":"Baraut","status":"unlinked"},"geometry":{"type":"Polygon","coordinates":[[[77.26740150699226,29.04718276195692],[77.2689211589659,29.046928413029796],[77.27230484384393,29.045589580317024],[77.27255713791327,29.043636409976063],[77.27241677936335,29.041498068590094],[77.2714810742652,29.038500050402618],[77.27162018576774,29.03711971993534],[77.27143355211513,29.035283636076734],[77.27187858137,29.0326875989701],[77.27132207654063,29.031528084582124],[77.27224634329345,29.030653111002753],[77.27223884952247,29.03028775616159],[77.2720646307787,29.02931332403856],[77.27159507226939,29.029198074824627],[77.27035290362586,29.02907819751336],[77.26902583920698,29.029695756325843],[77.26688276166375,29.029821407618016],[77.26481897797257,29.030777114854384],[77.26290926115651,29.031353786805568],[77.2591625627695,29.035547735331807],[77.25920595409505,29.035967331438748],[77.25754667476068,29.03845235324819],[77.25856990565282,29.04020530430139],[77.2585922789076,29.041578938035094],[77.25933598977018,29.042873959861193],[77.25938186092547,29.04353038179505],[77.26146421060656,29.047392696233445],[77.26348362875325,29.048967887702137],[77.26740150699226,29.04718276195692]]]}},{"type":"Feature","id":"64346","properties":{"name":"Nagla Rawa","source_code":"119377","source_subdistrict":"Baraut","lgd_id":null,"lgd_name":null,"subdistrict":"Baraut","status":"unlinked"},"geometry":{"type":"Polygon","coordinates":[[[77.36685807420244,29.05244562863092],[77.36671649585666,29.051656231830385],[77.36473347209024,29.04905865233505],[77.36408332027382,29.047750655745748],[77.3635408460178,29.04590356974233],[77.3636636217126,29.044987785554458],[77.36271830275972,29.043693437900522],[77.36147478730443,29.041036804700944],[77.36043708585358,29.039620640167612],[77.35965914492436,29.039041303912146],[77.35964850181462,29.038170616495943],[77.35928127158583,29.03768356840961],[77.35852389394901,29.0372755303324],[77.35630381896274,29.037508637776362],[77.35548230047168,29.037071292423583],[77.35347522623245,29.036972722672836],[77.35231771359642,29.037277579512118],[77.35189155960734,29.036840143615642],[77.35092162170076,29.037577937366027],[77.35055235804636,29.038489285510575],[77.35080969693223,29.040264352768336],[77.35239694824746,29.042909702552553],[77.35277241067449,29.044714112777342],[77.35444996359833,29.048049535885813],[77.35515668426225,29.050020727859344],[77.35755846600689,29.053827290168574],[77.35772511696135,29.053556587676066],[77.35845668462294,29.05330600829782],[77.3583589926411,29.053136828023877],[77.3604637655183,29.052594703797546],[77.36142124228635,29.05265977914824],[77.36155743338817,29.053000370332455],[77.36685807420244,29.05244562863092]]]}},{"type":"Feature","id":"64347","properties":{"name":"Pusar","source_code":"119353","source_subdistrict":"Baraut","lgd_id":null,"lgd_name":null,"subdistrict":"Baraut","status":"unlinked"},"geometry":{"type":"Polygon","coordinates":[[[77.38785326383123,29.17850623906968],[77.39383675409506,29.171983099561313],[77.39484240591845,29.170167705323202],[77.3954010851821,29.16744540989337],[77.39549031425828,29.16304486795661],[77.39569353017124,29.162453990092537],[77.39554726801717,29.161892360846817],[77.39715153414633,29.15987858383947],[77.3959264801189,29.158308425516495],[77.39399558289634,29.15462896440304],[77.39304540900852,29.153327282482667],[77.39247223069512,29.15364737282119],[77.39185012653294,29.154470388531212],[77.39120754618868,29.15478366353522],[77.38958928656356,29.15351106303393],[77.38901635550808,29.153546929654187],[77.38825299806385,29.15397746926705],[77.38715355227635,29.153304901073525],[77.38662408004035,29.153611475269997],[77.38517030679299,29.152483107650728],[77.38436337301215,29.152663257607877],[77.37960586448895,29.15501611391405],[77.3766395974164,29.156882378031746],[77.37286669903942,29.15996929531371],[77.37492546435571,29.161372344676526],[77.37600643148522,29.16293590390239],[77.37923193533932,29.16663190729876],[77.38136305469702,29.170248475374372],[77.38258550306149,29.17183012677153],[77.38409000402551,29.17472676457776],[77.38616021829704,29.177181670126043],[77.38785326383123,29.17850623906968]]]}},{"type":"Feature","id":"64348","properties":{"name":"Baraut (NPP)","source_code":"800723","source_subdistrict":"Baraut","lgd_id":null,"lgd_name":null,"subdistrict":"Baraut","status":"unlinked"},"geometry":{"type":"Polygon","coordinates":[[[77.24978724115243,29.120549345731888],[77.25035210779095,29.120824747865402],[77.25154194056006,29.119929816659333],[77.25220418183305,29.120915777342756],[77.25264330658098,29.121062618200515],[77.25850778523265,29.120789863038443],[77.26181665112468,29.12010327517417],[77.26221168279382,29.121177024717074],[77.26584937731116,29.120465533532432],[77.26638581570376,29.121372477458756],[77.26839727164693,29.12103936057605],[77.26944481211011,29.12214940216853],[77.27216305635949,29.120898378406228],[77.27296427443142,29.121482851606928],[77.27496830453366,29.120305983917234],[77.27539444483908,29.120953461159385],[77.27590312306492,29.120825066654955],[77.2762908582731,29.12105520546096],[77.27730813021796,29.120863760764614],[77.2779089484039,29.121671389987473],[77.27866679751335,29.121362520371562],[77.27748860318721,29.11910897664017],[77.27939286661729,29.116298993438228],[77.28190036443216,29.114348520769546],[77.28213938555662,29.11376438504255],[77.28301292076313,29.11296165904332],[77.28315456197123,29.111592538689965],[77.28257462692197,29.10962557327523],[77.28148294352773,29.10991625272044],[77.28078714640267,29.108991333680034],[77.27970335321915,29.10897534566678],[77.27898438667235,29.108307501214924],[77.27868918903823,29.107644273723928],[77.27726626904602,29.10787623584193],[77.27637505374516,29.107765505928068],[77.27307281437831,29.106039064497693],[77.26921360063989,29.105489737834414],[77.26830335599018,29.10509668848992],[77.2678316321918,29.104065884062095],[77.2648959175611,29.103800139213465],[77.26375765458343,29.10396891272671],[77.26311103473675,29.103721474024777],[77.26274522405677,29.10392191637644],[77.2617264409875,29.102831040920464],[77.26074446748785,29.10281249758737],[77.26008435592225,29.10236910096484],[77.26089008050204,29.101579730438235],[77.26088703704261,29.100551816148784],[77.26118986145197,29.099979825792428],[77.26176563982999,29.09961106872865],[77.26263341294387,29.09930233902565],[77.26356434474609,29.099518434903406],[77.26572898667766,29.0980342884155],[77.26911376618796,29.097499507363132],[77.2705431035149,29.096715516800884],[77.2714357149234,29.09648851601135],[77.27223338798862,29.09669117430675],[77.27355564775904,29.09805824832284],[77.27792231138311,29.096837657634122],[77.27894683505727,29.097137910366655],[77.28246030980148,29.09611024739576],[77.28278137802788,29.096060688046922],[77.28337448326671,29.096507416101584],[77.28599408885849,29.09587188797008],[77.28477483158126,29.09348753100966],[77.28574824402872,29.09316741469644],[77.2855378654677,29.092310281725094],[77.2834845367309,29.08848887900525],[77.28204199695554,29.086345798791516],[77.28202168320823,29.08544127243464],[77.28132131911434,29.083395354696716],[77.28036884773587,29.08268466086101],[77.2787355381771,29.083196227819506],[77.27799609605513,29.08315324831939],[77.2750941949416,29.084079481505967],[77.27374618458559,29.083774613435423],[77.27265230349799,29.08382394239509],[77.2708782365496,29.083139919995432],[77.26967893378311,29.083550063199933],[77.26873427305348,29.082762615864095],[77.26562979907818,29.083020930314444],[77.2615465775491,29.078557998633986],[77.26071990915231,29.07838401744194],[77.26012148117218,29.078604795879645],[77.25916636347311,29.078590861119356],[77.25684207706097,29.07964553164196],[77.25434526990774,29.081536965667134],[77.2526605396071,29.0818925660518],[77.25177959132165,29.082329754282743],[77.24879827371346,29.08263742748184],[77.24796494161382,29.08302077869029],[77.24522765196998,29.083090574908688],[77.24155635432646,29.08400014819754],[77.24053970216382,29.084361883495966],[77.23834805692663,29.085829680933273],[77.23836979536483,29.087142428512887],[77.23739448169904,29.08768900830783],[77.23802225599137,29.08903299563455],[77.23778147076612,29.089642179136995],[77.23580086038221,29.09180902425644],[77.23468671498723,29.09224741166968],[77.23344499511308,29.093714448177252],[77.23448949712622,29.09573027589103],[77.23405858718434,29.096420868102026],[77.23415740949633,29.09773354630905],[77.23269946536244,29.09877665143956],[77.23300841098835,29.099602000906096],[77.23252085527731,29.100085089853966],[77.23319625680736,29.102935726364237],[77.23434920275078,29.105519865266118],[77.23513075729859,29.106439601027787],[77.23677725332612,29.10938877472634],[77.2392150372335,29.11247270777884],[77.240335717371,29.113283846909916],[77.24301332932427,29.11453595181767],[77.24429364884747,29.115703338237374],[77.24530284395465,29.118111536811785],[77.24517998105748,29.118468002835623],[77.24466637589217,29.118675960372574],[77.24473350615095,29.119045770315093],[77.24701361787277,29.122952649503674],[77.2487980178817,29.121064106800137],[77.24978724115243,29.120549345731888]]]}},{"type":"Feature","id":"64349","properties":{"name":"Dadri","source_code":"119366","source_subdistrict":"Baraut","lgd_id":null,"lgd_name":null,"subdistrict":"Baraut","status":"unlinked"},"geometry":{"type":"Polygon","coordinates":[[[77.39670189676306,29.120023697877908],[77.39864690208351,29.118889715375904],[77.39929975968266,29.117710206679828],[77.3994489925555,29.117056167733256],[77.39926696854478,29.116101984865008],[77.39831173382915,29.1152310487847],[77.39764941368165,29.114145974302986],[77.39843874236844,29.112283153921382],[77.39828485826561,29.111425935255653],[77.39852146794087,29.110656898894216],[77.399354414247,29.10850979997444],[77.39967558093211,29.10819639548891],[77.3984663139455,29.107129210366466],[77.39779126537923,29.105901933590005],[77.39689530573445,29.104936331221676],[77.3938963147531,29.102954981358263],[77.39225536715972,29.102537201866355],[77.39192685388994,29.10217392589319],[77.39141317916747,29.102157967250488],[77.39002613380923,29.102459705167654],[77.38826388937599,29.10338393490008],[77.38500332210977,29.106217951268167],[77.38046497417955,29.106502494677247],[77.3830339485243,29.11017562251409],[77.3838835685867,29.111152637096097],[77.38513406813699,29.111953868870646],[77.38558810246604,29.113045689377866],[77.38647140244699,29.11357153738216],[77.38678413486248,29.11490018875421],[77.38755190492813,29.11542607266992],[77.38919454475942,29.11816040433363],[77.39268950511652,29.12030208778948],[77.3928845372454,29.120927129607853],[77.39503990319383,29.12016299403696],[77.39670189676306,29.120023697877908]]]}},{"type":"Feature","id":"64350","properties":{"name":"Angadpur","source_code":"119311","source_subdistrict":"Baraut","lgd_id":null,"lgd_name":null,"subdistrict":"Baraut","status":"unlinked"},"geometry":{"type":"Polygon","coordinates":[[[77.33401137681861,29.116305669917324],[77.33369771005427,29.114595957520596],[77.33409831550914,29.114397387688868],[77.3338822902564,29.113077929764394],[77.33413648200998,29.11260652978541],[77.33387692483062,29.111936673388765],[77.33405925162693,29.111661423043152],[77.33491443195189,29.11141320628901],[77.33439281737462,29.110436609842356],[77.33521723634821,29.109789157252386],[77.33468017829392,29.108681777069197],[77.33568683573246,29.10791241483996],[77.33513676054336,29.106333678353344],[77.335768475424,29.1058124443792],[77.33548817212888,29.104211051884306],[77.33619431495462,29.1037080071963],[77.33624550215043,29.102925243540522],[77.33543361227188,29.1012676262542],[77.33395179001852,29.10146180598004],[77.33296804780582,29.10095671475919],[77.33067154809875,29.098198540767783],[77.32925859125751,29.09577850842849],[77.32821307558623,29.093347155937366],[77.32782248399535,29.092151778034694],[77.32802787949201,29.091450216680656],[77.32783515292158,29.090622492854365],[77.32654043876522,29.087160318706324],[77.32178213782858,29.08763670539914],[77.31653095613706,29.089752642739228],[77.31680829451686,29.090582713910894],[77.31583256576896,29.09150530173205],[77.31521877289316,29.092700771837155],[77.31647734728527,29.09815469273382],[77.31622067305055,29.100144055346245],[77.316631776161,29.103667266373108],[77.31598462816665,29.106552117395125],[77.31698121014641,29.10854829625788],[77.31897961837811,29.111426296731953],[77.31977590627577,29.111036019152767],[77.32030505961637,29.11171718620059],[77.32129386523954,29.111710323161887],[77.32220603528623,29.115384524713257],[77.32269672228206,29.11614688794088],[77.32490342400587,29.11803007861338],[77.32655786261137,29.11999220829744],[77.32703052742532,29.119865893754092],[77.32723593682145,29.119547775231055],[77.32921124586682,29.11928368994065],[77.32922906114487,29.118690493815723],[77.33024885566218,29.118440003040167],[77.33401137681861,29.116305669917324]]]}},{"type":"Feature","id":"64351","properties":{"name":"Malakpur","source_code":"119290","source_subdistrict":"Baraut","lgd_id":null,"lgd_name":null,"subdistrict":"Baraut","status":"unlinked"},"geometry":{"type":"Polygon","coordinates":[[[77.24517623640139,29.119916076033597],[77.24466637589217,29.118675960372574],[77.24517998105748,29.118468002835623],[77.24530284395465,29.118111536811785],[77.24429364884747,29.115703338237374],[77.24301332932427,29.11453595181767],[77.240335717371,29.113283846909916],[77.2392150372335,29.11247270777884],[77.23723508803785,29.110074130125106],[77.23513075729859,29.106439601027787],[77.23434920275078,29.105519865266118],[77.23283555582431,29.101600667570402],[77.23252085527731,29.100085089853966],[77.23300314182208,29.099403550083736],[77.23245780540051,29.09844753480529],[77.22717923296332,29.10055786886876],[77.22639339581818,29.100657672472664],[77.22465157437969,29.1000903116065],[77.22299262940791,29.100262805455056],[77.22116959988608,29.10088204897937],[77.2148233090149,29.104309829407402],[77.2119321092639,29.105430329605827],[77.21070870761594,29.104330286401577],[77.20862133925625,29.101615586660234],[77.20766087394665,29.101728943312697],[77.206597339038,29.101373108099406],[77.20218334984487,29.098727226504074],[77.19753965722794,29.0982738362132],[77.19455495828517,29.09766169415908],[77.1943178896197,29.09620466983863],[77.19349503574479,29.094314820547122],[77.1921702768864,29.095131929005774],[77.18890361039857,29.096180540190726],[77.18988112047589,29.098313389664465],[77.19034431846222,29.10003653512391],[77.18975548417637,29.103514936084192],[77.1900336486552,29.105003559650378],[77.18887625550721,29.11160673089794],[77.19203518966327,29.111255244855933],[77.19234872257967,29.111435530659005],[77.19459863189898,29.111231523224436],[77.19722321397819,29.11051302243799],[77.19963805511655,29.111211120510315],[77.20179054939968,29.111381492286156],[77.20450854508807,29.1120612449325],[77.20588012256526,29.112105668590427],[77.20789356206907,29.111648953601435],[77.20962419505143,29.110790948613943],[77.21053445228068,29.11231974490782],[77.21065367334302,29.11375421123103],[77.21133261923451,29.11505302837797],[77.21309105276931,29.117100120855998],[77.21513642535666,29.120637615227217],[77.2185282531737,29.119681764276596],[77.22162097674853,29.11962571816372],[77.2225715544385,29.11982815288092],[77.22523189370327,29.11887013211365],[77.22559738567769,29.11979461290863],[77.22608067791073,29.120204806144304],[77.22678924591321,29.119762327079894],[77.22723635187081,29.119928900801312],[77.22860255249338,29.119490443472884],[77.2290703016114,29.119760761174525],[77.2317011324455,29.120277761592096],[77.23556420503004,29.120044997670067],[77.2370022667853,29.11956581905537],[77.24235614772611,29.12031071969275],[77.24517623640139,29.119916076033597]]]}},{"type":"Feature","id":"64352","properties":{"name":"Asafpur Kharkhari","source_code":"119305","source_subdistrict":"Baraut","lgd_id":null,"lgd_name":null,"subdistrict":"Baraut","status":"unlinked"},"geometry":{"type":"Polygon","coordinates":[[[77.30226231643884,29.129848771563648],[77.3017871319763,29.12958029179244],[77.29921049516838,29.129514676558138],[77.29719409122997,29.127601741714397],[77.29383217676181,29.123517245716783],[77.29190660969493,29.118182551417952],[77.28899680356493,29.11614989805249],[77.28803095388999,29.116479043072335],[77.28740170409993,29.11609993428121],[77.28592698171704,29.11754778777023],[77.28416541116142,29.115903117414526],[77.28378773476362,29.116232383638106],[77.28270390255318,29.115792305356802],[77.2814327667686,29.11468001778476],[77.27939286661729,29.116298993438228],[77.27774042715414,29.11865119255857],[77.27744741330682,29.119330002729054],[77.27895191739267,29.121583670762895],[77.28114280313584,29.12238946089184],[77.28234756986026,29.122164130777623],[77.28434569301555,29.12358778334397],[77.28610707731612,29.126792634868554],[77.28929666872529,29.130796818878153],[77.29016709103438,29.133280311609642],[77.29166436316827,29.135524787003288],[77.29185703324495,29.135779727983685],[77.29278187112321,29.135642263957084],[77.29438461477663,29.137726616992143],[77.29505011302312,29.13732290602118],[77.29619325263472,29.138035824725453],[77.29710783205246,29.138311075202278],[77.29675597623317,29.137681794333115],[77.29790453126385,29.136445899623887],[77.29749870946776,29.13537667276327],[77.30040717258744,29.133216140600936],[77.30085169380565,29.132158376756095],[77.30148114728118,29.13181104043829],[77.301085729731,29.13037426007045],[77.30226231643884,29.129848771563648]]]}},{"type":"Feature","id":"64353","properties":{"name":"Rustampur","source_code":"119288","source_subdistrict":"Baraut","lgd_id":null,"lgd_name":null,"subdistrict":"Baraut","status":"unlinked"},"geometry":{"type":"Polygon","coordinates":[[[77.26835966571667,29.137082386154198],[77.26542951636765,29.1344085252968],[77.26445591047252,29.13419615281525],[77.26346456761837,29.133582286959513],[77.26199513530231,29.133566023142517],[77.2607905286413,29.132843736051427],[77.25834599478283,29.130681946305113],[77.25694689167521,29.128926614833443],[77.25460533848408,29.126613715777534],[77.25098846762586,29.12204977437391],[77.24995339498862,29.121837353942375],[77.2493477195424,29.120880678859706],[77.2487980178817,29.121064106800137],[77.24710548364168,29.122702458966508],[77.24719390928135,29.123767041094876],[77.24598243131868,29.124796485685977],[77.24563539965291,29.127133516893053],[77.24309900250276,29.128876664981604],[77.24405168524804,29.131149564887505],[77.2436769942326,29.13149720601317],[77.24386237454404,29.131948139087406],[77.24363191277384,29.13272868178087],[77.24203470666723,29.133433679042795],[77.24227175563277,29.134245441425247],[77.24165676320956,29.13587435113259],[77.23995731827526,29.137233467105414],[77.23754336511156,29.138277248643686],[77.23790862916852,29.13874163737166],[77.236906705144,29.138773885389615],[77.23711260029171,29.13917980393511],[77.23400655057722,29.142028341405933],[77.2349993493328,29.143358426433824],[77.23670470414173,29.142685066554627],[77.23786595168701,29.14261202434317],[77.2432766175098,29.142662153179742],[77.24502918321647,29.143030732263064],[77.24645179769684,29.142294305990866],[77.25150613470089,29.14163879830328],[77.25616469213196,29.140754373246263],[77.26001912759462,29.13943419172863],[77.263198032111,29.137664737246578],[77.26835966571667,29.137082386154198]]]}},{"type":"Feature","id":"64354","properties":{"name":"Ranchhar","source_code":"119357","source_subdistrict":"Baraut","lgd_id":null,"lgd_name":null,"subdistrict":"Baraut","status":"unlinked"},"geometry":{"type":"Polygon","coordinates":[[[77.38059979190011,29.146544688115238],[77.38040310849857,29.144507855070184],[77.3807758734289,29.144160611107267],[77.38032179529364,29.14287031232977],[77.38054040972203,29.142471150614497],[77.380207105074,29.141034245858823],[77.38065182018856,29.140675801482985],[77.38022603972902,29.139459830139987],[77.3803137175264,29.138893732109715],[77.38158340785384,29.137759778110542],[77.38317872040476,29.137981481226994],[77.38235739379668,29.136542111734265],[77.38169825851152,29.134360676614094],[77.3823146863356,29.12990175431327],[77.38214390305563,29.12737088915683],[77.38146670038195,29.12558196608731],[77.3815856695976,29.123990350022318],[77.38262081206443,29.124071947488478],[77.38372051204173,29.12365285668278],[77.38576535242757,29.12343934748827],[77.38838328088819,29.122621583977107],[77.39189033004162,29.12105068731455],[77.3928845372454,29.120927129607853],[77.39268950511652,29.12030208778948],[77.38919454475942,29.11816040433363],[77.38755190492813,29.11542607266992],[77.38678413486248,29.11490018875421],[77.38647140244699,29.11357153738216],[77.38558810246604,29.113045689377866],[77.38513406813699,29.111953868870646],[77.3838835685867,29.111152637096097],[77.3830339485243,29.11017562251409],[77.3804854390338,29.106585964640676],[77.38500332210977,29.106217951268167],[77.38464166115732,29.10537418803931],[77.38443985791908,29.103258394022646],[77.38244435747238,29.103054627372284],[77.3789539208905,29.10331249918201],[77.37812400078667,29.104015910710913],[77.3728647362628,29.104501568037165],[77.37018642695055,29.10522681575327],[77.36728999619842,29.106509128035583],[77.35969631919194,29.10846091395303],[77.35925450085305,29.108314410659183],[77.35841990212256,29.108535780606854],[77.35743648056489,29.10938192719575],[77.35733398363925,29.1097338638571],[77.35743223729179,29.111335224921636],[77.35801565179055,29.112241815168904],[77.35773329624024,29.11264340166916],[77.35785933903348,29.1128507957187],[77.35661676777772,29.114260952680176],[77.35871644326205,29.116989484165888],[77.357941199137,29.117864896515478],[77.35717944709451,29.12063950883271],[77.35715700264792,29.121988350120127],[77.35755091920527,29.12404751922533],[77.35820117095331,29.124984885565258],[77.3602074572958,29.13042228858907],[77.36097200397215,29.13383917026198],[77.363269398193,29.135128495820865],[77.36303932472161,29.13742472823973],[77.3635869990426,29.138365130344656],[77.36523449787688,29.1397628912627],[77.36643786800126,29.141618767845998],[77.36710103602516,29.14206959174711],[77.36882782333967,29.142664336165286],[77.37081659204169,29.14296345748487],[77.37623144004203,29.14307598833232],[77.37660375952693,29.14338517641505],[77.377209013172,29.145259776148006],[77.37782507311532,29.146187117425335],[77.37893481372497,29.146683860076426],[77.38059979190011,29.146544688115238]]]}},{"type":"Feature","id":"64355","properties":{"name":"Loyan","source_code":"119289","source_subdistrict":"Baraut","lgd_id":null,"lgd_name":null,"subdistrict":"Baraut","status":"unlinked"},"geometry":{"type":"Polygon","coordinates":[[[77.23400655057722,29.142028341405933],[77.23711260029171,29.13917980393511],[77.236906705144,29.138773885389615],[77.23790862916852,29.13874163737166],[77.23754336511156,29.138277248643686],[77.23995731827526,29.137233467105414],[77.24130782046188,29.13632572354809],[77.24217469536437,29.1347732791656],[77.24229197128251,29.133834978996177],[77.24203470666723,29.133433679042795],[77.24363191277384,29.13272868178087],[77.24386237454404,29.131948139087406],[77.2436769942326,29.13149720601317],[77.24406705088437,29.131050288269712],[77.24309900250276,29.128876664981604],[77.24563539965291,29.127133516893053],[77.24598243131868,29.124796485685977],[77.24719390928135,29.123767041094876],[77.24701361787277,29.122952649503674],[77.24517623640139,29.119916076033597],[77.24235614772611,29.12031071969275],[77.2370022667853,29.11956581905537],[77.23556420503004,29.120044997670067],[77.2317011324455,29.120277761592096],[77.2290703016114,29.119760761174525],[77.22860255249338,29.119490443472884],[77.22723635187081,29.119928900801312],[77.22678924591321,29.119762327079894],[77.22608067791073,29.120204806144304],[77.22559738567769,29.11979461290863],[77.22523189370327,29.11887013211365],[77.2225715544385,29.11982815288092],[77.22162097674853,29.11962571816372],[77.2185282531737,29.119681764276596],[77.21513642535666,29.120637615227217],[77.21372157536524,29.122386767314048],[77.21378473928827,29.124421244763894],[77.21353849032528,29.12494016174193],[77.21426993719005,29.127583208522864],[77.20920559154749,29.129688249723923],[77.2087284281102,29.130631277255297],[77.20828311914015,29.13306293012294],[77.20893090896563,29.133784366029673],[77.20987151195538,29.13427101970652],[77.216572222566,29.135214496336665],[77.21842243565825,29.135917143062745],[77.22072442222938,29.136014952852392],[77.22233848529557,29.13697477831406],[77.22404976945194,29.137339120071065],[77.22851379498009,29.142180967104565],[77.22975898779157,29.14420561540188],[77.23400655057722,29.142028341405933]]]}},{"type":"Feature","id":"64356","properties":{"name":"Rahatna","source_code":"119358","source_subdistrict":"Baraut","lgd_id":null,"lgd_name":null,"subdistrict":"Baraut","status":"unlinked"},"geometry":{"type":"Polygon","coordinates":[[[77.39534909308495,29.13729412359387],[77.39660634360703,29.13472464415074],[77.39932560735905,29.13142328986859],[77.39917441060993,29.130198511814363],[77.39622144656863,29.126877475319006],[77.39578505815065,29.12605629705386],[77.39560416436004,29.122396139564454],[77.39664746800145,29.121419865378353],[77.39692263543895,29.120531214038177],[77.39670189676306,29.120023697877908],[77.39503990319383,29.12016299403696],[77.39328523389128,29.120890953582222],[77.39189033004162,29.12105068731455],[77.38838328088819,29.122621583977107],[77.38576535242757,29.12343934748827],[77.38372051204173,29.12365285668278],[77.38262081206443,29.124071947488478],[77.3815856695976,29.123990350022318],[77.38146670038195,29.12558196608731],[77.38214390305563,29.12737088915683],[77.3823146863356,29.12990175431327],[77.38169825851152,29.134360676614094],[77.38235739379668,29.136542111734265],[77.38316365266037,29.13797940881833],[77.38824153348085,29.140022343688987],[77.39123283469546,29.13840167863776],[77.39534909308495,29.13729412359387]]]}},{"type":"Feature","id":"64357","properties":{"name":"Sirsali","source_code":"119356","source_subdistrict":"Baraut","lgd_id":null,"lgd_name":null,"subdistrict":"Baraut","status":"unlinked"},"geometry":{"type":"Polygon","coordinates":[[[77.36097200397215,29.13383917026198],[77.3602074572958,29.13042228858907],[77.35820117095331,29.124984885565258],[77.35755091920527,29.12404751922533],[77.35715700264792,29.121988350120127],[77.35717944709451,29.12063950883271],[77.357941199137,29.117864896515478],[77.35871644326205,29.116989484165888],[77.35661676777772,29.114260952680176],[77.35785933903348,29.1128507957187],[77.35773329624024,29.11264340166916],[77.35801565179055,29.112241815168904],[77.35743223729179,29.111335224921636],[77.35733398363925,29.1097338638571],[77.35743648056489,29.10938192719575],[77.35841990212256,29.108535780606854],[77.35713575251829,29.108840670104776],[77.35626977984008,29.10785306153064],[77.3557479952699,29.106808881906126],[77.35484420839411,29.10753771849625],[77.35074068456603,29.109487828322862],[77.34727157908951,29.11204429053649],[77.34268996403749,29.113789027196],[77.33803594554597,29.11438090837869],[77.335141393945,29.115516004342286],[77.33074448042578,29.11818280295956],[77.32922906114487,29.118690493815723],[77.32921124586682,29.11928368994065],[77.32723593682145,29.119547775231055],[77.32703052742532,29.119865893754092],[77.32655786261137,29.11999220829744],[77.32639105383772,29.120774944891533],[77.32571033597372,29.120998339912123],[77.32556910689411,29.121650154238786],[77.32647887206404,29.124237158767016],[77.32867836760653,29.12779775950196],[77.3295600282499,29.131406501475734],[77.33015374421132,29.132696643669313],[77.33288002773322,29.13554272501441],[77.33517956791803,29.136706187014806],[77.33960394451528,29.138196314110587],[77.3462071827986,29.13978715706251],[77.34787953135782,29.13923865289348],[77.34968814767657,29.13907797779948],[77.35620940555233,29.13463032825596],[77.35767381525059,29.134740326846135],[77.35854972310815,29.134460345626586],[77.3596056030722,29.134557003555567],[77.36097200397215,29.13383917026198]]]}},{"type":"Feature","id":"64358","properties":{"name":"Shahjahanpur","source_code":"119360","source_subdistrict":"Baraut","lgd_id":null,"lgd_name":null,"subdistrict":"Baraut","status":"unlinked"},"geometry":{"type":"Polygon","coordinates":[[[77.41980378918944,29.156470787593243],[77.42171580209366,29.155564275445084],[77.4208193934367,29.15259133883286],[77.41976882971711,29.150583849185693],[77.41808103618487,29.14881979248341],[77.41607767562343,29.144971468924673],[77.41543299414133,29.144116498449886],[77.41449013323157,29.143696844704515],[77.41394825356147,29.142679552455043],[77.41247339970143,29.143333360338378],[77.4133980313647,29.14444327599672],[77.41294320210939,29.144795046233035],[77.41336953945425,29.14547630606495],[77.409360825886,29.14769043987156],[77.40810430391076,29.147784904450038],[77.40587107634092,29.149302444275342],[77.40529826527496,29.14890081810177],[77.4047148860818,29.14916231328374],[77.40325759214372,29.15047917297728],[77.4024506656567,29.150815039609682],[77.40479039404678,29.15416741592701],[77.40328954810407,29.154850426284117],[77.40437064095688,29.157009273547743],[77.40516703594972,29.15786882930399],[77.4063594728926,29.157330031819722],[77.40769064003301,29.15706640410733],[77.40844851479018,29.157348556937603],[77.41107667900552,29.159645229559256],[77.41167283287052,29.159688112262295],[77.41228209549068,29.158889842750998],[77.4136540857396,29.15951034652684],[77.41456124003567,29.15932103526744],[77.41833143079096,29.15684726729998],[77.41980378918944,29.156470787593243]]]}},{"type":"Feature","id":"64359","properties":{"name":"Bamnauli","source_code":"119355","source_subdistrict":"Baraut","lgd_id":null,"lgd_name":null,"subdistrict":"Baraut","status":"unlinked"},"geometry":{"type":"Polygon","coordinates":[[[77.36659623657961,29.16415832874543],[77.37402228834824,29.159206594561432],[77.37579635264274,29.15744811367937],[77.37784517891144,29.15611826397614],[77.37960586448895,29.15501611391405],[77.38553011750908,29.1522058523163],[77.38544041382893,29.15180652589164],[77.38309858032592,29.148920785165004],[77.38059979190011,29.146544688115238],[77.37893481372497,29.146683860076426],[77.37782507311532,29.146187117425335],[77.377209013172,29.145259776148006],[77.37640858869683,29.14314597567316],[77.37502903615734,29.14293332764841],[77.3733088524348,29.143122498246917],[77.37081659204169,29.14296345748487],[77.36882782333967,29.142664336165286],[77.36710103602516,29.14206959174711],[77.36643786800126,29.141618767845998],[77.36523449787688,29.1397628912627],[77.36326558031625,29.13789378172399],[77.36301335171555,29.136865385206587],[77.363269398193,29.135128495820865],[77.36097200397215,29.13383917026198],[77.3596056030722,29.134557003555567],[77.35854972310815,29.134460345626586],[77.35767381525059,29.134740326846135],[77.35620940555233,29.13463032825596],[77.34968814767657,29.13907797779948],[77.34787953135782,29.13923865289348],[77.3462071827986,29.13978715706251],[77.33960394451528,29.138196314110587],[77.33517956791803,29.136706187014806],[77.33288002773322,29.13554272501441],[77.33070880072265,29.133456637208834],[77.3274104662491,29.13595850369227],[77.32505738950367,29.137188007625284],[77.32700545059912,29.141599687229167],[77.32867336993087,29.14466023473765],[77.32844727057653,29.144924195153617],[77.33472311800783,29.151956035758104],[77.33511895564277,29.152716091892046],[77.33547659314846,29.154784322037948],[77.33511461302494,29.156004632654984],[77.33432846522275,29.156882171741696],[77.33458571046117,29.15810469231004],[77.33550597657566,29.159663032938113],[77.33702985952544,29.159768790321195],[77.33759787815805,29.16050171575835],[77.33796029083244,29.16058517220509],[77.33846418888685,29.16169252864051],[77.33896529237231,29.161721732257472],[77.33947938395973,29.16219080428494],[77.34062292242977,29.162086755393634],[77.3430670456371,29.16326361800786],[77.34430836920103,29.163527217859205],[77.34494067281668,29.164109033801765],[77.34839940223341,29.16367054676219],[77.3507255165781,29.16480895265408],[77.35316425900469,29.164760828180523],[77.35410537445837,29.166197303135956],[77.35511554591379,29.166632336611308],[77.35855888034123,29.166207126916174],[77.35877426132842,29.16501608847321],[77.35986866264972,29.164323241983038],[77.3593130425576,29.163222808957332],[77.36000569960365,29.16060379491839],[77.36138588333286,29.16105441018203],[77.36153508433792,29.16139267466838],[77.36212360272165,29.161514252976026],[77.36236535904558,29.161958521190574],[77.36262231728645,29.161949453350555],[77.36408764957964,29.163094695096124],[77.36475066362443,29.16312152679241],[77.36659623657961,29.16415832874543]]]}},{"type":"Feature","id":"64360","properties":{"name":"Azampur Mulsam","source_code":"119346","source_subdistrict":"Baraut","lgd_id":null,"lgd_name":null,"subdistrict":"Baraut","status":"unlinked"},"geometry":{"type":"Polygon","coordinates":[[[77.43827166035646,29.16622484997666],[77.4412243591691,29.16458044081487],[77.44188128632774,29.164646969875168],[77.44219315242775,29.16406614034767],[77.44335200162503,29.163075893669983],[77.44178176160374,29.16142490266685],[77.44106233573811,29.161959492443994],[77.44011668300095,29.162047523519753],[77.43952045568858,29.16187615906879],[77.4383281729598,29.16220092041165],[77.43727448710476,29.163833907385097],[77.43534458521965,29.165209830891094],[77.43233527627997,29.16706154621598],[77.43102467524378,29.166950945525283],[77.42934931415361,29.163937517472448],[77.42774850883201,29.161801432609554],[77.42776922612292,29.16072999667224],[77.42678518709256,29.15934055690855],[77.42407908665255,29.16086283593186],[77.42319522874648,29.15985900007851],[77.4222857790836,29.158210069702303],[77.42103186180955,29.158390372127354],[77.41980378918944,29.156470787593243],[77.41790477789405,29.15706825163274],[77.41456124003567,29.15932103526744],[77.4136540857396,29.15951034652684],[77.41228209549068,29.158889842750998],[77.41167283287052,29.159688112262295],[77.41081724196444,29.159518782551736],[77.40959349244223,29.16146285493337],[77.40892211548538,29.16389873759024],[77.40888337906813,29.16494522290925],[77.41029439675866,29.164208022440185],[77.41065913865312,29.164517086152248],[77.41342544642423,29.1705827344059],[77.41436584184001,29.17183918503269],[77.41509017169535,29.17334152686824],[77.41701977820247,29.175881566936965],[77.41716624335473,29.176043942116802],[77.41834598331755,29.17576899794851],[77.42057368871015,29.17899243115547],[77.4213781401742,29.17920230508409],[77.42325185909095,29.17854612377212],[77.42380738601408,29.17559598076472],[77.42323441875979,29.17457186584967],[77.42430115542268,29.17335850184652],[77.42438093295787,29.172546486640123],[77.42761941595725,29.16899208807057],[77.43063902250485,29.17002301933864],[77.43383343977675,29.169400576616464],[77.43573775584524,29.168401410575697],[77.43827166035646,29.16622484997666]]]}},{"type":"Feature","id":"64361","properties":{"name":"Bachhor","source_code":"119260","source_subdistrict":"Baraut","lgd_id":null,"lgd_name":null,"subdistrict":"Baraut","status":"unlinked"},"geometry":{"type":"Polygon","coordinates":[[[77.19512384120736,29.167433431603747],[77.19100947632471,29.162040367607744],[77.18745847809996,29.162515558917196],[77.1871550696011,29.162109715218154],[77.1850948167178,29.16317500623857],[77.18457052989248,29.162963256808744],[77.18311103678225,29.16303599835043],[77.1814925435296,29.16378985450006],[77.18030030473945,29.163993286151687],[77.17289214587407,29.164019699608566],[77.17420114881958,29.16688228740984],[77.17532225006153,29.168510347351262],[77.1765981034813,29.171640370821763],[77.17644924677623,29.172159163183718],[77.1759302924578,29.172366793963903],[77.17616182423221,29.173056884617],[77.1790662901278,29.17433232616627],[77.18243808607791,29.17456567436167],[77.18363391004898,29.176688530581576],[77.18687887671702,29.174812003093756],[77.18836920924825,29.174486624603272],[77.18988461119838,29.172970376791532],[77.19023866312821,29.17182908763709],[77.19064953306082,29.17144098170965],[77.1902895346099,29.170890816268106],[77.19512384120736,29.167433431603747]]]}},{"type":"Feature","id":"64362","properties":{"name":"Mukarrabpur Kandera","source_code":"119280","source_subdistrict":"Baraut","lgd_id":null,"lgd_name":null,"subdistrict":"Baraut","status":"unlinked"},"geometry":{"type":"Polygon","coordinates":[[[77.32554043224248,29.176335113337746],[77.32708475761417,29.17401623912871],[77.3268146183515,29.17208781617328],[77.32683476477902,29.169460157161957],[77.32656994480305,29.168575989309353],[77.32546204692405,29.16689342345303],[77.32532574647864,29.165639376018763],[77.32904655766052,29.16404206192348],[77.33122592656909,29.165203332203415],[77.33286277071481,29.164461027109738],[77.33333289179032,29.164009844851453],[77.33390588385794,29.163373675308204],[77.33390049680179,29.16251434902459],[77.33253039732125,29.160394311200584],[77.33250978295472,29.15997035125113],[77.33322908330729,29.158664246907488],[77.33458571046117,29.15810469231004],[77.33432846522275,29.156882171741696],[77.33511461302494,29.156004632654984],[77.33547659314846,29.154784322037948],[77.33511895564277,29.152716091892046],[77.33472311800783,29.151956035758104],[77.32844727057653,29.144924195153617],[77.32867336993087,29.14466023473765],[77.32537866112602,29.138069869173172],[77.3236985235349,29.13925419463273],[77.32430757856935,29.14027815458839],[77.32251173972028,29.140776783575664],[77.32179500887125,29.140767850365968],[77.32146348709686,29.140456645974076],[77.3171294397083,29.143371036091352],[77.31736328452978,29.14425290965684],[77.31708063691929,29.144773918696547],[77.31712187066775,29.14570325701295],[77.31748670900542,29.146736255277222],[77.31685470574439,29.147074621071983],[77.31730954478245,29.14803543190226],[77.31350165688113,29.149181399328175],[77.31282339895982,29.149682119145908],[77.31282338494904,29.150076873979305],[77.31203197592768,29.15067678946383],[77.31228893838625,29.15097906012472],[77.31126377210637,29.151635456806385],[77.31104784560559,29.152226399896104],[77.30556957272596,29.154389310734327],[77.30490927866555,29.153013409540574],[77.29973902547242,29.15647525698583],[77.29676835579723,29.15799747879565],[77.29789595975573,29.161868083958964],[77.29914186286038,29.164958303045506],[77.29980491991131,29.164902000525974],[77.30003101785368,29.165436560456182],[77.30031343760538,29.167701168106696],[77.29949331412331,29.17006710376341],[77.29934407676046,29.171373095674355],[77.2981437048457,29.173073644967133],[77.29940032728032,29.17365568971252],[77.3008574717544,29.174754246552286],[77.30331168449509,29.177244564534778],[77.3043215533938,29.17972571165386],[77.30847494264313,29.177713933174765],[77.30905067089338,29.178045457896904],[77.30938476199064,29.177977828122533],[77.31169276137727,29.17703959337759],[77.31301898938815,29.176739553060035],[77.31825163135777,29.176297301621613],[77.32200131445185,29.175715131710867],[77.32260020192709,29.17608273832305],[77.32500577831698,29.175705919287946],[77.32554043224248,29.176335113337746]]]}},{"type":"Feature","id":"64363","properties":{"name":"Barwala","source_code":"119285","source_subdistrict":"Baraut","lgd_id":null,"lgd_name":null,"subdistrict":"Baraut","status":"unlinked"},"geometry":{"type":"Polygon","coordinates":[[[77.2468934658777,29.177904887672415],[77.2467118462146,29.176653007846163],[77.24879807087075,29.17545258341088],[77.25327445672013,29.17224948995021],[77.25303826974819,29.171834392223847],[77.25465533685203,29.17074344411126],[77.2544088285054,29.170346317806167],[77.25618284284003,29.169065934564745],[77.25683303810354,29.168894749763474],[77.25900320897664,29.166732624836154],[77.26248406924879,29.16401595794953],[77.26556086316813,29.162287124477682],[77.26646811357524,29.161940088497808],[77.2685086029265,29.161627181484416],[77.26298180853135,29.15474142133315],[77.2624986224169,29.155036740771155],[77.26039481785497,29.15369156794078],[77.2581995962964,29.155445559930516],[77.2572336517934,29.15494668213044],[77.25707675461763,29.155199257859625],[77.2566041437499,29.154946464654703],[77.25634709027494,29.155119971670924],[77.25480795781631,29.154981747144163],[77.2540503324214,29.154261950871245],[77.25398122603637,29.153889751526176],[77.25340036509309,29.15409703483404],[77.25140914400457,29.153732995014884],[77.25077701853911,29.153888339559774],[77.24980583624507,29.15372551409846],[77.24621212384284,29.154645336659502],[77.24321740367797,29.155901656661733],[77.24191117950573,29.15483362595895],[77.24076068802036,29.15553810660435],[77.24042609066953,29.154983528715043],[77.24001016797791,29.155322189466812],[77.23947014096515,29.15483538331156],[77.2388896989774,29.15509743066636],[77.23718372074364,29.15519795095136],[77.2380844536078,29.156776065201434],[77.23743713053867,29.15698856239693],[77.23791079069612,29.157908396228937],[77.2375464203142,29.158486053507197],[77.23706350138741,29.15863978622164],[77.23731079652113,29.159320722506763],[77.23685869607866,29.159496981769315],[77.23717278404482,29.160132781252997],[77.23673612043252,29.160290975030012],[77.23735670685048,29.164557758013395],[77.2367043901871,29.164973174722704],[77.23753819032083,29.16634838468684],[77.23749754329327,29.166831060536012],[77.237796047515,29.16728190281035],[77.23781169617686,29.167521018703784],[77.23729795032621,29.16781903021735],[77.24041746531529,29.173148441793003],[77.24056711386352,29.173770852472163],[77.24174534164338,29.17515468669415],[77.24133462617792,29.17555199438197],[77.24246123959324,29.17663367496286],[77.24384081892384,29.178811338423987],[77.24491445452995,29.178246684519628],[77.2468934658777,29.177904887672415]]]}},{"type":"Feature","id":"64364","properties":{"name":"Adampur","source_code":"119354","source_subdistrict":"Baraut","lgd_id":null,"lgd_name":null,"subdistrict":"Baraut","status":"unlinked"},"geometry":{"type":"Polygon","coordinates":[[[77.38785326383123,29.17850623906968],[77.38616021829704,29.177181670126043],[77.38409000402551,29.17472676457776],[77.38258550306149,29.17183012677153],[77.38136305469702,29.170248475374372],[77.37923193533932,29.16663190729876],[77.37600643148522,29.16293590390239],[77.375043658423,29.16150552265301],[77.37405744689622,29.160609628190354],[77.37286669903942,29.15996929531371],[77.36659623657961,29.16415832874543],[77.36665048064764,29.164607118545465],[77.36615985493677,29.16500205979025],[77.36637352011702,29.16568763304367],[77.36560269083841,29.165839041233628],[77.3658163691036,29.16664651088347],[77.36533082100989,29.166969219292195],[77.36555507965927,29.168275074528466],[77.36510543925127,29.16848050830988],[77.36630991450036,29.171685123407762],[77.36658797525659,29.172794709332823],[77.36597398826449,29.173248385678868],[77.36712443445627,29.17634026816986],[77.36799060183007,29.176373715973547],[77.36848180312141,29.17685165405143],[77.36871044810252,29.176707204613287],[77.37019610092187,29.177069730492242],[77.371781846521,29.177037407609717],[77.37302897142581,29.177966151825427],[77.37378173606137,29.17761617716241],[77.37444788768464,29.177720279054007],[77.37577631293317,29.17837721598887],[77.37917874895824,29.179026125027722],[77.37966953638039,29.17932402039888],[77.3800621490228,29.18036175033991],[77.38091532214942,29.180763617689454],[77.38138202916565,29.18163722720753],[77.38188903360953,29.181411321859837],[77.38174793662324,29.180878926464775],[77.38194329603523,29.180782031795875],[77.38785326383123,29.17850623906968]]]}},{"type":"Feature","id":"64365","properties":{"name":"Idrishpur","source_code":"119330","source_subdistrict":"Baraut","lgd_id":null,"lgd_name":null,"subdistrict":"Baraut","status":"unlinked"},"geometry":{"type":"Polygon","coordinates":[[[77.36712443445627,29.17634026816986],[77.36597398826449,29.173248385678868],[77.36658797525659,29.172794709332823],[77.36630991450036,29.171685123407762],[77.36510543925127,29.16848050830988],[77.36555507965927,29.168275074528466],[77.36533082100989,29.166969219292195],[77.3658163691036,29.16664651088347],[77.36560269083841,29.165839041233628],[77.36637352011702,29.16568763304367],[77.36615985493677,29.16500205979025],[77.36665048064764,29.164607118545465],[77.36659623657961,29.16415832874543],[77.36475066362443,29.16312152679241],[77.36408764957964,29.163094695096124],[77.36262231728645,29.161949453350555],[77.36236535904558,29.161958521190574],[77.36212360272165,29.161514252976026],[77.36153508433792,29.16139267466838],[77.36138588333286,29.16105441018203],[77.36000569960365,29.16060379491839],[77.3593130425576,29.163222808957332],[77.35986866264972,29.164323241983038],[77.35877426132842,29.16501608847321],[77.35855888034123,29.166207126916174],[77.35511554591379,29.166632336611308],[77.35410537445837,29.166197303135956],[77.35316425900469,29.164760828180523],[77.3507255165781,29.16480895265408],[77.34839940223341,29.16367054676219],[77.34494067281668,29.164109033801765],[77.34430836920103,29.163527217859205],[77.3430670456371,29.16326361800786],[77.34062292242977,29.162086755393634],[77.33947938395973,29.16219080428494],[77.33896529237231,29.161721732257472],[77.33846418888685,29.16169252864051],[77.33796029083244,29.16058517220509],[77.33759787815805,29.16050171575835],[77.33702985952544,29.159768790321195],[77.33550597657566,29.159663032938113],[77.33458571046117,29.15810469231004],[77.33322908330729,29.158664246907488],[77.33250978295472,29.15997035125113],[77.33253039732125,29.160394311200584],[77.33390049680179,29.16251434902459],[77.33390588385794,29.163373675308204],[77.33333289179032,29.164009844851453],[77.33744253567562,29.16590834006805],[77.33908764559216,29.167624474176232],[77.34079501713273,29.171230720037997],[77.3415637834394,29.17244627219208],[77.34200074094092,29.172401082596387],[77.34295217389068,29.174433043107623],[77.34349190592886,29.174236678814754],[77.34489804619658,29.175413719221797],[77.345589252436,29.175122612393377],[77.34633487486867,29.175887015633858],[77.3469671629548,29.175922943628926],[77.34736056979617,29.176516093097643],[77.3483781670391,29.176096283094125],[77.34938078891835,29.176964354986172],[77.34971486023343,29.176808658836435],[77.35108264253861,29.178098466578323],[77.3518999345998,29.177976399151994],[77.35400289399003,29.17940120386572],[77.35485690680244,29.181273090292123],[77.35864654781265,29.178197508752966],[77.36394828688191,29.177300053606146],[77.36712443445627,29.17634026816986]]]}},{"type":"Feature","id":"64366","properties":{"name":"Khwajgipur Urf Chandanheri","source_code":"119258","source_subdistrict":"Baraut","lgd_id":null,"lgd_name":null,"subdistrict":"Baraut","status":"unlinked"},"geometry":{"type":"Polygon","coordinates":[[[77.1938343207476,29.182086963956827],[77.19537338097054,29.181294635986188],[77.19569219906,29.18166891475156],[77.1967972355931,29.181605267446567],[77.20088827662576,29.18093573640916],[77.20227574353206,29.180353191174884],[77.20216720504219,29.17950517879755],[77.20037654324263,29.17627194612741],[77.19964816648597,29.170187390978086],[77.19971281878662,29.166700489972047],[77.19571497389384,29.16759553562526],[77.19512384120736,29.167433431603747],[77.19430177912163,29.16785331835788],[77.19413236228733,29.16822778350318],[77.19333084018278,29.168593490614303],[77.1902895346099,29.170890816268106],[77.19064953306082,29.17144098170965],[77.19023866312821,29.17182908763709],[77.18988461119838,29.172970376791532],[77.18836920924825,29.174486624603272],[77.18687887671702,29.174812003093756],[77.18363150855099,29.176689747737953],[77.18451605088529,29.177731391866132],[77.18519510326766,29.179102305169312],[77.18559683677314,29.180613250176],[77.1871235243003,29.180910374798447],[77.18804390869873,29.181595547309627],[77.18925702643284,29.181743908078964],[77.19002331142129,29.182514904944714],[77.191775829563,29.18209922776806],[77.19224881093888,29.182279436340057],[77.19307602596894,29.181706144490857],[77.19336384269617,29.181674515666213],[77.1938343207476,29.182086963956827]]]}},{"type":"Feature","id":"64367","properties":{"name":"Halalpur","source_code":"119255","source_subdistrict":"Baraut","lgd_id":null,"lgd_name":null,"subdistrict":"Baraut","status":"unlinked"},"geometry":{"type":"Polygon","coordinates":[[[77.19718475765033,29.202547592560368],[77.19689665433788,29.20208762597351],[77.19814534018204,29.201279641372558],[77.19952798800946,29.20081445268926],[77.19996497474939,29.20091344535894],[77.20148112684022,29.200290275724957],[77.20166632253125,29.20048413003247],[77.20307966833617,29.199838349305722],[77.20469819052987,29.198705445949418],[77.20670240345237,29.19771661322412],[77.20735649604892,29.197610526634616],[77.2065468821438,29.195686926369362],[77.20654648675628,29.195168190321695],[77.20559944085066,29.19329234808289],[77.20325807877136,29.18950919024658],[77.20141187641084,29.188057740501346],[77.20104639283487,29.18718280630128],[77.20123641672616,29.18706092503879],[77.20034638492008,29.18569916369477],[77.2005870425885,29.18412038008468],[77.20043227841708,29.183340120213593],[77.20098265514915,29.183219029767578],[77.20065283306364,29.182478419126898],[77.19953664209356,29.181148351549375],[77.19569219906,29.18166891475156],[77.19537338097054,29.181294635986188],[77.19047133753638,29.184161089420392],[77.1910629674783,29.185053940780065],[77.19099114272433,29.185365211284378],[77.18982988576518,29.18617762507536],[77.19024650997922,29.18666910220895],[77.18930106089597,29.187337088242476],[77.18936301986226,29.187887339143952],[77.18819159151438,29.188934273220735],[77.18841806006515,29.1895160895154],[77.18808429279775,29.19012063065974],[77.18605136819748,29.19127955878492],[77.18755629685309,29.19313388134688],[77.18857026253386,29.195591692979978],[77.19267495610988,29.200222171585082],[77.1939048969549,29.202472352845284],[77.19433156573163,29.20239549176775],[77.19530868279581,29.20313024999715],[77.19718475765033,29.202547592560368]]]}},{"type":"Feature","id":"64368","properties":{"name":"Bodha","source_code":"119239","source_subdistrict":"Baraut","lgd_id":null,"lgd_name":null,"subdistrict":"Baraut","status":"unlinked"},"geometry":{"type":"Polygon","coordinates":[[[77.18273426060641,29.289447260876287],[77.1866073051991,29.285191823209452],[77.18502621955425,29.282927533016124],[77.18455167541339,29.280685354228137],[77.18224074902729,29.279982334700467],[77.18024831537078,29.27802946824797],[77.1772199535766,29.274311486726997],[77.17514736227662,29.275044298159536],[77.1722405274209,29.276601749235606],[77.17019816946434,29.278005576703567],[77.16917376167952,29.27713954209685],[77.16876171626649,29.276174141993156],[77.16674474971386,29.27677931197274],[77.16573627168007,29.277366049473823],[77.16561280620824,29.277244287555554],[77.16265928829698,29.278278234272122],[77.16111556335203,29.278499671246458],[77.15976762858115,29.27948805963399],[77.15956675850842,29.278996276442843],[77.15786363615419,29.279957659787996],[77.15796178328871,29.281275091801533],[77.15730331895242,29.28215505452752],[77.15632564759959,29.28243942074921],[77.1565063918544,29.284722395838113],[77.15740746989201,29.286486259266937],[77.15767546904556,29.287767551954246],[77.1576039764306,29.28979780722915],[77.15893284463613,29.29340691140956],[77.1590269268601,29.294361750434277],[77.16143952243837,29.294362761120368],[77.16433169214616,29.29350490406266],[77.17122768577654,29.292077358852783],[77.17146451699396,29.292320872249647],[77.17235474871661,29.292067959155986],[77.17265338701664,29.292410788554157],[77.17546300016154,29.291345195614245],[77.17593164245726,29.292121039720268],[77.18047504732014,29.289732848161893],[77.1817565873861,29.29003013150527],[77.18273426060641,29.289447260876287]]]}},{"type":"Feature","id":"64369","properties":{"name":"Singhaoli Ahir","source_code":"119463","source_subdistrict":"Baghpat","lgd_id":null,"lgd_name":null,"subdistrict":"Baghpat","status":"unlinked"},"geometry":{"type":"Polygon","coordinates":[[[77.42283252002184,28.968964973605043],[77.42227434074276,28.96784092312395],[77.42071577914228,28.96577014110398],[77.41754438122277,28.959665750863287],[77.4179699843864,28.95937078191694],[77.41697061370797,28.957007111838745],[77.41639988039097,28.956947604453955],[77.41587530531596,28.956503167674295],[77.4146341769423,28.953850508133716],[77.4136219566069,28.95393478062411],[77.41260416415297,28.95245949283976],[77.41151836751492,28.9515029180549],[77.40963542837457,28.951288030153627],[77.40895129126237,28.95027085464703],[77.40663482801656,28.951641928332673],[77.40559970246417,28.95191023225467],[77.40502468123637,28.951146336368055],[77.40455815042583,28.951574760497653],[77.40493019467297,28.952016768760423],[77.403880313428,28.952989098743036],[77.40135050163414,28.953618821445527],[77.4015602290033,28.954527719001476],[77.40020218951707,28.95564593989162],[77.39916378745285,28.955159569742815],[77.39767265686856,28.956258838489006],[77.39629475845025,28.956504745829466],[77.39238128978118,28.958553910839996],[77.39189526604923,28.958093255068377],[77.39044109601078,28.959243359189564],[77.38851926518846,28.9581556397522],[77.38723945185274,28.9582689207284],[77.38529958769438,28.958941544041345],[77.3852487363503,28.95954437465304],[77.38620785970534,28.960624811341138],[77.3869187306816,28.960368114450393],[77.38732815038342,28.960844303112857],[77.38865635366524,28.96024553110646],[77.38865634032834,28.961151017434595],[77.39075082000217,28.96400220204708],[77.3916360886962,28.966330621691665],[77.39254049333617,28.97137575460903],[77.39207596994045,28.97260902369524],[77.39303013199452,28.973479713254864],[77.39325677828123,28.974489473762187],[77.393488031984,28.97618678932046],[77.39321026540716,28.978512994639953],[77.39833730053621,28.976818933141306],[77.40329448641893,28.975943575197192],[77.407600558516,28.974286209575276],[77.41129528904905,28.97359138942523],[77.41159067277937,28.973143427142986],[77.41605602039608,28.97115304601359],[77.42283252002184,28.968964973605043]]]}},{"type":"Feature","id":"64370","properties":{"name":"Mozzampur Urf Ladpur","source_code":"119467","source_subdistrict":"Baghpat","lgd_id":null,"lgd_name":null,"subdistrict":"Baghpat","status":"unlinked"},"geometry":{"type":"Polygon","coordinates":[[[77.4422683005167,28.975145142912968],[77.44220829847087,28.973894986662902],[77.44273120824583,28.971656443856897],[77.44270031540366,28.97038159340728],[77.44146616248027,28.97012714189223],[77.44066279211155,28.969326219249425],[77.43932500718834,28.966705811819754],[77.43727233060778,28.964543452775136],[77.43612281372043,28.96388787657309],[77.43402202566044,28.963133216793892],[77.43210843550841,28.961626962255213],[77.43227585222458,28.960908614703985],[77.42957299670562,28.957930834333748],[77.42803411786987,28.95674912625935],[77.42440671284048,28.958820425144097],[77.42006859893816,28.9620539664863],[77.41901714717012,28.962187946269673],[77.42071577914228,28.96577014110398],[77.42227434074276,28.96784092312395],[77.42577262695755,28.974294120364274],[77.42557659559675,28.97638694400848],[77.42577130764556,28.977111084745935],[77.42641978059646,28.977104733637724],[77.4272937913228,28.978175134789993],[77.42913215525759,28.977802213316448],[77.43095545778135,28.979994484544708],[77.43395291699288,28.977980088028115],[77.43595416468865,28.977106665734908],[77.43632917172852,28.977414484207358],[77.43940343349344,28.976289899232988],[77.4399864020359,28.97668487158583],[77.4422683005167,28.975145142912968]]]}},{"type":"Feature","id":"64371","properties":{"name":"Basi","source_code":"119519","source_subdistrict":"Khekada","lgd_id":null,"lgd_name":null,"subdistrict":"Khekada","status":"unlinked"},"geometry":{"type":"Polygon","coordinates":[[[77.30341571634199,28.907855011971893],[77.305598778615,28.906499850756617],[77.30733548690755,28.904634052355135],[77.31070105835799,28.903231616983543],[77.31297178695907,28.90134117688739],[77.31418323028215,28.900841626968724],[77.31467091949258,28.90120197993402],[77.31828287980164,28.899853822107236],[77.32130703168501,28.896600715359607],[77.32174712944926,28.895635403038007],[77.32063783453818,28.89405720754664],[77.32153511309578,28.893099541420746],[77.32058258343669,28.89132271596869],[77.31793507787138,28.887739825304088],[77.31594406138373,28.88552629036137],[77.3152296803999,28.883317364630567],[77.31451312492943,28.88296993482029],[77.31231599379194,28.88060194007749],[77.31080856213124,28.879821942928444],[77.30972723366575,28.87960252654177],[77.30866058921863,28.879584598469847],[77.30498687141709,28.881166326711625],[77.30287706986809,28.881801623804932],[77.30058625801718,28.881997803286595],[77.30044307115368,28.882448196550882],[77.29912075208816,28.88279484864219],[77.28985075655757,28.886713455671572],[77.28834924253526,28.886537094564],[77.28690373098914,28.888156121763004],[77.28623807809917,28.889838662740047],[77.28528120176331,28.89089575303705],[77.28655925828873,28.892577692679005],[77.28741202927252,28.894537508946883],[77.28932498822736,28.900305343630123],[77.28905240250053,28.902313150568993],[77.28981515745926,28.903164568811416],[77.28918793901464,28.903958917696077],[77.28969827938977,28.905024071284775],[77.28958543366699,28.90582712360333],[77.29013278653332,28.906943209619342],[77.28995179839875,28.90737616737816],[77.28954695411137,28.907587325498145],[77.2916411694219,28.909433914750462],[77.29363250191908,28.911630900335282],[77.29936809172308,28.909061316676638],[77.29963999322301,28.909703158244827],[77.30341571634199,28.907855011971893]]]}},{"type":"Feature","id":"64372","properties":{"name":"Kaharka","source_code":"119498","source_subdistrict":"Baghpat","lgd_id":null,"lgd_name":null,"subdistrict":"Baghpat","status":"unlinked"},"geometry":{"type":"Polygon","coordinates":[[[77.39899688718279,28.91133099288904],[77.40016646061649,28.910997822009644],[77.40066835209193,28.90887621948077],[77.40136968075934,28.908149733982366],[77.40191077873754,28.90688401268982],[77.40358502853847,28.905200650102262],[77.40556137614668,28.901828402891528],[77.4064400556588,28.900819672272956],[77.4062022157889,28.900346261560266],[77.40697545955634,28.899822147060583],[77.40698843131663,28.899201868139574],[77.40853638398838,28.896258637295475],[77.40843434556028,28.89567003407246],[77.41016171786247,28.892343960396467],[77.41013132215535,28.891974525319423],[77.4031635475656,28.888926876579387],[77.39999918841004,28.88716495045004],[77.39792348871161,28.885286490602972],[77.3962109407775,28.88608039553507],[77.3942151345206,28.887657877359548],[77.39278861618388,28.888439628552558],[77.39126189245967,28.88854892136019],[77.38780419358389,28.88805651624235],[77.38244991515528,28.890752938901034],[77.38432719902328,28.892997287744898],[77.38522664658653,28.895527503598863],[77.38487014609706,28.899781276522102],[77.3850048720724,28.900621976811276],[77.38728449360127,28.90458335077402],[77.38752436645565,28.905861772561952],[77.38711436752723,28.907230206667865],[77.388037285617,28.90865392445334],[77.3894139447734,28.910252726263607],[77.390442760128,28.910269495228093],[77.3911194656105,28.910716533418622],[77.3915872990725,28.910221063867176],[77.39320815860516,28.911085940576434],[77.39246231405754,28.912113516857918],[77.39385034533021,28.91317582810113],[77.39589816600098,28.91367868988335],[77.39675760399557,28.912686486008212],[77.39899688718279,28.91133099288904]]]}},{"type":"Feature","id":"64373","properties":{"name":"Abdullapur Mewla","source_code":"119483","source_subdistrict":"Baghpat","lgd_id":null,"lgd_name":null,"subdistrict":"Baghpat","status":"unlinked"},"geometry":{"type":"Polygon","coordinates":[[[77.360719778622,28.92150433910958],[77.36122409843537,28.92109341406283],[77.3602770747875,28.918126374985146],[77.35976799014766,28.917866439394835],[77.35909577158556,28.91810689939364],[77.35860360094517,28.917947855866355],[77.35685345363748,28.916896037315556],[77.35591341730516,28.91718237254992],[77.3537872535348,28.915889534942185],[77.35205645550498,28.917504347375335],[77.35161716032778,28.917547391392645],[77.34999633088738,28.91936523113974],[77.3489623737731,28.918694107642715],[77.34759985990618,28.918235538291373],[77.34449196080301,28.915618283923934],[77.3431791361404,28.917290242164047],[77.34372704083934,28.91929491028659],[77.34289947928029,28.919666882207242],[77.34353331825437,28.922108975317887],[77.34281754652977,28.922600184352987],[77.34230309786149,28.923480428860383],[77.3423070637911,28.925073589766434],[77.34370668084141,28.926471896202916],[77.34340254143949,28.92732208836352],[77.34469327641206,28.929355807220663],[77.3455723480956,28.930141763565775],[77.34689292744551,28.930784105083475],[77.34926216623396,28.929632718134506],[77.35038670593347,28.92874578393582],[77.35047654063875,28.928110037782798],[77.35148243176346,28.92742236428858],[77.35153988209362,28.92651777117443],[77.35254861799005,28.92569598206665],[77.35362425384966,28.92531129391914],[77.35482155503392,28.926370771769097],[77.36061893594074,28.922659768669934],[77.360719778622,28.92150433910958]]]}},{"type":"Feature","id":"64374","properties":{"name":"Harsia","source_code":"119499","source_subdistrict":"Baghpat","lgd_id":null,"lgd_name":null,"subdistrict":"Baghpat","status":"unlinked"},"geometry":{"type":"Polygon","coordinates":[[[77.4205436454613,28.886558129298486],[77.42165729852458,28.88523444335419],[77.4191156412515,28.88009528724804],[77.41576623165514,28.878984713086243],[77.40954180338395,28.87777725942549],[77.40809058539305,28.87701586422184],[77.40774073128404,28.87734561154044],[77.40552063592969,28.876907152052148],[77.40282025786405,28.877567730137592],[77.40233364040745,28.875329342984784],[77.40003962471614,28.876147404363877],[77.3995592996914,28.87724646386623],[77.39837351298651,28.878367597065743],[77.3984567921678,28.878939149581246],[77.39801518608809,28.87909967845684],[77.39718775379617,28.880394329115273],[77.39750065516961,28.880919302783195],[77.39741637406495,28.881303653237882],[77.39663471468532,28.88132448561021],[77.39642628800401,28.882176390577115],[77.39724996694751,28.882877373005282],[77.39694806141515,28.883643904352088],[77.39749306751183,28.88400494366695],[77.39744336085101,28.88455755818341],[77.39792348871161,28.885286490602972],[77.39999918841004,28.88716495045004],[77.4031635475656,28.888926876579387],[77.41013132215535,28.891974525319423],[77.41272521298718,28.89003758011427],[77.41335593031214,28.88994714942707],[77.41418255375095,28.890513918706937],[77.41846332329821,28.889006599045413],[77.41920288418709,28.888263860650525],[77.41926191393374,28.887258595788214],[77.4205436454613,28.886558129298486]]]}},{"type":"Feature","id":"64375","properties":{"name":"Mukari","source_code":"119496","source_subdistrict":"Baghpat","lgd_id":null,"lgd_name":null,"subdistrict":"Baghpat","status":"unlinked"},"geometry":{"type":"Polygon","coordinates":[[[77.413663388881,28.930937119772818],[77.41508746964868,28.930289345332042],[77.41522521981585,28.92916803945102],[77.41673729034046,28.928412669975433],[77.41883669539429,28.926912139673394],[77.41952266675791,28.926923192458542],[77.42339128840352,28.924210172825756],[77.42545781611979,28.924285328491177],[77.42847286210717,28.922740687287792],[77.43290474705374,28.921344473615232],[77.43424444934364,28.920158552221654],[77.437714326348,28.9159630668972],[77.43433766328515,28.90782608025035],[77.43367677925269,28.906608072753706],[77.43158709549718,28.904444811815722],[77.4307572279979,28.903106685812478],[77.43022153945216,28.90044845338674],[77.42882353188259,28.89618321464269],[77.4296583221215,28.895441966617728],[77.428025044001,28.893336251451593],[77.42692233674956,28.892295557715613],[77.42739308733299,28.891649088136457],[77.42449803518615,28.89066341500031],[77.42251772963846,28.889675647000352],[77.4205436454613,28.886558129298486],[77.41926191393374,28.887258595788214],[77.41920288418709,28.888263860650525],[77.41846332329821,28.889006599045413],[77.41418255375095,28.890513918706937],[77.41335593031214,28.88994714942707],[77.41272521298718,28.89003758011427],[77.41013132215535,28.891974525319423],[77.40956081777664,28.89374293172715],[77.40843434556028,28.89567003407246],[77.40853638398838,28.896258637295475],[77.40698843131663,28.899201868139574],[77.40697545955634,28.899822147060583],[77.4062022157889,28.900346261560266],[77.4064400556588,28.900819672272956],[77.40556137614668,28.901828402891528],[77.40358502853847,28.905200650102262],[77.40191077873754,28.90688401268982],[77.40136968075934,28.908149733982366],[77.40066835209193,28.90887621948077],[77.40016646061649,28.910997822009644],[77.39899688718279,28.91133099288904],[77.39932541122056,28.912023883523815],[77.39987828302098,28.912016091780316],[77.40023149138953,28.912441067391274],[77.40091808401878,28.91241867217496],[77.401352152684,28.91353251057934],[77.40277443032527,28.913874205277402],[77.4035165266976,28.914842103080836],[77.4049699131797,28.91551967174842],[77.40551157492443,28.91604830257731],[77.40621688839069,28.91604295784686],[77.4066428364594,28.916636788897502],[77.40725148494218,28.916696952112037],[77.4086648358357,28.91838000354244],[77.40804285943753,28.918956868414632],[77.4093573985878,28.92263385836567],[77.40864609058191,28.92292419762459],[77.40990667777056,28.92644936249975],[77.40856211799915,28.92785299461337],[77.4097951160845,28.92950793004255],[77.41232582220651,28.932005505640312],[77.413663388881,28.930937119772818]]]}},{"type":"Feature","id":"64376","properties":{"name":"Latifpur Dattnagar","source_code":"119497","source_subdistrict":"Baghpat","lgd_id":null,"lgd_name":null,"subdistrict":"Baghpat","status":"unlinked"},"geometry":{"type":"Polygon","coordinates":[[[77.4097951160845,28.92950793004255],[77.40856211799915,28.92785299461337],[77.40990667777056,28.92644936249975],[77.40864609058191,28.92292419762459],[77.4093573985878,28.92263385836567],[77.40804285943753,28.918956868414632],[77.4086648358357,28.91838000354244],[77.40725148494218,28.916696952112037],[77.4066428364594,28.916636788897502],[77.40621688839069,28.91604295784686],[77.40551157492443,28.91604830257731],[77.4049699131797,28.91551967174842],[77.4035165266976,28.914842103080836],[77.40277443032527,28.913874205277402],[77.401352152684,28.91353251057934],[77.40091808401878,28.91241867217496],[77.40023149138953,28.912441067391274],[77.39987828302098,28.912016091780316],[77.39932541122056,28.912023883523815],[77.39899688718279,28.91133099288904],[77.39675760399557,28.912686486008212],[77.39589816600098,28.91367868988335],[77.39385034533021,28.91317582810113],[77.39193029398066,28.915660007046],[77.39328730382263,28.916386421071],[77.39387022089768,28.917670389237866],[77.39649481619115,28.921570045952006],[77.40334513251146,28.929395108975847],[77.4051217860475,28.93193926513118],[77.40518677915142,28.932476927396632],[77.40604089157286,28.93219730419547],[77.40739599241337,28.931204715510464],[77.40787314045316,28.93163166485497],[77.40867673356165,28.931032597310413],[77.4097951160845,28.92950793004255]]]}},{"type":"Feature","id":"64377","properties":{"name":"Vidhawati","source_code":"119247","source_subdistrict":"Baraut","lgd_id":null,"lgd_name":null,"subdistrict":"Baraut","status":"unlinked"},"geometry":{"type":"Polygon","coordinates":[[[77.32811796250529,29.240233851398273],[77.32506990877272,29.235170514986372],[77.3226473215606,29.232985127474123],[77.32144116310077,29.232322160748947],[77.31956662179394,29.23325605421087],[77.31901631112488,29.233208657067994],[77.31911406501483,29.233537996185053],[77.3184018589973,29.23520258229243],[77.31697991997967,29.236605588639712],[77.3175045465913,29.23866488728304],[77.31723736969296,29.243257064924375],[77.31746641404354,29.245057014067278],[77.31713980886752,29.246047124560075],[77.31617027994851,29.247628283762293],[77.31718370062298,29.24896351812563],[77.31939794966604,29.247289863041935],[77.32095641922318,29.24650027403134],[77.32471353181616,29.24400762457769],[77.32575787133332,29.245466856026884],[77.32789225144249,29.24395092408008],[77.32838341814767,29.243522340992804],[77.32855307848492,29.242962956820453],[77.32811796250529,29.240233851398273]]]}},{"type":"Feature","id":"64378","properties":{"name":"Rasoolpur Sankal Poothi","source_code":"119480","source_subdistrict":"Baghpat","lgd_id":null,"lgd_name":null,"subdistrict":"Baghpat","status":"unlinked"},"geometry":{"type":"Polygon","coordinates":[[[77.36348335006686,28.926890900610125],[77.36240602964058,28.924667997615657],[77.36321308470067,28.924362667583367],[77.36283255919746,28.923434087407227],[77.36189498580926,28.923603110021848],[77.360719778622,28.92150433910958],[77.36061893594074,28.922659768669934],[77.35482155503392,28.926370771769097],[77.35362425384966,28.92531129391914],[77.35254861799005,28.92569598206665],[77.35153988209362,28.92651777117443],[77.35148243176346,28.92742236428858],[77.35047654063875,28.928110037782798],[77.35038670593347,28.92874578393582],[77.34926216623396,28.929632718134506],[77.34689292744551,28.930784105083475],[77.34567632971947,28.932407329407365],[77.34606141781398,28.933118016024654],[77.34517050290464,28.93377401783274],[77.34596659845344,28.935765964795294],[77.34502100796868,28.936303674470125],[77.34589653984729,28.937257250552545],[77.34598611046898,28.938415797449412],[77.34663029592409,28.93949130032708],[77.34876401436398,28.94133767599595],[77.35036419862915,28.943175191564265],[77.35296885218943,28.942614575034806],[77.35454870099049,28.941835766921997],[77.35490889613901,28.94103680822241],[77.35441466489104,28.93918406269489],[77.35530199334085,28.9386956468902],[77.35523936094562,28.938057391098035],[77.35740011564467,28.936852145942932],[77.3570354344157,28.936074754452033],[77.35765809149947,28.93548134058712],[77.35749254800758,28.934304773975295],[77.35880477005207,28.933555039137136],[77.35882620110657,28.932549244208978],[77.35727557562919,28.930175982073393],[77.36348335006686,28.926890900610125]]]}},{"type":"Feature","id":"64379","properties":{"name":"Khatta Prahladpur","source_code":"119482","source_subdistrict":"Baghpat","lgd_id":null,"lgd_name":null,"subdistrict":"Baghpat","status":"unlinked"},"geometry":{"type":"Polygon","coordinates":[[[77.34663029592409,28.93949130032708],[77.34598611046898,28.938415797449412],[77.34589653984729,28.937257250552545],[77.34502100796868,28.936303674470125],[77.34596659845344,28.935765964795294],[77.34517050290464,28.93377401783274],[77.34606141781398,28.933118016024654],[77.34567632971947,28.932407329407365],[77.34689292744551,28.930784105083475],[77.3455723480956,28.930141763565775],[77.34469327641206,28.929355807220663],[77.34340254143949,28.92732208836352],[77.34370668084141,28.926471896202916],[77.3423070637911,28.925073589766434],[77.34230309786149,28.923480428860383],[77.34281754652977,28.922600184352987],[77.34353331825437,28.922108975317887],[77.34289947928029,28.919666882207242],[77.34372704083934,28.91929491028659],[77.3431791361404,28.917290242164047],[77.34449196080301,28.915618283923934],[77.34270887217026,28.912553391908872],[77.34240833878906,28.911458370872094],[77.3427401309576,28.91109494116015],[77.34185040854723,28.90459023440515],[77.34408186891211,28.90273225308517],[77.34494526036175,28.90246148122522],[77.34458253107418,28.900711381407017],[77.3431235539339,28.90120705245572],[77.34271414061874,28.90074746687967],[77.33998127106614,28.901993384628078],[77.33646578307972,28.904182129274645],[77.33465624472568,28.905024057582843],[77.33144720465965,28.907133934939424],[77.33006611140979,28.907546931593778],[77.32993591798711,28.908282635472766],[77.32697748849276,28.908484828359335],[77.32608542179543,28.90743020096121],[77.3239633399682,28.908618955524574],[77.32308926510981,28.907614921512586],[77.3217199469398,28.90836344109287],[77.32223818655405,28.909076443573795],[77.32111833363712,28.909745278475327],[77.32160665952154,28.910960875415547],[77.32089992217567,28.91103290289419],[77.32119171575013,28.91164149780231],[77.31988602142441,28.912089205278413],[77.31994882215847,28.91271073934548],[77.3192409862593,28.912833049286903],[77.31945439069166,28.913540953052667],[77.319090944801,28.913601948204015],[77.31903978905721,28.914204802718455],[77.3181550319397,28.914575692900236],[77.31812800136547,28.91494417405346],[77.31618771447506,28.91564953673201],[77.31102419913633,28.916451714893583],[77.31469335866812,28.922164640159536],[77.3152001856156,28.922525297255078],[77.31653233042826,28.925264279570346],[77.3173584006439,28.927609065188253],[77.31358789692577,28.930078039489242],[77.31773849778634,28.934708833298522],[77.31708334713903,28.93503324556647],[77.31840729225281,28.936396947379404],[77.31847082439612,28.936984929590007],[77.31882309836189,28.93744359215998],[77.31922327727239,28.937450289520452],[77.32055654580374,28.93926688808263],[77.32219353537175,28.94202760881382],[77.32153799540323,28.94236879690216],[77.3214324234523,28.943725314584164],[77.32165462759285,28.944911237552432],[77.32361584641372,28.944139110053197],[77.32464348645627,28.944223350632942],[77.3256841493887,28.943704123827647],[77.32727647404482,28.94235564807736],[77.33087433638457,28.941711342655747],[77.33331865786995,28.94151728788598],[77.3339543298999,28.94209801266049],[77.3365885030487,28.941940605411705],[77.33751109813868,28.94336453053509],[77.34062352527533,28.94224240926835],[77.34161592393025,28.942191806111705],[77.34334398130454,28.941616793922773],[77.34663029592409,28.93949130032708]]]}},{"type":"Feature","id":"64380","properties":{"name":"Poornpur Nawada","source_code":"119550","source_subdistrict":"Khekada","lgd_id":null,"lgd_name":null,"subdistrict":"Khekada","status":"unlinked"},"geometry":{"type":"Polygon","coordinates":[[[77.39429273480053,28.803701074700918],[77.39493604762946,28.80299032807066],[77.40273804742554,28.797783464864892],[77.40227937111537,28.796954149587766],[77.39995814894911,28.796413252955155],[77.39770748850991,28.796594700360227],[77.39598834536596,28.795946129048463],[77.39370313859273,28.79595923023684],[77.39216697360236,28.795665828150465],[77.39061706811256,28.796026327669313],[77.38909358478145,28.796940748566943],[77.38764132079126,28.79627966958563],[77.3893336576469,28.79457969064276],[77.38378562181859,28.792207924015962],[77.38163024854315,28.791484964086433],[77.38064048700241,28.791468758715588],[77.37793883443507,28.79046843121369],[77.36911252893023,28.786029579318026],[77.3690114406881,28.787654913357134],[77.36821171651773,28.789453253411256],[77.36876495223612,28.790301009257288],[77.36819807141201,28.792790865934627],[77.36591042481285,28.794715649054346],[77.36298051554503,28.796394987768856],[77.36073257247092,28.798236477385736],[77.36258602757405,28.799726285395632],[77.36754657198699,28.802860638354982],[77.37143388950076,28.806329412348408],[77.37284007911545,28.806469919420515],[77.37377852688638,28.806216966029442],[77.37560776712544,28.80616312218148],[77.3766657410265,28.80566052294704],[77.38160874614982,28.806043411001536],[77.38660715476097,28.805605192164872],[77.38861651087426,28.8060405478733],[77.38985879556822,28.80582600534648],[77.39107428352168,28.80507429302652],[77.39429273480053,28.803701074700918]]]}},{"type":"Feature","id":"64381","properties":{"name":"Dagarpur","source_code":"119539","source_subdistrict":"Khekada","lgd_id":null,"lgd_name":null,"subdistrict":"Khekada","status":"unlinked"},"geometry":{"type":"Polygon","coordinates":[[[77.34179027938603,28.810493998692483],[77.34823736426854,28.805996905519468],[77.3475429787705,28.803737850454525],[77.34378061765078,28.797134011308888],[77.34357157953315,28.79622480152272],[77.34301490167078,28.79554463682222],[77.34249379304849,28.79587143958567],[77.34135244425453,28.79492995920653],[77.34002183088154,28.79571294085799],[77.33837120686323,28.79632285758999],[77.33512769224417,28.798399020232463],[77.32856677103102,28.800218469808495],[77.33060197786465,28.805636517476962],[77.3332265975012,28.808447784912836],[77.33381636424568,28.808474387251398],[77.33515242060959,28.81010682030016],[77.33579462613632,28.81035233302401],[77.33708866664615,28.81305748636546],[77.33772085918109,28.81243903758939],[77.34054660713734,28.810766849383402],[77.34179027938603,28.810493998692483]]]}},{"type":"Feature","id":"64382","properties":{"name":"Harchandpur","source_code":"119503","source_subdistrict":"Khekada","lgd_id":null,"lgd_name":null,"subdistrict":"Khekada","status":"unlinked"},"geometry":{"type":"Polygon","coordinates":[[[77.28508472760203,28.92859126666509],[77.28731816062606,28.928444646203403],[77.2867605133688,28.926053937735492],[77.28721343604622,28.925390830440936],[77.28677558097235,28.924494628732702],[77.28658032393369,28.92296529195014],[77.28549072104694,28.919626441647814],[77.285947664775,28.918778932293385],[77.28577481290166,28.916227004157435],[77.2859357373797,28.9140999674292],[77.28542432694545,28.912213075134886],[77.28435602090505,28.910517972986394],[77.28372987847085,28.91038996371743],[77.28311360627683,28.91068136731374],[77.28239882029058,28.910249990280466],[77.27982343725593,28.911229229319407],[77.27912182463619,28.911066380852226],[77.2773143698151,28.908318925205513],[77.2750039304915,28.905915048587612],[77.27392561625427,28.903817200314343],[77.26847070983082,28.90660870057048],[77.26777393953455,28.906227871447914],[77.26593504461869,28.906649277144805],[77.26500947657499,28.90540925352809],[77.26398608280702,28.906012264707417],[77.26174728665522,28.90641840457034],[77.26358821374673,28.910223131768333],[77.26338918488582,28.910605440765817],[77.26476166928967,28.912322654617697],[77.26515299268483,28.914023097815516],[77.26493685527275,28.91474889612864],[77.26367235782969,28.915909568312383],[77.26343290097985,28.916827815500312],[77.26374088459279,28.919281464394928],[77.26494346821111,28.920928668492348],[77.26581502102069,28.920733929118537],[77.26783172961805,28.920902504513577],[77.27021673428911,28.920792246523995],[77.27093338520827,28.92113985450104],[77.27182039255996,28.924139958268213],[77.27278894712447,28.9260346435203],[77.27634165893723,28.93090792936941],[77.27846081459751,28.93075948933833],[77.28282336205102,28.930011857695366],[77.28508472760203,28.92859126666509]]]}},{"type":"Feature","id":"64383","properties":{"name":"Rataul (NP)","source_code":"804157","source_subdistrict":"Khekada","lgd_id":null,"lgd_name":null,"subdistrict":"Khekada","status":"unlinked"},"geometry":{"type":"Polygon","coordinates":[[[77.34522968825326,28.847340623547073],[77.3452070044128,28.845730176402274],[77.34422141991256,28.842829102821597],[77.34170539963957,28.839349122395927],[77.34417496302294,28.837880666211575],[77.34734718207349,28.836507676299572],[77.34748302011114,28.837281432551293],[77.34804416233925,28.83687143758523],[77.34829281623976,28.83771414823388],[77.3489488044872,28.837322493768497],[77.34908931018332,28.837878291779734],[77.3495947604337,28.8374002815059],[77.3498344127357,28.837773230031434],[77.35334813959501,28.835567185190598],[77.35364563656708,28.835907542961685],[77.3576367954284,28.834531116744955],[77.35475559186975,28.831196215281597],[77.3546876316771,28.82723689230129],[77.35379189309018,28.82547778110291],[77.35621724500642,28.824276735152864],[77.35164981566491,28.82098932118281],[77.34906424075847,28.82166771034899],[77.34740442839255,28.82046614197618],[77.34673787350205,28.81957454323309],[77.3457002054919,28.816890527783343],[77.34585404036575,28.814595258044193],[77.34534628244175,28.8134043739089],[77.34560755688437,28.812318497459078],[77.34495757142135,28.81110008935155],[77.34497244409198,28.80995980028403],[77.34435318585142,28.808641259502288],[77.34179027938603,28.810493998692483],[77.34054660713734,28.810766849383402],[77.33772085918109,28.81243903758939],[77.33708866664615,28.81305748636546],[77.3373314424267,28.81416851221391],[77.33631811313847,28.815241855146795],[77.33269836104449,28.817076834503553],[77.33070185294811,28.81781506806505],[77.33041095489757,28.81717286293203],[77.32902977674786,28.817636210181387],[77.32920102829098,28.818528006275802],[77.32569799250773,28.824658473823533],[77.32311940028445,28.827651120495823],[77.32471774115672,28.83213922510796],[77.32656878236078,28.8363966948025],[77.32699314445833,28.838802160519734],[77.32862417436843,28.839131288150085],[77.32934584213528,28.840116098112084],[77.3309748047377,28.839656892943253],[77.33245159413725,28.84184507499335],[77.33483956194489,28.84418258391473],[77.33709105386058,28.847557614182037],[77.3385770378961,28.849326572724078],[77.33924102860672,28.848566122868025],[77.34019962546269,28.848280169378835],[77.3407205969646,28.848859059215656],[77.34205033891462,28.848143200862133],[77.34522968825326,28.847340623547073]]]}},{"type":"Feature","id":"64384","properties":{"name":"Jahangirpur Urf Dunda Hera","source_code":"119515","source_subdistrict":"Khekada","lgd_id":null,"lgd_name":null,"subdistrict":"Khekada","status":"unlinked"},"geometry":{"type":"Polygon","coordinates":[[[77.28351458497677,28.8410553998557],[77.28255172548126,28.83805365292472],[77.28226622712599,28.83630451873122],[77.2774496294813,28.837061242446897],[77.2765189451304,28.83607262924358],[77.27587746016837,28.835793358218233],[77.27282141494358,28.836177376374554],[77.2719104232552,28.83602767108428],[77.2685035110403,28.836774609865074],[77.26774790422463,28.833893688111203],[77.26663368879696,28.83389143110474],[77.26600158694691,28.834484428539405],[77.26615262981478,28.835409473596084],[77.26680278950701,28.836158548973025],[77.26670060720787,28.838202989387757],[77.26594471745788,28.838793868870606],[77.26422475743263,28.839049596179695],[77.26205335955642,28.839046003875946],[77.26040499927886,28.836921292037502],[77.25934317301038,28.836701844811614],[77.25880544482895,28.83603852476183],[77.25791610527408,28.835771705894967],[77.2566466010388,28.837192343826036],[77.25667554833349,28.838467513506373],[77.25593345932573,28.839293389843224],[77.25740567704861,28.839905646506832],[77.25817872084845,28.841126473373258],[77.26345255608435,28.845560653004892],[77.26382303625837,28.847764088800304],[77.26466736806483,28.848348759176456],[77.26495817796634,28.848118926209107],[77.26539393263509,28.848227002847064],[77.26616559949724,28.847787350306447],[77.27004967748759,28.84441544197914],[77.27403294092964,28.84258812613181],[77.27606826657212,28.841851277315797],[77.27658422378691,28.84177619940999],[77.27686064266459,28.842200201036064],[77.28242850142695,28.8410705030679],[77.28351458497677,28.8410553998557]]]}},{"type":"Feature","id":"64385","properties":{"name":"Pathhouli","source_code":"119487","source_subdistrict":"Baghpat","lgd_id":null,"lgd_name":null,"subdistrict":"Baghpat","status":"unlinked"},"geometry":{"type":"Polygon","coordinates":[[[77.39166983035734,28.92803994408644],[77.38999318811625,28.926193170278392],[77.38946109011918,28.924306338400342],[77.3877236799337,28.921729069331676],[77.38571118317807,28.91773864392687],[77.38384760074294,28.915729406566925],[77.3821957187024,28.91452854308776],[77.37872156321211,28.91658468104235],[77.37900479279124,28.917612258359746],[77.37767945762977,28.921699080491642],[77.37770922154702,28.92389635680285],[77.37991439141021,28.92597830182318],[77.38005159383573,28.92670162519105],[77.37931103840684,28.92746928006147],[77.37861709294204,28.929637920369885],[77.37942539352441,28.931076525738902],[77.38050106659756,28.929786127830372],[77.38124981330105,28.930435599267128],[77.38229962019437,28.93036891487796],[77.38276290463276,28.930996943135415],[77.38576028004397,28.92987205381378],[77.38601927467046,28.930245201854305],[77.38992913151246,28.92833020189163],[77.39166983035734,28.92803994408644]]]}},{"type":"Feature","id":"64386","properties":{"name":"Khaila","source_code":"119523","source_subdistrict":"Khekada","lgd_id":null,"lgd_name":null,"subdistrict":"Khekada","status":"unlinked"},"geometry":{"type":"Polygon","coordinates":[[[77.36941486973812,28.86789059036161],[77.37447425083933,28.86559217959309],[77.37371931080504,28.864355512978854],[77.36986037889973,28.861256587774843],[77.37019515484997,28.860742183088114],[77.36649322312589,28.856538833202993],[77.36441996750945,28.85459278053203],[77.3618269047871,28.85290646848808],[77.36061748040787,28.85289491408964],[77.35922757888608,28.854649748999908],[77.3566831138517,28.856050078562085],[77.35320265973269,28.85845793565829],[77.35237239201093,28.85986975678017],[77.35124240492252,28.861041813797666],[77.35028194494058,28.861411653422866],[77.3499510844966,28.86263046884446],[77.35084485587254,28.86404564980096],[77.35183419339967,28.86500119992755],[77.35297133951875,28.86706607338681],[77.35382990277918,28.86790204685419],[77.35889150159552,28.869092522036663],[77.35946858454281,28.868833707491135],[77.36071846533638,28.869189739456594],[77.36257089435438,28.86898547887414],[77.3642711159999,28.86966754780989],[77.36501941470979,28.870317161187025],[77.36941486973812,28.86789059036161]]]}},{"type":"Feature","id":"64387","properties":{"name":"Nagla Badi","source_code":"119529","source_subdistrict":"Khekada","lgd_id":null,"lgd_name":null,"subdistrict":"Khekada","status":"unlinked"},"geometry":{"type":"Polygon","coordinates":[[[77.32367381695306,28.829320834085035],[77.32311940028445,28.827651120495823],[77.32569799250773,28.824658473823533],[77.32920102829098,28.818528006275802],[77.32902977674786,28.817636210181387],[77.32645035523294,28.814490223803663],[77.32345858844684,28.81722443069342],[77.32200529723312,28.819263118157046],[77.32056716230453,28.820597601812803],[77.31896417038425,28.82162740607743],[77.31723150997384,28.822487295638545],[77.31559420123321,28.822459834387484],[77.31095543225452,28.824713287546118],[77.30919877337153,28.824918566867293],[77.313607889061,28.82975595212563],[77.31475750165829,28.83120087610303],[77.3142318130308,28.831728759196057],[77.31637462177454,28.833928301275584],[77.31844381306175,28.832487053691224],[77.3222578797771,28.830504735060366],[77.32367381695306,28.829320834085035]]]}},{"type":"Feature","id":"64388","properties":{"name":"Nagla Agri","source_code":"119552","source_subdistrict":"Khekada","lgd_id":null,"lgd_name":null,"subdistrict":"Khekada","status":"unlinked"},"geometry":{"type":"Polygon","coordinates":[[[77.36911252893023,28.786029579318026],[77.36776848566767,28.786560981393468],[77.3660629790021,28.786180667834838],[77.3633983565726,28.78613676514509],[77.36105971755877,28.787775513893394],[77.36183595109122,28.788878573309614],[77.36088655778038,28.789651247881565],[77.36038954586161,28.789743685964915],[77.35813371442481,28.791065062502973],[77.3583602219129,28.79294738442028],[77.35794087778861,28.79386297438899],[77.35844231080308,28.794458310500985],[77.35769580829688,28.795536223867728],[77.36073257247092,28.798236477385736],[77.36298051554503,28.796394987768856],[77.36591042481285,28.794715649054346],[77.36819807141201,28.792790865934627],[77.36876495223612,28.790301009257288],[77.36821171651773,28.789453253411256],[77.3690114406881,28.787654913357134],[77.36911252893023,28.786029579318026]]]}},{"type":"Feature","id":"64389","properties":{"name":"Noorpur Khalsa","source_code":"119513","source_subdistrict":"Khekada","lgd_id":null,"lgd_name":null,"subdistrict":"Khekada","status":"unlinked"},"geometry":{"type":"Polygon","coordinates":[[[77.25092739850587,28.847727581095764],[77.25245957839327,28.84649600918651],[77.25365168713084,28.845996546715792],[77.25650498002187,28.8435967993146],[77.2569387213132,28.84293336020397],[77.25575863833699,28.841168850029778],[77.2488390384777,28.842204226000305],[77.24493762058228,28.84197460511976],[77.24409956379307,28.84162162974939],[77.24285426769981,28.84160017987766],[77.24108330796511,28.843776970159798],[77.24062448817222,28.843660725093144],[77.23904215256123,28.844269896430887],[77.2384561253353,28.84503166478378],[77.23618823548446,28.84603522717171],[77.23984878494032,28.84810934478527],[77.24265904045484,28.847616121289217],[77.24657996318803,28.848360711927285],[77.24882409672529,28.848426388836227],[77.2493439243195,28.847834547142465],[77.25092739850587,28.847727581095764]]]}},{"type":"Feature","id":"64390","properties":{"name":"Fakharpur Mohammad Shahpur","source_code":"119527","source_subdistrict":"Khekada","lgd_id":null,"lgd_name":null,"subdistrict":"Khekada","status":"unlinked"},"geometry":{"type":"Polygon","coordinates":[[[77.30788029549575,28.845307882322356],[77.30531124339961,28.843436527034385],[77.30522721952796,28.842043054948967],[77.3045014599885,28.842131462857832],[77.30392064772697,28.84168561205063],[77.3032857222503,28.84197680658538],[77.30120917202204,28.83848679926245],[77.29946664195613,28.834532764154357],[77.29783783711834,28.832358446123134],[77.29723768983781,28.83192900874661],[77.29623884784128,28.83231466489144],[77.29294673564799,28.83043084370431],[77.29222028876045,28.829680577560048],[77.29089154881876,28.829037516070642],[77.28134729806479,28.834343353567785],[77.2821077173037,28.835714805519192],[77.28255172548126,28.83805365292472],[77.28351458497677,28.8410553998557],[77.28419709079931,28.842073295072186],[77.28496094737679,28.841985625478163],[77.28681307022443,28.84265436628347],[77.28788667277999,28.844953526264238],[77.28904491892672,28.84599622681159],[77.29037200094521,28.84628704880393],[77.29479789623558,28.848609327253335],[77.29605615831905,28.84856350452521],[77.29662637952374,28.849495576293933],[77.29794542762211,28.849283049756846],[77.30323388073072,28.846990678199],[77.30720181906405,28.845849933010154],[77.30788029549575,28.845307882322356]]]}},{"type":"Feature","id":"64391","properties":{"name":"Gauna","source_code":"119544","source_subdistrict":"Khekada","lgd_id":null,"lgd_name":null,"subdistrict":"Khekada","status":"unlinked"},"geometry":{"type":"Polygon","coordinates":[[[77.37862884220249,28.848402697503698],[77.37887364903182,28.84763522017082],[77.38154892958806,28.845431633615604],[77.38302118862191,28.845170599458825],[77.38377509478903,28.845551898643617],[77.3855217131784,28.84492635311514],[77.38716109851329,28.844869269027356],[77.38841506841017,28.8441182470514],[77.38973460847494,28.843871430389804],[77.39232146865955,28.842236446012482],[77.3937749771242,28.841958234811052],[77.39376720640003,28.841421416523726],[77.39860078025907,28.83891723097286],[77.40023080598165,28.83748458403057],[77.40194651788806,28.83650614559909],[77.40293672713948,28.835608159189725],[77.40271683724036,28.833373943816547],[77.40222345881631,28.832376397398075],[77.39007725650266,28.82848892784222],[77.38773816052907,28.830580795345142],[77.3826130163783,28.834270718701884],[77.38075901575007,28.834575818698067],[77.37903164489067,28.834295957429937],[77.3755002986308,28.834657375824754],[77.37495131693561,28.834497423470726],[77.37348023252517,28.834708091103284],[77.37249922703006,28.83516159654857],[77.37041116323253,28.83482540484023],[77.37002644373578,28.835003572652095],[77.36894097573978,28.835891408351237],[77.36841711409562,28.837241309128096],[77.36827477443146,28.838563937738922],[77.36979902352783,28.838094230302374],[77.37137097609518,28.840317155649114],[77.37265971266422,28.843323671236192],[77.37264360382146,28.844983793373096],[77.37331159767201,28.846722226180134],[77.3757431538627,28.851541975310596],[77.37862884220249,28.848402697503698]]]}},{"type":"Feature","id":"64392","properties":{"name":"Shahbanpur","source_code":"119543","source_subdistrict":"Khekada","lgd_id":null,"lgd_name":null,"subdistrict":"Khekada","status":"unlinked"},"geometry":{"type":"Polygon","coordinates":[[[77.4013022297395,28.84998838863987],[77.4036486229651,28.848919560328838],[77.40836921629273,28.84726861820728],[77.41010544151531,28.84622335405838],[77.41162712475145,28.844503740188507],[77.41104836506268,28.843940919156353],[77.41286768159188,28.84256153280975],[77.41415117688952,28.840385202751236],[77.412313471669,28.837168886490332],[77.40827210757969,28.836415844194665],[77.40724016988449,28.837489288503974],[77.40293672713948,28.835608159189725],[77.40194651788806,28.83650614559909],[77.40023080598165,28.83748458403057],[77.39860078025907,28.83891723097286],[77.39376720640003,28.841421416523726],[77.3937749771242,28.841958234811052],[77.39232146865955,28.842236446012482],[77.38973460847494,28.843871430389804],[77.38841506841017,28.8441182470514],[77.38716109851329,28.844869269027356],[77.3855217131784,28.84492635311514],[77.38377509478903,28.845551898643617],[77.38302118862191,28.845170599458825],[77.38154892958806,28.845431633615604],[77.37887364903182,28.84763522017082],[77.37862884220249,28.848402697503698],[77.38220789932662,28.852117442876768],[77.38454495382886,28.85150156949395],[77.38848337807944,28.849922288238602],[77.39084469320947,28.849960801477636],[77.39401605049208,28.850431755092924],[77.39659881076354,28.84990356264381],[77.39894137646057,28.849019226830368],[77.4013022297395,28.84998838863987]]]}},{"type":"Feature","id":"64393","properties":{"name":"Saidbhar","source_code":"119462","source_subdistrict":"Baghpat","lgd_id":null,"lgd_name":null,"subdistrict":"Baghpat","status":"unlinked"},"geometry":{"type":"Polygon","coordinates":[[[77.42210592955018,28.989225416765017],[77.42521744290093,28.987246580199226],[77.42595241501034,28.98583315147449],[77.42753235696614,28.985053681440363],[77.43067167147409,28.984483645197752],[77.43310938768977,28.98464008178003],[77.43221830178886,28.98346884720643],[77.43095545778135,28.979994484544708],[77.42913215525759,28.977802213316448],[77.4272937913228,28.978175134789993],[77.42641978059646,28.977104733637724],[77.42577130764556,28.977111084745935],[77.42557659559675,28.97638694400848],[77.42577262695755,28.974294120364274],[77.42283252002184,28.968964973605043],[77.41605602039608,28.97115304601359],[77.41159067277937,28.973143427142986],[77.41129528904905,28.97359138942523],[77.407600558516,28.974286209575276],[77.40329448641893,28.975943575197192],[77.39833730053621,28.976818933141306],[77.39321026540716,28.978512994639953],[77.39316334111318,28.979836883922225],[77.39191510246341,28.982063445415672],[77.39143181695322,28.98237416425283],[77.3914035061121,28.98260698741827],[77.39360965267382,28.981625028697838],[77.39397436864792,28.980720444241424],[77.39425761292438,28.981802795485176],[77.39484692450199,28.982680779235682],[77.39615262057046,28.983924441193142],[77.39654672311524,28.983619971066517],[77.39736994685849,28.984569458203104],[77.39769809374215,28.984555227524794],[77.3984080789497,28.985254226645896],[77.39935457786744,28.985588172170367],[77.39944925711376,28.986528691445656],[77.40079435384492,28.986952932973235],[77.40108320172997,28.987728922066047],[77.40247988620445,28.988422264760604],[77.40431039899937,28.98843515651898],[77.40608148868193,28.9903753193081],[77.40876919376699,28.99499627810542],[77.4106349874371,28.99423837139715],[77.41280248409859,28.99273078406582],[77.41449803338445,28.991903012800023],[77.41574388548379,28.991604527412353],[77.41744079871486,28.99070967532119],[77.42030515481669,28.989615626577535],[77.42210592955018,28.989225416765017]]]}},{"type":"Feature","id":"64394","properties":{"name":"Chakrasenpur Khurd","source_code":"119454","source_subdistrict":"Baghpat","lgd_id":null,"lgd_name":null,"subdistrict":"Baghpat","status":"unlinked"},"geometry":{"type":"Polygon","coordinates":[[[77.38075428049629,28.99583197269245],[77.38054471161111,28.994017676941098],[77.3815421796262,28.99284349277196],[77.38104557131294,28.991074800654243],[77.3809800139044,28.989665263104595],[77.38024296209194,28.9884459565602],[77.37934517570118,28.988515115459336],[77.37874647262892,28.987968763747013],[77.37689512992443,28.988039077287272],[77.37636453140847,28.987879483817437],[77.37421230672904,28.988649075939698],[77.37345316958346,28.989374406498197],[77.3760408665697,28.99325653889252],[77.37602986060554,28.99377614825466],[77.37802262780686,28.99603881726765],[77.38075428049629,28.99583197269245]]]}},{"type":"Feature","id":"64395","properties":{"name":"Basaud","source_code":"119444","source_subdistrict":"Baghpat","lgd_id":null,"lgd_name":null,"subdistrict":"Baghpat","status":"unlinked"},"geometry":{"type":"Polygon","coordinates":[[[77.33805963297623,28.989276686427964],[77.34269903707397,28.987257730365958],[77.34275945382758,28.98621913843358],[77.34250838292716,28.985477197339343],[77.33904038991237,28.978243035269895],[77.34025324106892,28.97326631866198],[77.34077258746267,28.972168247794887],[77.33768894339624,28.971915824901767],[77.33688043681974,28.972271286981794],[77.33516489922457,28.97224276536254],[77.33084544291756,28.972707448925817],[77.32865525951138,28.971698401939083],[77.32555609482655,28.972166514475845],[77.32037578523146,28.973639399086203],[77.3198954085916,28.97292710574004],[77.31789377384071,28.973782321832697],[77.3124285956765,28.976952133095445],[77.31416448590579,28.97956350262014],[77.31425488066262,28.98067169849352],[77.31675811621899,28.984838516181735],[77.31637775726742,28.985670534117055],[77.31567095395042,28.98572576727908],[77.31555529800742,28.98666282241473],[77.31443325300563,28.987398568967507],[77.31409726071402,28.988382231985103],[77.31701615632552,28.99141575964083],[77.32295866074362,28.99530458843726],[77.32537732254157,28.994582050864484],[77.32733217276815,28.993256496511666],[77.32839690626255,28.99340838903906],[77.33151283894779,28.992185971213907],[77.33444167352766,28.99079270365862],[77.33573056270949,28.98938889291937],[77.33639060080715,28.989735214931287],[77.33805963297623,28.989276686427964]]]}},{"type":"Feature","id":"64396","properties":{"name":"Budhseni","source_code":"119461","source_subdistrict":"Baghpat","lgd_id":null,"lgd_name":null,"subdistrict":"Baghpat","status":"unlinked"},"geometry":{"type":"Polygon","coordinates":[[[77.43948027335092,28.9974851539072],[77.43843442292662,28.99364552492246],[77.4388392934009,28.993434022043445],[77.43801637828886,28.99080517333719],[77.43848744638618,28.990158776405423],[77.43732591285722,28.987306521210684],[77.43673424205565,28.986408385108078],[77.43598417235197,28.98579275747031],[77.43556270415154,28.98496440739881],[77.43067167147409,28.984483645197752],[77.42753235696614,28.985053681440363],[77.42595241501034,28.98583315147449],[77.42521744290093,28.987246580199226],[77.42409325769361,28.98811718886397],[77.42210592955018,28.989225416765017],[77.42030515481669,28.989615626577535],[77.41280248409859,28.99273078406582],[77.41183138099022,28.99357023674068],[77.40876919376699,28.99499627810542],[77.40823304223261,28.996010410657732],[77.40898702721175,28.997347211827375],[77.40888398591076,28.997714423672512],[77.40995320401964,28.998570064860235],[77.41059556381478,29.000071214458153],[77.41274764893424,29.002426485202278],[77.41340449316564,29.002363379048802],[77.41554983333641,29.001127715916745],[77.4169277009213,29.000663308009663],[77.41704986859888,28.998483382895735],[77.418294530317,28.997329734995294],[77.42026574952823,28.99608716940827],[77.42175633985819,28.995943482056724],[77.42197687296978,28.995427245667877],[77.4240054640582,28.99509098449575],[77.42706035053939,28.99584427895602],[77.4283261771385,28.997340105615415],[77.42954770410394,28.998214824561696],[77.43044240401,28.998296239699027],[77.4318439354744,28.99784922295883],[77.43273381079642,28.997243095642204],[77.43386458520689,28.9969761626848],[77.4383304380598,28.996829629199254],[77.43885249158797,28.997408055419488],[77.43948027335092,28.9974851539072]]]}},{"type":"Feature","id":"64397","properties":{"name":"Luhara","source_code":"119452","source_subdistrict":"Baghpat","lgd_id":null,"lgd_name":null,"subdistrict":"Baghpat","status":"unlinked"},"geometry":{"type":"Polygon","coordinates":[[[77.39894916691821,28.988822901706406],[77.39904665650509,28.988974130984655],[77.39840078596343,28.98948646279846],[77.39782958106957,28.989605688406094],[77.395924747063,28.99089807087801],[77.39397992939023,28.99057299957921],[77.39369773190194,28.990780044337132],[77.39394028559946,28.991319814497405],[77.3936714578866,28.991651020630393],[77.3927873722428,28.991668774790107],[77.39191250593133,28.990756141525672],[77.38907205767195,28.99481074603005],[77.38704650554281,28.996806577555066],[77.38576165773225,28.99804316888511],[77.38289007320283,28.99945505321398],[77.38270859560933,29.00051852569538],[77.3832264857106,29.001292392792983],[77.38381036255339,29.00335649281161],[77.3867771259785,29.0073816217706],[77.38716705022408,29.007480937730055],[77.38724879346331,29.00819376695315],[77.38884521207734,29.007443285701715],[77.38946099658,29.007529131614287],[77.39023603771894,29.007188892252636],[77.39069520235209,29.007412355927954],[77.39289954889641,29.006846921356374],[77.39336426073613,29.00617259345041],[77.39562816080443,29.004231296435346],[77.39922865044618,29.00224739085146],[77.3991236287417,29.00180077985206],[77.40021187757223,29.000898825975117],[77.40111259195577,29.00049987837772],[77.4028393710035,29.000322054148363],[77.4036938891999,29.000002011092768],[77.40534512444513,29.000038111133904],[77.40779899822505,28.99761304383251],[77.40888398591076,28.997714423672512],[77.40898702721175,28.997347211827375],[77.40823304223261,28.996010410657732],[77.40876919376699,28.99499627810542],[77.40608148868193,28.9903753193081],[77.40431039899937,28.98843515651898],[77.40247988620445,28.988422264760604],[77.40108320172997,28.987728922066047],[77.4001437856473,28.987965197636314],[77.39894916691821,28.988822901706406]]]}},{"type":"Feature","id":"64398","properties":{"name":"Matanat Nagar","source_code":"119460","source_subdistrict":"Baghpat","lgd_id":null,"lgd_name":null,"subdistrict":"Baghpat","status":"unlinked"},"geometry":{"type":"Polygon","coordinates":[[[77.4397986156679,29.002613509762693],[77.44093267907475,29.002563871465384],[77.44032721879239,29.001589495220355],[77.4407530669527,29.000809071749593],[77.43964667994057,28.998661509991983],[77.43948027335092,28.9974851539072],[77.43885249158797,28.997408055419488],[77.4383304380598,28.996829629199254],[77.43386458520689,28.9969761626848],[77.43273381079642,28.997243095642204],[77.4318439354744,28.99784922295883],[77.43044240401,28.998296239699027],[77.42954770410394,28.998214824561696],[77.4283261771385,28.997340105615415],[77.42706035053939,28.99584427895602],[77.4240054640582,28.99509098449575],[77.42197687296978,28.995427245667877],[77.42175633985819,28.995943482056724],[77.42026574952823,28.99608716940827],[77.418294530317,28.997329734995294],[77.41704986859888,28.998483382895735],[77.4169277009213,29.000663308009663],[77.41554983333641,29.001127715916745],[77.4131736284058,29.002442345375005],[77.41344533336691,29.00334909986076],[77.414912564455,29.005395145054393],[77.41652360643998,29.00707357435099],[77.41774750364733,29.00692938031755],[77.41811952386783,29.007378349683073],[77.41954111913041,29.00706048330635],[77.42028250631529,29.008021441884576],[77.42115491013212,29.007674186797466],[77.4215423287209,29.007965255471557],[77.42470361057393,29.007654233520764],[77.42558353757747,29.00899646835444],[77.43249374077337,29.004778844233027],[77.43303268446157,29.004255573215424],[77.4387056383276,29.003026374552896],[77.4397986156679,29.002613509762693]]]}},{"type":"Feature","id":"64399","properties":{"name":"Mirpur","source_code":"119250","source_subdistrict":"Baraut","lgd_id":null,"lgd_name":null,"subdistrict":"Baraut","status":"unlinked"},"geometry":{"type":"Polygon","coordinates":[[[77.19111489213006,29.24336858707575],[77.19437002120294,29.24320479466528],[77.19562959312665,29.242622323688572],[77.20263140230983,29.238920671599473],[77.20558665342774,29.236542230370606],[77.21321078339531,29.232315268076253],[77.21253560255182,29.231681023089067],[77.21055389787625,29.228849691313894],[77.20978239922485,29.228620015016705],[77.20932878950404,29.226897402103734],[77.20917237327464,29.22383049510382],[77.20833855827155,29.222554529233744],[77.20570163152013,29.223647444265094],[77.2050479799415,29.222587848985693],[77.20257051522147,29.223996268526047],[77.20266480267982,29.22665282296026],[77.20154515714954,29.228714536714573],[77.20077941538342,29.22949069889637],[77.19562403127897,29.232875869275997],[77.19385539781055,29.233413349243477],[77.19263096405746,29.23224578360097],[77.19155142410821,29.232873177186953],[77.19243170765952,29.23455507936551],[77.19163996210088,29.234857588255746],[77.19165051681126,29.235335686937024],[77.19065831088797,29.235764634502875],[77.19179020832475,29.23697732694132],[77.18894240958525,29.238423360680645],[77.18970901325211,29.239553543111608],[77.18995678454637,29.241334984132255],[77.19111489213006,29.24336858707575]]]}},{"type":"Feature","id":"64400","properties":{"name":"Rampur Khurd","source_code":"119434","source_subdistrict":"Baghpat","lgd_id":null,"lgd_name":null,"subdistrict":"Baghpat","status":"unlinked"},"geometry":{"type":"Polygon","coordinates":[[[77.33132450958837,28.972598052442795],[77.33091028457937,28.971467690869652],[77.33022226954553,28.971540068830784],[77.33019642650144,28.970969523510885],[77.32939621241454,28.970939418912195],[77.32938979543292,28.970352427984253],[77.32830692108308,28.970166693858033],[77.32797936310865,28.969440200933192],[77.3271967734951,28.969477452953573],[77.32614320886925,28.967933969790085],[77.32487228421692,28.96762769566431],[77.3227207229281,28.96660243182133],[77.32247198533298,28.965759862718834],[77.32072367531548,28.965487496188917],[77.31846354536584,28.964636422824984],[77.3175611696531,28.96404281003012],[77.31728614498569,28.962654815325138],[77.31556837216684,28.965376053332015],[77.31428640744736,28.966461276456148],[77.31471354042391,28.966988252522338],[77.31330482876292,28.968641462093643],[77.31029483144404,28.970712139960977],[77.31021981830564,28.97153251987508],[77.31214350273422,28.973392526387023],[77.31236294479326,28.9747041169655],[77.31372502475607,28.976085167389535],[77.31789377384071,28.973782321832697],[77.3198954085916,28.97292710574004],[77.32037578523146,28.973639399086203],[77.32555609482655,28.972166514475845],[77.32865525951138,28.971698401939083],[77.33084544291756,28.972707448925817],[77.33132450958837,28.972598052442795]]]}},{"type":"Feature","id":"64401","properties":{"name":"Niwali","source_code":"119419","source_subdistrict":"Baghpat","lgd_id":null,"lgd_name":null,"subdistrict":"Baghpat","status":"unlinked"},"geometry":{"type":"Polygon","coordinates":[[[77.30140905103923,28.97509012802307],[77.30025935497343,28.97359517042084],[77.29823516654223,28.973728733916566],[77.2963117270167,28.97274050753433],[77.29416334916182,28.975068547916266],[77.29229090702846,28.976110074697875],[77.28925307484351,28.977249243338065],[77.28619174613652,28.97771723600445],[77.2802697201669,28.976459836860013],[77.27852808063278,28.976748860189225],[77.27650556283874,28.977670277338092],[77.27677150557696,28.979452207398946],[77.27799206818226,28.981183278953345],[77.278348285003,28.98232954846324],[77.27692694120124,28.984527147292866],[77.27848047138438,28.985861429623],[77.27870215686838,28.98705570783456],[77.28085407696122,28.98806476520321],[77.28161558635155,28.98725606337944],[77.28266335515555,28.987307369204203],[77.28504775009003,28.988152633555703],[77.2856768580725,28.988163290288263],[77.29038269942212,28.99099282502812],[77.2918942962522,28.992510691830685],[77.29244910770421,28.988068253789354],[77.2932171345485,28.98695778933935],[77.29410279677388,28.984826469320247],[77.29428715056953,28.983370782008127],[77.2978747767873,28.97888721430069],[77.2998553118549,28.97726056867899],[77.30047114530373,28.97700265625159],[77.30140905103923,28.97509012802307]]]}},{"type":"Feature","id":"64402","properties":{"name":"Lalyana","source_code":"119542","source_subdistrict":"Khekada","lgd_id":null,"lgd_name":null,"subdistrict":"Khekada","status":"unlinked"},"geometry":{"type":"Polygon","coordinates":[[[77.40233364040745,28.875329342984784],[77.40390415318365,28.874029937062993],[77.40794920890015,28.867370408895486],[77.40601347331362,28.86336434441591],[77.40497711954653,28.861905241145998],[77.40477278522454,28.860744727337444],[77.40531002686421,28.858740908541993],[77.40360348050596,28.855627342847487],[77.4021369415503,28.853792253406272],[77.40258679041511,28.85232368356977],[77.4013022297395,28.84998838863987],[77.39894137646057,28.849019226830368],[77.39659881076354,28.84990356264381],[77.39401605049208,28.850431755092924],[77.39084469320947,28.849960801477636],[77.38848337807944,28.849922288238602],[77.38454495382886,28.85150156949395],[77.38220789932662,28.852117442876768],[77.37862884220249,28.848402697503698],[77.3757431538627,28.851541975310596],[77.37482010184371,28.852851773040996],[77.37681032791185,28.854226109980583],[77.37800359761637,28.85545319510703],[77.38191559971764,28.861454225433604],[77.38291990055617,28.863516717215223],[77.38320021471894,28.864678498316234],[77.38218863820019,28.865668216534484],[77.38540788124179,28.868404178711152],[77.38851796274398,28.86909224007984],[77.39275036270439,28.868959982563126],[77.39407370560274,28.869451114548333],[77.39575474561269,28.871054927743597],[77.39709088253984,28.872753734295326],[77.39699921641284,28.873490156589106],[77.40003962471614,28.876147404363877],[77.40233364040745,28.875329342984784]]]}},{"type":"Feature","id":"64403","properties":{"name":"Muradgaon Urf Roshangarh","source_code":"119476","source_subdistrict":"Baghpat","lgd_id":null,"lgd_name":null,"subdistrict":"Baghpat","status":"unlinked"},"geometry":{"type":"Polygon","coordinates":[[[77.39248454975127,28.94820944014453],[77.39098637613398,28.946021889589673],[77.38730166248,28.94175287797315],[77.38401415318604,28.93854667590094],[77.38329106948567,28.938484558433476],[77.38227418114693,28.93608675185718],[77.38145866496252,28.93588896399654],[77.3806785018524,28.93492037385245],[77.37700396492436,28.93740913077529],[77.37749507527285,28.938523922565704],[77.37645041534161,28.9392446495229],[77.37679723491748,28.939971391515627],[77.374362716119,28.94150777962467],[77.37502923875174,28.94244098962173],[77.37424671519832,28.943383986592437],[77.37519058598265,28.944724189916922],[77.37605530242554,28.947102746488635],[77.37729173301948,28.949034621847513],[77.38102109319426,28.949380700166024],[77.38310398254261,28.95095744895412],[77.38384655079913,28.95100311392957],[77.38539480049948,28.9526214005389],[77.38665334871176,28.953513898088463],[77.38922912903226,28.951610747065473],[77.38876255653153,28.951133623730698],[77.39248454975127,28.94820944014453]]]}},{"type":"Feature","id":"64404","properties":{"name":"Habibpur Majra","source_code":"119436","source_subdistrict":"Baghpat","lgd_id":null,"lgd_name":null,"subdistrict":"Baghpat","status":"unlinked"},"geometry":{"type":"Polygon","coordinates":[[[77.29892106017316,28.950574696499483],[77.2932617629772,28.9443250005626],[77.2935336873768,28.944094829452432],[77.29202998521966,28.942241596911384],[77.29311105785402,28.940750655110953],[77.29199476601563,28.939490875733817],[77.28875185119837,28.94220291439708],[77.28668960632544,28.944968418155966],[77.285842279287,28.9453565186864],[77.28580119673146,28.94636195911246],[77.28221355275679,28.950434658024996],[77.28388836516935,28.952307628933863],[77.2917266608711,28.952633170103656],[77.29695529242852,28.953291613017708],[77.29834864267991,28.951470556394185],[77.29809315737754,28.95094641736117],[77.29892106017316,28.950574696499483]]]}},{"type":"Feature","id":"64405","properties":{"name":"Haria Khera","source_code":"119465","source_subdistrict":"Baghpat","lgd_id":null,"lgd_name":null,"subdistrict":"Baghpat","status":"unlinked"},"geometry":{"type":"Polygon","coordinates":[[[77.46883659024796,28.982324354138015],[77.46656869840515,28.977593598612543],[77.46668757534341,28.974577296441783],[77.46712317585562,28.97285710483157],[77.46836449037679,28.970898122823385],[77.46954984341544,28.96981016932047],[77.4736724069933,28.96774570122581],[77.47462314358843,28.966939061872793],[77.47527230857136,28.965959984187997],[77.47499910024847,28.964396258182088],[77.4741278492604,28.963175229358992],[77.46947181952144,28.958691750125674],[77.46676518055723,28.960988132027637],[77.46401111426427,28.962336315047008],[77.46367439337672,28.962951403685274],[77.46228728350779,28.96365046595243],[77.46144450088084,28.96383833087424],[77.46017775050711,28.96331521467058],[77.45906674487259,28.963565888653864],[77.45685208258294,28.964637441883628],[77.45480123209266,28.965158221692544],[77.45065066478715,28.966718731795307],[77.44919866464546,28.967785540223254],[77.44816529695706,28.968892537082972],[77.44719420794468,28.96882676484057],[77.44270031540366,28.97038159340728],[77.44273120824583,28.971656443856897],[77.44220829847087,28.973894986662902],[77.4422683005167,28.975145142912968],[77.44512838011462,28.97607945964762],[77.44707315793985,28.977015909951568],[77.45223194777286,28.981155777935015],[77.45506447994543,28.98436984678174],[77.45679844895096,28.983508697677983],[77.45992677258359,28.982535496086307],[77.4618403253224,28.982213696937034],[77.4646076031906,28.982106594212016],[77.46883659024796,28.982324354138015]]]}},{"type":"Feature","id":"64406","properties":{"name":"Poother","source_code":"119472","source_subdistrict":"Baghpat","lgd_id":null,"lgd_name":null,"subdistrict":"Baghpat","status":"unlinked"},"geometry":{"type":"Polygon","coordinates":[[[77.38979297247518,28.98439080269927],[77.38938937437452,28.983584153514034],[77.38966819283722,28.983367659022964],[77.3901694405664,28.983458093076077],[77.3914035061121,28.98260698741827],[77.39316334111318,28.979836883922225],[77.393488031984,28.97618678932046],[77.39303013199452,28.973479713254864],[77.39207596994045,28.97260902369524],[77.39254049333617,28.97137575460903],[77.3916360886962,28.966330621691665],[77.39075082000217,28.96400220204708],[77.38865634032834,28.961151017434595],[77.38865635366524,28.96024553110646],[77.38732815038342,28.960844303112857],[77.3869187306816,28.960368114450393],[77.38620785970534,28.960624811341138],[77.38552308235931,28.961452052897034],[77.38381825021654,28.961826662466073],[77.38262059567465,28.962561673085276],[77.37793064318349,28.96344077741367],[77.37938658709106,28.964017949877082],[77.3815235628198,28.967557431581024],[77.38252304963609,28.969887755023056],[77.38289820071033,28.971084412478977],[77.38218082462333,28.97254827673628],[77.38603406618275,28.98332580411727],[77.38573715181508,28.98384075746989],[77.38641597974721,28.985109400638393],[77.38920244926588,28.985003911618524],[77.38979297247518,28.98439080269927]]]}},{"type":"Feature","id":"64407","properties":{"name":"Shahjahanpur Tisotra Urf Nwada","source_code":"119464","source_subdistrict":"Baghpat","lgd_id":null,"lgd_name":null,"subdistrict":"Baghpat","status":"unlinked"},"geometry":{"type":"Polygon","coordinates":[[[77.45506447994543,28.98436984678174],[77.45223194777286,28.981155777935015],[77.44707315793985,28.977015909951568],[77.44512838011462,28.97607945964762],[77.4422683005167,28.975145142912968],[77.4399864020359,28.97668487158583],[77.43940343349344,28.976289899232988],[77.43632917172852,28.977414484207358],[77.43595416468865,28.977106665734908],[77.43395291699288,28.977980088028115],[77.43095545778135,28.979994484544708],[77.43221830178886,28.98346884720643],[77.43310938768977,28.98464008178003],[77.43556270415154,28.98496440739881],[77.43598417235197,28.98579275747031],[77.43673424205565,28.986408385108078],[77.43732591285722,28.987306521210684],[77.43949886337768,28.986435811624514],[77.44023681658898,28.986715879171907],[77.44215394631928,28.986226699420243],[77.44258238333676,28.986719792803004],[77.44389503371619,28.986874874155394],[77.4463955345747,28.986763829709453],[77.44854865778693,28.985926218627085],[77.44931052423037,28.98597188012074],[77.45421500002752,28.984876144821524],[77.45506447994543,28.98436984678174]]]}},{"type":"Feature","id":"64408","properties":{"name":"Gospur","source_code":"119445","source_subdistrict":"Baghpat","lgd_id":null,"lgd_name":null,"subdistrict":"Baghpat","status":"unlinked"},"geometry":{"type":"Polygon","coordinates":[[[77.35422686661919,28.98682806176754],[77.35542380616226,28.982572061622875],[77.35635114195372,28.9802231070423],[77.35387145752985,28.975788998724063],[77.34907219537916,28.97104816676032],[77.34077258746267,28.972168247794887],[77.34025324106892,28.97326631866198],[77.33904038991237,28.978243035269895],[77.34250838292716,28.985477197339343],[77.34275945382758,28.98621913843358],[77.34269903707397,28.987257730365958],[77.34426876110248,28.987870617228424],[77.3465884614233,28.98819409130573],[77.34887829494589,28.98813138156538],[77.3517698589814,28.987575556475115],[77.35422686661919,28.98682806176754]]]}},{"type":"Feature","id":"64409","properties":{"name":"Hisawada","source_code":"119455","source_subdistrict":"Baghpat","lgd_id":null,"lgd_name":null,"subdistrict":"Baghpat","status":"unlinked"},"geometry":{"type":"Polygon","coordinates":[[[77.37345316958346,28.989374406498197],[77.37421230672904,28.988649075939698],[77.37636453140847,28.987879483817437],[77.37689512992443,28.988039077287272],[77.37874647262892,28.987968763747013],[77.37934517570118,28.988515115459336],[77.38024296209194,28.9884459565602],[77.3830868162886,28.986530617995022],[77.38421582997745,28.986347839340446],[77.38641597974721,28.985109400638393],[77.38573715181508,28.98384075746989],[77.38603406618275,28.98332580411727],[77.38218082462333,28.97254827673628],[77.38289820071033,28.971084412478977],[77.38252304963609,28.969887755023056],[77.3815235628198,28.967557431581024],[77.37938658709106,28.964017949877082],[77.37682922802323,28.96322991447895],[77.37579799314219,28.960605560135736],[77.37331326133719,28.95729501247932],[77.36856179826192,28.957485335943975],[77.35842297539965,28.962650829001273],[77.35605666246687,28.96274594352768],[77.35449633114524,28.963491528941297],[77.35351647088525,28.964732965777785],[77.34943562320511,28.968320977144803],[77.34817836627585,28.969155348776958],[77.34907219537916,28.97104816676032],[77.35387145752985,28.975788998724063],[77.35635114195372,28.9802231070423],[77.35542380616226,28.982572061622875],[77.35422686661919,28.98682806176754],[77.356388445484,28.988305746796918],[77.35620613898405,28.988805766071447],[77.35678460982487,28.989402172323484],[77.35783421448166,28.98936917742918],[77.35922222748866,28.99135385264426],[77.3610908335975,28.993161981971713],[77.36416723891385,28.991988584369516],[77.36461801500488,28.99231457847366],[77.36572002823813,28.991611696616122],[77.36749944595265,28.991339121473448],[77.36972766016228,28.99058763515248],[77.37096450146397,28.989819857918704],[77.37208467457809,28.990056206716726],[77.37345316958346,28.989374406498197]]]}},{"type":"Feature","id":"64410","properties":{"name":"Pura","source_code":"119458","source_subdistrict":"Baghpat","lgd_id":null,"lgd_name":null,"subdistrict":"Baghpat","status":"unlinked"},"geometry":{"type":"Polygon","coordinates":[[[77.45711084760885,29.007267611970256],[77.46055093821239,29.003906234755725],[77.46163590929824,29.002175988732777],[77.46177921399784,29.00069402438919],[77.46152253778477,29.00000385507098],[77.45911227260095,28.999004813854995],[77.45786738435845,28.99647001190436],[77.45755172471995,28.995123634623926],[77.45796605162023,28.99352055758152],[77.45875891333473,28.992057616622],[77.46008212985674,28.990770745893496],[77.46173611767126,28.990092723636575],[77.46361199641315,28.98975354288828],[77.46567165356892,28.989752591590005],[77.46718927811405,28.990145464205884],[77.46894596176419,28.990039078180953],[77.4703642709715,28.989692590224312],[77.47064760127003,28.98889223221975],[77.47025121825156,28.98682359412849],[77.4690383002176,28.983652169979532],[77.46883659024796,28.982324354138015],[77.4646076031906,28.982106594212016],[77.4618403253224,28.982213696937034],[77.45992677258359,28.982535496086307],[77.45679844895096,28.983508697677983],[77.45421500002752,28.984876144821524],[77.44931052423037,28.98597188012074],[77.44854865778693,28.985926218627085],[77.4463955345747,28.986763829709453],[77.44389503371619,28.986874874155394],[77.44258238333676,28.986719792803004],[77.44215394631928,28.986226699420243],[77.44023681658898,28.986715879171907],[77.43949886337768,28.986435811624514],[77.43732591285722,28.987306521210684],[77.43848744638618,28.990158776405423],[77.43801637828886,28.99080517333719],[77.4388392934009,28.993434022043445],[77.43843442292662,28.99364552492246],[77.43902995914607,28.99528146199391],[77.43964667994057,28.998661509991983],[77.4407530669527,29.000809071749593],[77.44032721879239,29.001589495220355],[77.44093267907475,29.002563871465384],[77.44030154733018,29.002645102671877],[77.44023226828651,29.00284357522256],[77.44039654768275,29.00355861226934],[77.44073518513794,29.00373902859514],[77.44108687762002,29.006578888464414],[77.44038375275173,29.00690814425453],[77.44035306415047,29.007131524793373],[77.44146930260605,29.010223853867835],[77.44418405137485,29.009607927793002],[77.4447613931118,29.0100680806127],[77.44505392729377,29.010047716390716],[77.44688080845864,29.008461970095905],[77.45060376342768,29.007277469998904],[77.45500164838288,29.006785204087222],[77.45711084760885,29.007267611970256]]]}},{"type":"Feature","id":"64411","properties":{"name":"Hasanpur Masoori","source_code":"119514","source_subdistrict":"Khekada","lgd_id":null,"lgd_name":null,"subdistrict":"Khekada","status":"unlinked"},"geometry":{"type":"Polygon","coordinates":[[[77.26189131437742,28.855684322768116],[77.2630041200446,28.85432515264077],[77.26424827381352,28.854764431277317],[77.26560844215251,28.852322951217904],[77.26578960820721,28.851017860952368],[77.26518022533907,28.84927996764046],[77.26466736806483,28.848348759176456],[77.26382303625837,28.847764088800304],[77.26345255608435,28.845560653004892],[77.25817872084845,28.841126473373258],[77.25740567704861,28.839905646506832],[77.25593345932573,28.839293389843224],[77.2553006593436,28.839483801013877],[77.25532687135235,28.840020953198856],[77.25575863833699,28.841168850029778],[77.2569387213132,28.84293336020397],[77.25650498002187,28.8435967993146],[77.25365168713084,28.845996546715792],[77.25245957839327,28.84649600918651],[77.25092739850587,28.847727581095764],[77.25095136484686,28.84836531836388],[77.24981866683663,28.84962050964962],[77.24988254962217,28.85361325958411],[77.25158622273958,28.855822828130645],[77.25417005316889,28.85786298508317],[77.25565088670066,28.857234295952296],[77.25799918509517,28.857006200044243],[77.26189131437742,28.855684322768116]]]}},{"type":"Feature","id":"64412","properties":{"name":"Saidpurkhurd Urf Nathmalpur","source_code":"119479","source_subdistrict":"Baghpat","lgd_id":null,"lgd_name":null,"subdistrict":"Baghpat","status":"unlinked"},"geometry":{"type":"Polygon","coordinates":[[[77.40518677915142,28.932476927396632],[77.4051217860475,28.93193926513118],[77.40334513251146,28.929395108975847],[77.39649481619115,28.921570045952006],[77.39387022089768,28.917670389237866],[77.39328730382263,28.916386421071],[77.39193029398066,28.915660007046],[77.39021834502901,28.917309069606635],[77.38802438127095,28.91831301084952],[77.38643938698176,28.91936039909802],[77.38946109011918,28.924306338400342],[77.38999318811625,28.926193170278392],[77.39166983035734,28.92803994408644],[77.39145599962771,28.929143228110973],[77.3937557367662,28.932182337393076],[77.39358743151749,28.932934207112076],[77.39536921916854,28.935227008789617],[77.3958060981164,28.935301187077275],[77.39654650858964,28.936352899384044],[77.39846441009972,28.93534438430672],[77.39862219330513,28.936000936671963],[77.39967256558351,28.93590899428565],[77.40012594088896,28.934742525613604],[77.40120076533967,28.933938286209166],[77.4024256060389,28.933706619468257],[77.40518677915142,28.932476927396632]]]}},{"type":"Feature","id":"64413","properties":{"name":"Hasanpur Jakhaira Urf Chandpur","source_code":"119395","source_subdistrict":"Baghpat","lgd_id":null,"lgd_name":null,"subdistrict":"Baghpat","status":"unlinked"},"geometry":{"type":"Polygon","coordinates":[[[77.25754667476068,29.03845235324819],[77.25920595409505,29.035967331438748],[77.2591625627695,29.035547735331807],[77.26290926115651,29.031353786805568],[77.26481897797257,29.030777114854384],[77.266140998276,29.030091849350008],[77.26595155962072,29.02907672169704],[77.26286512052529,29.02693736776642],[77.26238255959304,29.02704775491743],[77.25699121209186,29.030737986647598],[77.24997781033866,29.033802585291674],[77.25043299268927,29.03649137785975],[77.25098974841725,29.03698339960337],[77.25165448557286,29.036868654059965],[77.25209837758042,29.03718685015572],[77.25342562068931,29.036695764737285],[77.25456427504582,29.03841497222727],[77.25566750638696,29.039116912021207],[77.25754667476068,29.03845235324819]]]}},{"type":"Feature","id":"64414","properties":{"name":"Ahamadabad Garhi","source_code":"119382","source_subdistrict":"Baraut","lgd_id":null,"lgd_name":null,"subdistrict":"Baraut","status":"unlinked"},"geometry":{"type":"Polygon","coordinates":[[[77.42581184905356,29.057829822175098],[77.42469550209067,29.05481628672951],[77.42294509743228,29.051994393154818],[77.42107490531976,29.044629697855765],[77.41623353608138,29.046525957326768],[77.41559947417845,29.046501072173218],[77.41450829223092,29.04761963170553],[77.41310881537885,29.050256198900186],[77.41533645989335,29.052564036314827],[77.41600356862176,29.054021223211272],[77.42031270946283,29.060028470051183],[77.42581184905356,29.057829822175098]]]}},{"type":"Feature","id":"64415","properties":{"name":"Bari Nangla","source_code":"119406","source_subdistrict":"Baghpat","lgd_id":null,"lgd_name":null,"subdistrict":"Baghpat","status":"unlinked"},"geometry":{"type":"Polygon","coordinates":[[[77.33004261535177,29.06094448411461],[77.33158364243448,29.059822154941084],[77.33246155348537,29.05955817958745],[77.33302362255444,29.058917507312152],[77.33369871979106,29.05869635308572],[77.33353683216859,29.057997163698523],[77.33205017711401,29.05648841175862],[77.32797317910904,29.053500318056127],[77.32830427996707,29.053173166263225],[77.32806799527758,29.052577777426848],[77.32494616368547,29.049524001393046],[77.32312843241051,29.04683559532643],[77.32285386524829,29.047327315393233],[77.32020235411099,29.048915399225052],[77.31949911338941,29.049237967271775],[77.31890101306732,29.049161323191594],[77.31206266648982,29.053029811685562],[77.31031707174044,29.0536343472006],[77.31003979113117,29.05406063493166],[77.31044028034353,29.054561359482378],[77.31022210956716,29.054883951276256],[77.31129254217595,29.057299602797837],[77.3140368765618,29.05898224685019],[77.31650913497491,29.0623565155019],[77.31760034412454,29.063619623289078],[77.31801883642403,29.06361965501078],[77.31819601285972,29.06419700905475],[77.3210918503018,29.063369061636752],[77.32196214516081,29.06401408774257],[77.32270928200256,29.063619282171217],[77.32340753695912,29.063781639120474],[77.32517363234733,29.062473301967433],[77.33004261535177,29.06094448411461]]]}},{"type":"Feature","id":"64416","properties":{"name":"Debigarh Urf Phalera","source_code":"119319","source_subdistrict":"Baraut","lgd_id":null,"lgd_name":null,"subdistrict":"Baraut","status":"unlinked"},"geometry":{"type":"Polygon","coordinates":[[[77.2615465775491,29.078557998633986],[77.2655177959044,29.074959546249822],[77.26651993685947,29.07322083952454],[77.2671182623069,29.073036060059025],[77.26720327075924,29.07236164657286],[77.2675499624246,29.0721745935234],[77.26698109413196,29.069456402696655],[77.26733051813693,29.068998700836936],[77.26710506776938,29.067886595392356],[77.26770632138954,29.066797373513417],[77.26805295168187,29.066664401786223],[77.26768852928134,29.066350738415043],[77.2678554576914,29.06609141145981],[77.26740904631467,29.065398769358502],[77.26624102958388,29.065292420931936],[77.26480149905244,29.063591167690472],[77.26455765045368,29.0634264974136],[77.26393357242652,29.063890878091563],[77.26341523046604,29.063484742560263],[77.26221193223098,29.061846709370645],[77.26049138798003,29.057553697488167],[77.25724828635317,29.059086254737505],[77.25843816797199,29.06160394479724],[77.25733148305542,29.062023016765107],[77.25804672106436,29.064014926770646],[77.2562568804984,29.06482620000221],[77.25631829060153,29.065322535435197],[77.25577110132514,29.06587491812841],[77.25621470395748,29.066856208606662],[77.25541074901147,29.067539313510736],[77.25752136516982,29.07212580488799],[77.25706416729633,29.072430113626673],[77.25705351674127,29.073174453082977],[77.25916636347311,29.078590861119356],[77.26099203798198,29.078370514659913],[77.2615465775491,29.078557998633986]]]}},{"type":"Feature","id":"64417","properties":{"name":"Kohnabad","source_code":"119362","source_subdistrict":"Baraut","lgd_id":null,"lgd_name":null,"subdistrict":"Baraut","status":"unlinked"},"geometry":{"type":"Polygon","coordinates":[[[77.44178176160374,29.16142490266685],[77.44146568885434,29.160511421383646],[77.44305373296824,29.15946706356806],[77.44319238621593,29.1588513594103],[77.44296626076324,29.15848591843078],[77.43899103967746,29.15621924404934],[77.43896783234094,29.155630561262768],[77.43939438514664,29.154786927529635],[77.4388521404141,29.153916289665595],[77.43950737279575,29.1528494626131],[77.44085120929493,29.15215921281716],[77.44158354129581,29.15211855281293],[77.44308399259238,29.150740360717272],[77.44462572615333,29.15185007771205],[77.44579747296838,29.151730422951097],[77.44713625396705,29.152562660370613],[77.44885259478144,29.152438446418987],[77.44978774725385,29.151057990566738],[77.45074367176642,29.151865326603122],[77.45149652211818,29.151766015046757],[77.45232884070101,29.150586279484852],[77.45252402243786,29.149722343811014],[77.45377006218804,29.149086156066033],[77.45412207919996,29.148662071845283],[77.45415274422811,29.148201911368872],[77.45335606127446,29.147094570585374],[77.4532017431459,29.14615176093794],[77.45329407624952,29.145105170631513],[77.45422658198223,29.143934425396406],[77.45414362627125,29.143574126067872],[77.44963784775675,29.14377478308399],[77.44691969133599,29.145593052835544],[77.4378705587975,29.145685876319096],[77.43200719259515,29.1488863777193],[77.4319403338517,29.14915476794019],[77.43290382737827,29.150476599643056],[77.43309138960547,29.151193848399302],[77.43190686475177,29.151672025235793],[77.43115134473375,29.15295984324183],[77.43158815711735,29.15412825113734],[77.42992303463912,29.154975391312686],[77.43420374617702,29.15881984933853],[77.43512886404085,29.15845226262452],[77.43550403593169,29.158758965288822],[77.43810457049325,29.16209717832666],[77.43952045568858,29.16187615906879],[77.44011668300095,29.162047523519753],[77.44106233573811,29.161959492443994],[77.44178176160374,29.16142490266685]]]}},{"type":"Feature","id":"64418","properties":{"name":"Ghatoli","source_code":"119495","source_subdistrict":"Baghpat","lgd_id":null,"lgd_name":null,"subdistrict":"Baghpat","status":"unlinked"},"geometry":{"type":"Polygon","coordinates":[[[77.44112820192018,28.926012143871592],[77.44107512307477,28.923043149960513],[77.44044249119987,28.921372884335902],[77.4429440209131,28.91929991172418],[77.44038905093112,28.916575998713686],[77.437714326348,28.9159630668972],[77.43424444934364,28.920158552221654],[77.43290474705374,28.921344473615232],[77.42847286210717,28.922740687287792],[77.42545781611979,28.924285328491177],[77.42339128840352,28.924210172825756],[77.41952266675791,28.926923192458542],[77.41883669539429,28.926912139673394],[77.41673729034046,28.928412669975433],[77.41522521981585,28.92916803945102],[77.41508746964868,28.930289345332042],[77.413663388881,28.930937119772818],[77.41468766033475,28.932093951787337],[77.41557052151872,28.933634178850852],[77.41718405295303,28.937617671857044],[77.41742202742138,28.93900493774162],[77.42079181889903,28.937382348796387],[77.42245878852937,28.93697319028679],[77.42754880187857,28.934204301108792],[77.4366832090365,28.93126525084575],[77.43728605217592,28.93161027607214],[77.43849867139181,28.930120462601995],[77.43908176733704,28.93049870498548],[77.4400417912683,28.929239604820353],[77.44044400850535,28.92822311962167],[77.44046719951851,28.927099960736978],[77.44112820192018,28.926012143871592]]]}},{"type":"Feature","id":"64419","properties":{"name":"Garhi Kalanjri","source_code":"119551","source_subdistrict":"Khekada","lgd_id":null,"lgd_name":null,"subdistrict":"Khekada","status":"unlinked"},"geometry":{"type":"Polygon","coordinates":[[[77.40227937111537,28.796954149587766],[77.40289988186531,28.794599254456163],[77.40449556271739,28.791136386414166],[77.40484683282502,28.789817019534063],[77.40487803163703,28.788324726122507],[77.40567896873056,28.786442362517537],[77.4059911106491,28.782438642223777],[77.40476591319344,28.781848477333565],[77.40345538665659,28.780787266540543],[77.40132544818253,28.779763049808377],[77.39849001332898,28.77970018034976],[77.39736039015729,28.779094736114786],[77.3964069897306,28.778257325734156],[77.39512721344836,28.77664301688424],[77.38956502095685,28.77950443734382],[77.38886224540245,28.779425872188295],[77.38627067972224,28.780440260177244],[77.38234050229619,28.780828863240384],[77.38175368526444,28.780668296996755],[77.37954445255855,28.78160496773113],[77.37882936565322,28.781207463610357],[77.37493496524534,28.782602868080282],[77.37189978737258,28.783878111069384],[77.36911252893023,28.786029579318026],[77.37793883443507,28.79046843121369],[77.38064048700241,28.791468758715588],[77.38163024854315,28.791484964086433],[77.38378562181859,28.792207924015962],[77.3893336576469,28.79457969064276],[77.38764132079126,28.79627966958563],[77.38909358478145,28.796940748566943],[77.39061706811256,28.796026327669313],[77.39216697360236,28.795665828150465],[77.39370313859273,28.79595923023684],[77.39598834536596,28.795946129048463],[77.39770748850991,28.796594700360227],[77.39995814894911,28.796413252955155],[77.40227937111537,28.796954149587766]]]}},{"type":"Feature","id":"64420","properties":{"name":"Saidpur Kalan","source_code":"119521","source_subdistrict":"Khekada","lgd_id":null,"lgd_name":null,"subdistrict":"Khekada","status":"unlinked"},"geometry":{"type":"Polygon","coordinates":[[[77.33486322300321,28.89273499043564],[77.33440789230575,28.89175473136585],[77.33448521905385,28.890816878755654],[77.334061921836,28.889233414408196],[77.33262299730572,28.887029290697335],[77.33256063349518,28.884613297529175],[77.33213492344665,28.882258323473327],[77.33143607465176,28.88020065770335],[77.33062794067446,28.878795217507374],[77.33005616495277,28.87880245283347],[77.32971087456177,28.878025240576175],[77.32921456856829,28.878067273536068],[77.32850342110625,28.877468431835133],[77.32662525678762,28.877973741399895],[77.32218630654896,28.879710790503427],[77.32017475107799,28.88021379363621],[77.31809081199148,28.88141992539616],[77.3174274129448,28.881257874987632],[77.3152296803999,28.883317364630567],[77.31594406138373,28.88552629036137],[77.31793507787138,28.887739825304088],[77.32058258343669,28.89132271596869],[77.32153511309578,28.893099541420746],[77.32063783453818,28.89405720754664],[77.32174712944926,28.895635403038007],[77.32589454606713,28.8959562773621],[77.32898683699784,28.89483397489888],[77.32952952771721,28.895295823717277],[77.33095111309152,28.894766109646202],[77.33291045977535,28.89315527182513],[77.33486322300321,28.89273499043564]]]}},{"type":"Feature","id":"64421","properties":{"name":"Panchi","source_code":"119492","source_subdistrict":"Baghpat","lgd_id":null,"lgd_name":null,"subdistrict":"Baghpat","status":"unlinked"},"geometry":{"type":"Polygon","coordinates":[[[77.37274605531293,28.886468493938363],[77.36930496057903,28.88250447016912],[77.36575923371836,28.878991427450057],[77.36530121676351,28.878128588376924],[77.36245050999732,28.879574233203947],[77.35982366792808,28.881241534747968],[77.35678509668999,28.881660970241853],[77.35576198787433,28.882281357860297],[77.35356773756754,28.884207252919616],[77.35216585371879,28.885609565664527],[77.35155459154542,28.88657214128135],[77.35228968264613,28.887842081785948],[77.35216143083568,28.88849400655302],[77.35374202232192,28.891220165091205],[77.35096061525304,28.897429466305717],[77.35285193939929,28.897209193479583],[77.35557609581,28.897254207853074],[77.36242097997179,28.896193198544275],[77.3675539295692,28.89408077913353],[77.3710955229367,28.888822793908286],[77.37179314199133,28.887375225958937],[77.37279148087359,28.88702266264933],[77.37274605531293,28.886468493938363]]]}},{"type":"Feature","id":"64422","properties":{"name":"Anandpur Urf Bandpur","source_code":"119505","source_subdistrict":"Khekada","lgd_id":null,"lgd_name":null,"subdistrict":"Khekada","status":"unlinked"},"geometry":{"type":"Polygon","coordinates":[[[77.27392561625427,28.903817200314343],[77.27358576765542,28.90280520576793],[77.27377639047607,28.901936401462557],[77.27454836188414,28.901496747707036],[77.27363970314741,28.89948562070369],[77.27203729185138,28.896959553327733],[77.27312785968924,28.895896442065794],[77.27268517238123,28.894362797539358],[77.27009627431988,28.889908041706025],[77.26605951662582,28.88371787927086],[77.26274130033782,28.886428342824154],[77.26299243447615,28.88713700353149],[77.26209272410037,28.88732286822435],[77.26298112708051,28.890239370346162],[77.26192086260538,28.89079143890378],[77.26207763992477,28.89404759449829],[77.26186049321669,28.89525135171175],[77.26025324632613,28.897269844551047],[77.25984668823433,28.898420040524936],[77.25967659925948,28.90180472618886],[77.25992144895947,28.902798358200428],[77.26157750879104,28.905476375037523],[77.26174728665522,28.90641840457034],[77.26398608280702,28.906012264707417],[77.26500947657499,28.90540925352809],[77.26593504461869,28.906649277144805],[77.26777393953455,28.906227871447914],[77.26847070983082,28.90660870057048],[77.27392561625427,28.903817200314343]]]}},{"type":"Feature","id":"64423","properties":{"name":"Maharampur","source_code":"119520","source_subdistrict":"Khekada","lgd_id":null,"lgd_name":null,"subdistrict":"Khekada","status":"unlinked"},"geometry":{"type":"Polygon","coordinates":[[[77.33998127106614,28.901993384628078],[77.33863444613792,28.900813871338723],[77.33473513929839,28.89514777853026],[77.33548924320338,28.894640451514938],[77.33486322300321,28.89273499043564],[77.33291045977535,28.89315527182513],[77.33095111309152,28.894766109646202],[77.32952952771721,28.895295823717277],[77.32898683699784,28.89483397489888],[77.32589454606713,28.8959562773621],[77.32174712944926,28.895635403038007],[77.32130703168501,28.896600715359607],[77.31828287980164,28.899853822107236],[77.32099758605521,28.902984963660018],[77.32235883664896,28.905254915686815],[77.32308926510981,28.907614921512586],[77.3239633399682,28.908618955524574],[77.32608542179543,28.90743020096121],[77.32697748849276,28.908484828359335],[77.32993591798711,28.908282635472766],[77.33006611140979,28.907546931593778],[77.33144720465965,28.907133934939424],[77.33465624472568,28.905024057582843],[77.33646578307972,28.904182129274645],[77.33998127106614,28.901993384628078]]]}},{"type":"Feature","id":"64424","properties":{"name":"Ramnagar","source_code":"119449","source_subdistrict":"Baghpat","lgd_id":null,"lgd_name":null,"subdistrict":"Baghpat","status":"unlinked"},"geometry":{"type":"Polygon","coordinates":[[[77.38511118115076,29.029178978032874],[77.38971448691989,29.025628058842937],[77.39096192688775,29.02521346698842],[77.3899180984486,29.023543974007737],[77.39039568872478,29.02303443581223],[77.3890798100862,29.021664767285902],[77.38774127026306,29.01949669307135],[77.38693688158746,29.016557341306545],[77.3853860840716,29.01316438088474],[77.38419617043873,29.011654970972845],[77.38396829394745,29.010766126916767],[77.38305702072465,29.011322939638756],[77.38268711687016,29.01219570020413],[77.37840579433033,29.014296055146982],[77.37755146761528,29.014022823922534],[77.37657629292791,29.01413741303468],[77.37466412538946,29.014971061301885],[77.37425113421597,29.014650584860977],[77.3721041709917,29.0155826651985],[77.37392315262721,29.018117300189342],[77.37518171480933,29.02042985908074],[77.37680432576293,29.02359972908478],[77.3770832140392,29.024989202798874],[77.37928934448766,29.026767621194534],[77.38309065046032,29.030630737934114],[77.38322405639293,29.030734579260674],[77.38534452355367,29.029573766761498],[77.38511118115076,29.029178978032874]]]}},{"type":"Feature","id":"64425","properties":{"name":"Bhagot","source_code":"119549","source_subdistrict":"Khekada","lgd_id":null,"lgd_name":null,"subdistrict":"Khekada","status":"unlinked"},"geometry":{"type":"Polygon","coordinates":[[[77.37284007911545,28.806469919420515],[77.37143388950076,28.806329412348408],[77.36754657198699,28.802860638354982],[77.36258602757405,28.799726285395632],[77.3594863745624,28.797293402393734],[77.35875747100609,28.798438698183574],[77.35719826486468,28.80012377628149],[77.35296063840947,28.804179814711816],[77.35418380164126,28.806204385935953],[77.35532986678535,28.80738064994908],[77.356398450975,28.807725377809447],[77.35733134236247,28.808629738879517],[77.35823111582472,28.81019606186652],[77.36158496987964,28.814570322649345],[77.3654929014199,28.81124668562219],[77.36657933814061,28.81165033913698],[77.36951751873589,28.814986074030784],[77.37004802381624,28.81331755318199],[77.37079523863153,28.81220608111179],[77.37299578797348,28.80721047116295],[77.37284007911545,28.806469919420515]]]}},{"type":"Feature","id":"64426","properties":{"name":"Ghitora","source_code":"119532","source_subdistrict":"Khekada","lgd_id":null,"lgd_name":null,"subdistrict":"Khekada","status":"unlinked"},"geometry":{"type":"Polygon","coordinates":[[[77.32261803012626,28.810283311439445],[77.32137999450602,28.807646051086852],[77.32419363744701,28.802124578901577],[77.32209704622034,28.798684596189247],[77.32010955575981,28.796370185676757],[77.31965831454148,28.795222060067697],[77.31559929931039,28.795372041901256],[77.31429463940866,28.79494758903008],[77.31259768848146,28.7950532723707],[77.31119823469552,28.794610428157746],[77.30941034186364,28.793641070374388],[77.30462038842045,28.790625123457204],[77.30241603209217,28.79305361873715],[77.30259179631746,28.793727508046093],[77.30057688809386,28.795320509631996],[77.30089208366977,28.79571160974112],[77.29853814801427,28.7971311282387],[77.2992486915301,28.797730182387923],[77.29716379023948,28.799909003925688],[77.29645479214197,28.80098726510813],[77.29828901427975,28.805077291605844],[77.29864418197619,28.806257385763185],[77.29825689463974,28.80655275576735],[77.2997660435932,28.8089599654764],[77.3006307378218,28.809041648240626],[77.30228160369894,28.811065444449873],[77.3047416034477,28.810033457778587],[77.30580564628634,28.814529667405086],[77.30690409966513,28.815688692768433],[77.30816202342363,28.815642773282555],[77.31124593412193,28.814822459408475],[77.31493047832953,28.813525763627087],[77.31624711904338,28.81252472929285],[77.3164072110225,28.813047364010288],[77.31865664176016,28.812061953549467],[77.31911988677895,28.812656756945128],[77.32261803012626,28.810283311439445]]]}},{"type":"Feature","id":"64427","properties":{"name":"Tigri","source_code":"119538","source_subdistrict":"Khekada","lgd_id":null,"lgd_name":null,"subdistrict":"Khekada","status":"unlinked"},"geometry":{"type":"Polygon","coordinates":[[[77.33708866664615,28.81305748636546],[77.33579462613632,28.81035233302401],[77.33515242060959,28.81010682030016],[77.33381636424568,28.808474387251398],[77.3332265975012,28.808447784912836],[77.33060197786465,28.805636517476962],[77.32856677103102,28.800218469808495],[77.32419363744701,28.802124578901577],[77.32137999450602,28.807646051086852],[77.32155624429673,28.808303137222737],[77.32261803012626,28.810283311439445],[77.3236376904761,28.81068614375658],[77.32902977674786,28.817636210181387],[77.33041095489757,28.81717286293203],[77.33070185294811,28.81781506806505],[77.33269836104449,28.817076834503553],[77.33631811313847,28.815241855146795],[77.3373314424267,28.81416851221391],[77.33708866664615,28.81305748636546]]]}},{"type":"Feature","id":"64428","properties":{"name":"Alamgirpur Urf Tukali","source_code":"119546","source_subdistrict":"Khekada","lgd_id":null,"lgd_name":null,"subdistrict":"Khekada","status":"unlinked"},"geometry":{"type":"Polygon","coordinates":[[[77.38790359174978,28.819555857943936],[77.39057916511629,28.818207421041688],[77.39164846490536,28.818073907166053],[77.39161814253801,28.817704422278837],[77.39299272992426,28.816636629023808],[77.39483408308404,28.81601250248154],[77.39310975713249,28.81559865324556],[77.3923256794723,28.814847891822897],[77.39078822613696,28.814604785154692],[77.39015329501365,28.81400739680193],[77.38842618825359,28.813727627475252],[77.38690600158075,28.814474335207265],[77.38474982814459,28.81467391699752],[77.38237256320402,28.81542334075722],[77.37546856561838,28.815897267839933],[77.37354954597953,28.81658698669362],[77.37225449362165,28.817488200227768],[77.37152064848975,28.8175180765715],[77.37265213943789,28.81894553372915],[77.37509658113895,28.81907790308217],[77.37533680673889,28.819425675115603],[77.37668461687636,28.8196322751912],[77.38174739310894,28.819329442836207],[77.38430946117036,28.818851409245063],[77.38602075316408,28.819432860950325],[77.38669432833355,28.819100032832406],[77.38790359174978,28.819555857943936]]]}},{"type":"Feature","id":"64429","properties":{"name":"Vinaipur","source_code":"119537","source_subdistrict":"Khekada","lgd_id":null,"lgd_name":null,"subdistrict":"Khekada","status":"unlinked"},"geometry":{"type":"Polygon","coordinates":[[[77.35164981566491,28.82098932118281],[77.35531268887931,28.81756965465078],[77.36158496987964,28.814570322649345],[77.35823111582472,28.81019606186652],[77.35733134236247,28.808629738879517],[77.356398450975,28.807725377809447],[77.35532986678535,28.80738064994908],[77.35418380164126,28.806204385935953],[77.35296063840947,28.804179814711816],[77.34823736426854,28.805996905519468],[77.34435318585142,28.808641259502288],[77.34497244409198,28.80995980028403],[77.34495757142135,28.81110008935155],[77.34560755688437,28.812318497459078],[77.34534628244175,28.8134043739089],[77.34585404036575,28.814595258044193],[77.3457002054919,28.816890527783343],[77.34673787350205,28.81957454323309],[77.34740442839255,28.82046614197618],[77.34906424075847,28.82166771034899],[77.35164981566491,28.82098932118281]]]}},{"type":"Feature","id":"64430","properties":{"name":"Ahamadnagar","source_code":"119530","source_subdistrict":"Khekada","lgd_id":null,"lgd_name":null,"subdistrict":"Khekada","status":"unlinked"},"geometry":{"type":"Polygon","coordinates":[[[77.32645035523294,28.814490223803663],[77.3236376904761,28.81068614375658],[77.32261803012626,28.810283311439445],[77.31911988677895,28.812656756945128],[77.31865664176016,28.812061953549467],[77.3164072110225,28.813047364010288],[77.31624711904338,28.81252472929285],[77.31493047832953,28.813525763627087],[77.31124593412193,28.814822459408475],[77.30816202342363,28.815642773282555],[77.30690409966513,28.815688692768433],[77.30804296482209,28.820253192210465],[77.30759381194491,28.820765578650132],[77.30793153140243,28.82187823625296],[77.30887994285364,28.82293407605696],[77.30925284817525,28.824181497301556],[77.30919877337153,28.824918566867293],[77.31095543225452,28.824713287546118],[77.31559420123321,28.822459834387484],[77.31723150997384,28.822487295638545],[77.31896417038425,28.82162740607743],[77.32056716230453,28.820597601812803],[77.32200529723312,28.819263118157046],[77.32345858844684,28.81722443069342],[77.32645035523294,28.814490223803663]]]}},{"type":"Feature","id":"64431","properties":{"name":"Sharfabad","source_code":"119547","source_subdistrict":"Khekada","lgd_id":null,"lgd_name":null,"subdistrict":"Khekada","status":"unlinked"},"geometry":{"type":"Polygon","coordinates":[[[77.40549048825511,28.813678206514798],[77.40359507872434,28.812339212217207],[77.39983549812122,28.810902815607427],[77.39905000356266,28.81021914954571],[77.39651872461168,28.81196424166408],[77.39671758117281,28.812470649840837],[77.39569805694703,28.812957228796225],[77.39526832937312,28.813470176442564],[77.39444555806176,28.815469461652555],[77.39483408308404,28.81601250248154],[77.39299272992426,28.816636629023808],[77.39161814253801,28.817704422278837],[77.39164846490536,28.818073907166053],[77.39057916511629,28.818207421041688],[77.38790359174978,28.819555857943936],[77.39007725650266,28.82848892784222],[77.39621862574576,28.821729210900926],[77.4021632212002,28.821607802962333],[77.40004945475364,28.81977884699981],[77.40549048825511,28.813678206514798]]]}},{"type":"Feature","id":"64432","properties":{"name":"Subhanpur","source_code":"119518","source_subdistrict":"Khekada","lgd_id":null,"lgd_name":null,"subdistrict":"Khekada","status":"unlinked"},"geometry":{"type":"Polygon","coordinates":[[[77.2275989161267,28.84290746722384],[77.2289105578518,28.842713516192063],[77.23003170133867,28.842096461127127],[77.23067895996006,28.841349320923328],[77.23142355619186,28.841064283503247],[77.23171025494031,28.840622362411825],[77.23364134881147,28.840235958922875],[77.23394582635675,28.839686006082957],[77.23745044314902,28.838392357214676],[77.24018783578586,28.83770832854726],[77.24117324792896,28.837657610468888],[77.24254332873672,28.838290610543208],[77.24216005366866,28.834776647313543],[77.24349223320418,28.83157660560258],[77.2437818378188,28.830308641127115],[77.24379428396462,28.82628685101493],[77.24448542831713,28.826325838715665],[77.24598674258161,28.82589125371513],[77.24643218124352,28.82522181124907],[77.24659245718121,28.824235990298618],[77.24749132774919,28.82322902012511],[77.24247321613994,28.823454085638485],[77.24086732607088,28.823751413656115],[77.24007642259848,28.823358591007512],[77.23348407393573,28.82245928900279],[77.23068160180148,28.822627483989752],[77.2292976558967,28.823314491369224],[77.22864942566031,28.824109028923083],[77.22905374867841,28.826661964099962],[77.2260242156439,28.830103342621285],[77.22701641879823,28.831122654938028],[77.22203260129996,28.833920665298216],[77.21956180755525,28.8378049276225],[77.22015396241649,28.840205362481314],[77.22088505237726,28.84189725229668],[77.22210722925107,28.843638284946685],[77.2230353622139,28.84408773087549],[77.22399341496973,28.843887683890642],[77.22452522606157,28.84349065404545],[77.22478053207712,28.843765917898693],[77.22521494712443,28.84359740740052],[77.22543617565586,28.8440210385126],[77.22711021479721,28.84344067318721],[77.2275989161267,28.84290746722384]]]}},{"type":"Feature","id":"64433","properties":{"name":"Firozpur","source_code":"119528","source_subdistrict":"Khekada","lgd_id":null,"lgd_name":null,"subdistrict":"Khekada","status":"unlinked"},"geometry":{"type":"Polygon","coordinates":[[[77.31039797305291,28.846037853102565],[77.31376413057461,28.842773592436913],[77.31375888346324,28.84213617751587],[77.3128032254895,28.840526813594252],[77.31224527231424,28.839024749618435],[77.31266038654739,28.838327302068627],[77.31547754559271,28.83577494239852],[77.31600759706336,28.835045868303673],[77.31637462177454,28.833928301275584],[77.3142318130308,28.831728759196057],[77.31475750165829,28.83120087610303],[77.313607889061,28.82975595212563],[77.30919877337153,28.824918566867293],[77.30610913722813,28.82599031802048],[77.30387356274456,28.826321653769586],[77.3000849367604,28.828002080219594],[77.29699436736594,28.8282350279367],[77.29670183667758,28.828548757517783],[77.2958644705314,28.8285178366321],[77.29317367735153,28.827449234796507],[77.29089154881876,28.829037516070642],[77.29222028876045,28.829680577560048],[77.29294673564799,28.83043084370431],[77.29623884784128,28.83231466489144],[77.29723768983781,28.83192900874661],[77.29783783711834,28.832358446123134],[77.29946664195613,28.834532764154357],[77.30120917202204,28.83848679926245],[77.3032857222503,28.84197680658538],[77.30392064772697,28.84168561205063],[77.3045014599885,28.842131462857832],[77.30522721952796,28.842043054948967],[77.30531124339961,28.843436527034385],[77.30788029549575,28.845307882322356],[77.30947204913153,28.844814727900587],[77.31039797305291,28.846037853102565]]]}},{"type":"Feature","id":"64434","properties":{"name":"Noorpur Muzbida","source_code":"119512","source_subdistrict":"Khekada","lgd_id":null,"lgd_name":null,"subdistrict":"Khekada","status":"unlinked"},"geometry":{"type":"Polygon","coordinates":[[[77.24285426769981,28.84160017987766],[77.24254332873672,28.838290610543208],[77.24117324792896,28.837657610468888],[77.24018783578586,28.83770832854726],[77.23745044314902,28.838392357214676],[77.23394582635675,28.839686006082957],[77.23364134881147,28.840235958922875],[77.23171025494031,28.840622362411825],[77.23142355619186,28.841064283503247],[77.23067895996006,28.841349320923328],[77.23003170133867,28.842096461127127],[77.2289105578518,28.842713516192063],[77.2275989161267,28.84290746722384],[77.22828279057013,28.844652663420067],[77.22867617429502,28.844943852996245],[77.22894388953753,28.844664111436934],[77.23221893737698,28.8447072457793],[77.23491276239723,28.845295482971977],[77.23618823548446,28.84603522717171],[77.2384561253353,28.84503166478378],[77.23904215256123,28.844269896430887],[77.24062448817222,28.843660725093144],[77.24108330796511,28.843776970159798],[77.24285426769981,28.84160017987766]]]}},{"type":"Feature","id":"64435","properties":{"name":"Lahchauda","source_code":"119541","source_subdistrict":"Khekada","lgd_id":null,"lgd_name":null,"subdistrict":"Khekada","status":"unlinked"},"geometry":{"type":"Polygon","coordinates":[[[77.37482010184371,28.852851773040996],[77.3757431538627,28.851541975310596],[77.37264360382146,28.844983793373096],[77.37265971266422,28.843323671236192],[77.37221136725086,28.842008123735365],[77.37137097609518,28.840317155649114],[77.36979902352783,28.838094230302374],[77.36827477443146,28.838563937738922],[77.3611039209001,28.843460584182495],[77.35396298656406,28.84782068587404],[77.35596336862547,28.84959798179433],[77.36061748040787,28.85289491408964],[77.3618269047871,28.85290646848808],[77.36441996750945,28.85459278053203],[77.36649322312589,28.856538833202993],[77.37053223013807,28.85472685763177],[77.37240751020455,28.853432722030366],[77.37405979057391,28.852772215970617],[77.37482010184371,28.852851773040996]]]}},{"type":"Feature","id":"64436","properties":{"name":"Habibpur Nagla","source_code":"119469","source_subdistrict":"Baghpat","lgd_id":null,"lgd_name":null,"subdistrict":"Baghpat","status":"unlinked"},"geometry":{"type":"Polygon","coordinates":[[[77.42440671284048,28.958820425144097],[77.4338767970017,28.953572989208084],[77.4371015721825,28.952517895589935],[77.43946589624363,28.952505396616512],[77.44084885659467,28.952007673398082],[77.44203842306229,28.95071873383109],[77.44392966393315,28.949608665909345],[77.44495743071926,28.94969213472413],[77.445789029544,28.94911849861673],[77.44992276974793,28.947423660814],[77.45427613696481,28.946168185888034],[77.45873810903721,28.94426033930829],[77.45823921943213,28.942558793605407],[77.45696307109839,28.94250500290512],[77.4551000610322,28.943179699571456],[77.45305575786587,28.943398738724714],[77.45304634692363,28.942929067955056],[77.45224869580163,28.942782234234496],[77.4511538119639,28.94318403286051],[77.45106817781237,28.942713147704662],[77.444459947346,28.94515669505584],[77.44394988572279,28.944930566184734],[77.44043744061207,28.947004092265445],[77.43873124092713,28.947463110254787],[77.4379217975054,28.94696387899697],[77.43660367141898,28.94801597923018],[77.42547809952704,28.953136411098654],[77.42149677973555,28.953894034638207],[77.41688351014496,28.955697777236676],[77.41587530531596,28.956503167674295],[77.41639988039097,28.956947604453955],[77.41697061370797,28.957007111838745],[77.4179699843864,28.95937078191694],[77.41754438122277,28.959665750863287],[77.41901714717012,28.962187946269673],[77.42006859893816,28.9620539664863],[77.42440671284048,28.958820425144097]]]}},{"type":"Feature","id":"64437","properties":{"name":"Baleni","source_code":"119468","source_subdistrict":"Baghpat","lgd_id":null,"lgd_name":null,"subdistrict":"Baghpat","status":"unlinked"},"geometry":{"type":"Polygon","coordinates":[[[77.46093941800855,28.949870774513403],[77.46228620466387,28.949271682233633],[77.46408248821494,28.949065368508077],[77.46535027680689,28.94859914750394],[77.46712144752688,28.94775519958155],[77.46834333516354,28.946734867916152],[77.46880312234681,28.946624754379535],[77.4701578415157,28.947501346089226],[77.4704033038929,28.946683566693835],[77.4702992211754,28.9461788681609],[77.46921200724012,28.94527296448361],[77.46274041931672,28.94198455869125],[77.45823921943213,28.942558793605407],[77.45873810903721,28.94426033930829],[77.45427613696481,28.946168185888034],[77.44992276974793,28.947423660814],[77.445789029544,28.94911849861673],[77.44495743071926,28.94969213472413],[77.44392966393315,28.949608665909345],[77.44203842306229,28.95071873383109],[77.44084885659467,28.952007673398082],[77.43946589624363,28.952505396616512],[77.4371015721825,28.952517895589935],[77.4338767970017,28.953572989208084],[77.42803411786987,28.95674912625935],[77.42957299670562,28.957930834333748],[77.43227585222458,28.960908614703985],[77.43210843550841,28.961626962255213],[77.43402202566044,28.963133216793892],[77.43564217564563,28.9622369093816],[77.43771489236816,28.96158257574836],[77.44152513980578,28.959882807953868],[77.4441022842899,28.957878219377957],[77.4447101174291,28.95798852399603],[77.44553169836078,28.956978762720702],[77.44703601349808,28.957069814216585],[77.44880052702035,28.956561337798508],[77.44859812096296,28.956205980067224],[77.45004895669227,28.955189445359913],[77.45079295440098,28.955167748136706],[77.45080295469847,28.95468162650008],[77.45156556363071,28.953754732857867],[77.45173182167397,28.953086642895],[77.4525378076365,28.952831167624804],[77.4538845503571,28.951309884771202],[77.45428650205652,28.951232430868533],[77.45487112173957,28.951543550341032],[77.45901631617352,28.950217573635154],[77.46093941800855,28.949870774513403]]]}},{"type":"Feature","id":"64438","properties":{"name":"Jonmani","source_code":"119474","source_subdistrict":"Baghpat","lgd_id":null,"lgd_name":null,"subdistrict":"Baghpat","status":"unlinked"},"geometry":{"type":"Polygon","coordinates":[[[77.36856179826192,28.957485335943975],[77.36907133714467,28.954140012391157],[77.36736333426701,28.95287108221735],[77.36595798420188,28.95261322224253],[77.363003191925,28.952598150075698],[77.36041243486369,28.953393912838138],[77.35786321661499,28.953133899345215],[77.35258513085611,28.953885193008983],[77.3538845268708,28.955533208165363],[77.35525236154207,28.961122910717034],[77.35662324115248,28.961212606777433],[77.35726030873114,28.96263165564735],[77.35842297539965,28.962650829001273],[77.36856179826192,28.957485335943975]]]}},{"type":"Feature","id":"64439","properties":{"name":"Maniyar Bari","source_code":"119473","source_subdistrict":"Baghpat","lgd_id":null,"lgd_name":null,"subdistrict":"Baghpat","status":"unlinked"},"geometry":{"type":"Polygon","coordinates":[[[77.38620785970534,28.960624811341138],[77.3852487363503,28.95954437465304],[77.38529958769438,28.958941544041345],[77.38723945185274,28.9582689207284],[77.38851926518846,28.9581556397522],[77.38577657374852,28.955310587291823],[77.38560083551987,28.95460344561769],[77.38665334871176,28.953513898088463],[77.38539480049948,28.9526214005389],[77.38384655079913,28.95100311392957],[77.38310398254261,28.95095744895412],[77.38102109319426,28.949380700166024],[77.37729173301948,28.949034621847513],[77.37394567435486,28.951293874674253],[77.36907133714467,28.954140012391157],[77.36856179826192,28.957485335943975],[77.37331326133719,28.95729501247932],[77.37579799314219,28.960605560135736],[77.37682922802323,28.96322991447895],[77.37793064318349,28.96344077741367],[77.38262059567465,28.962561673085276],[77.38381825021654,28.961826662466073],[77.38552308235931,28.961452052897034],[77.38620785970534,28.960624811341138]]]}},{"type":"Feature","id":"64440","properties":{"name":"Amipur Baleni","source_code":"119466","source_subdistrict":"Baghpat","lgd_id":null,"lgd_name":null,"subdistrict":"Baghpat","status":"unlinked"},"geometry":{"type":"Polygon","coordinates":[[[77.46947181952144,28.958691750125674],[77.46639022759713,28.956479950186058],[77.46240917446147,28.952577004006777],[77.46144489710402,28.951253794907558],[77.46093941800855,28.949870774513403],[77.45901631617352,28.950217573635154],[77.45487112173957,28.951543550341032],[77.45428650205652,28.951232430868533],[77.4538845503571,28.951309884771202],[77.4525378076365,28.952831167624804],[77.45173182167397,28.953086642895],[77.45156556363071,28.953754732857867],[77.45080295469847,28.95468162650008],[77.45079295440098,28.955167748136706],[77.45004895669227,28.955189445359913],[77.44859812096296,28.956205980067224],[77.44880052702035,28.956561337798508],[77.44703601349808,28.957069814216585],[77.44553169836078,28.956978762720702],[77.4447101174291,28.95798852399603],[77.4441022842899,28.957878219377957],[77.44152513980578,28.959882807953868],[77.43771489236816,28.96158257574836],[77.43564217564563,28.9622369093816],[77.43402202566044,28.963133216793892],[77.43612281372043,28.96388787657309],[77.43727233060778,28.964543452775136],[77.43932500718834,28.966705811819754],[77.44066279211155,28.969326219249425],[77.44146616248027,28.97012714189223],[77.44270031540366,28.97038159340728],[77.44719420794468,28.96882676484057],[77.44816529695706,28.968892537082972],[77.44919866464546,28.967785540223254],[77.45065066478715,28.966718731795307],[77.45480123209266,28.965158221692544],[77.45685208258294,28.964637441883628],[77.45906674487259,28.963565888653864],[77.46017775050711,28.96331521467058],[77.46144450088084,28.96383833087424],[77.46228728350779,28.96365046595243],[77.46367439337672,28.962951403685274],[77.46401111426427,28.962336315047008],[77.46676518055723,28.960988132027637],[77.46947181952144,28.958691750125674]]]}},{"type":"Feature","id":"64441","properties":{"name":"Daula","source_code":"119446","source_subdistrict":"Baghpat","lgd_id":null,"lgd_name":null,"subdistrict":"Baghpat","status":"unlinked"},"geometry":{"type":"Polygon","coordinates":[[[77.34077258746267,28.972168247794887],[77.34907219537916,28.97104816676032],[77.34817836627585,28.969155348776958],[77.34943562320511,28.968320977144803],[77.35351647088525,28.964732965777785],[77.35449633114524,28.963491528941297],[77.35605666246687,28.96274594352768],[77.35726030873114,28.96263165564735],[77.35662324115248,28.961212606777433],[77.35525236154207,28.961122910717034],[77.3538845268708,28.955533208165363],[77.35258513085611,28.953885193008983],[77.35230737068855,28.952161823064145],[77.35257832599689,28.950187603016662],[77.35235448431223,28.948171661824702],[77.35110512523056,28.945971070128575],[77.35036419862915,28.943175191564265],[77.34876401436398,28.94133767599595],[77.34663029592409,28.93949130032708],[77.34334398130454,28.941616793922773],[77.34161592393025,28.942191806111705],[77.34062352527533,28.94224240926835],[77.33751109813868,28.94336453053509],[77.3365885030487,28.941940605411705],[77.3339543298999,28.94209801266049],[77.33331865786995,28.94151728788598],[77.33087433638457,28.941711342655747],[77.32727647404482,28.94235564807736],[77.3256841493887,28.943704123827647],[77.32464348645627,28.944223350632942],[77.32361584641372,28.944139110053197],[77.32165462759285,28.944911237552432],[77.32044408429353,28.946232501253476],[77.3184922419452,28.946568755387727],[77.3155170900323,28.946619540365003],[77.31472175803273,28.946371445764033],[77.31377032070431,28.94716878295397],[77.31448395384862,28.949427766952326],[77.31633040520073,28.953080751507073],[77.3167894571337,28.95565403903249],[77.31629737657771,28.95812754237433],[77.31536328470963,28.95900062395941],[77.3159802642418,28.959564320573822],[77.31728614498569,28.962654815325138],[77.3175611696531,28.96404281003012],[77.31846354536584,28.964636422824984],[77.32072367531548,28.965487496188917],[77.32247198533298,28.965759862718834],[77.3227207229281,28.96660243182133],[77.32487228421692,28.96762769566431],[77.32614320886925,28.967933969790085],[77.3271967734951,28.969477452953573],[77.32797936310865,28.969440200933192],[77.32830692108308,28.970166693858033],[77.32938979543292,28.970352427984253],[77.32939621241454,28.970939418912195],[77.33019642650144,28.970969523510885],[77.33022226954553,28.971540068830784],[77.33091028457937,28.971467690869652],[77.33132450958837,28.972598052442795],[77.33688043681974,28.972271286981794],[77.33768894339624,28.971915824901767],[77.34077258746267,28.972168247794887]]]}},{"type":"Feature","id":"64442","properties":{"name":"Sikanderpur","source_code":"119508","source_subdistrict":"Khekada","lgd_id":null,"lgd_name":null,"subdistrict":"Khekada","status":"unlinked"},"geometry":{"type":"Polygon","coordinates":[[[77.31683034033767,28.869223175384942],[77.31801911859509,28.8671131764871],[77.31787944418626,28.86652384882912],[77.31807876403224,28.865235813982316],[77.31933636921138,28.86170139329001],[77.31960128792183,28.859139829319282],[77.31510381934076,28.85656552132981],[77.31432087614981,28.854892017925255],[77.30919481952482,28.847057470634947],[77.30509361619482,28.85170127811858],[77.30759151486671,28.856858609927617],[77.30934265579312,28.863076660970435],[77.30974954893668,28.86539792116907],[77.30959236852573,28.86737426946822],[77.30978091468823,28.869222254273453],[77.31032923773014,28.869415949123685],[77.31683034033767,28.869223175384942]]]}},{"type":"Feature","id":"64443","properties":{"name":"Daulatpur","source_code":"119478","source_subdistrict":"Baghpat","lgd_id":null,"lgd_name":null,"subdistrict":"Baghpat","status":"unlinked"},"geometry":{"type":"Polygon","coordinates":[[[77.39920911923343,28.94209756747551],[77.39752913279024,28.939487882829088],[77.39763919763158,28.938785379372376],[77.39717123270734,28.938375323215975],[77.39776369117946,28.93739558256821],[77.39654650858964,28.936352899384044],[77.3958060981164,28.935301187077275],[77.39536921916854,28.935227008789617],[77.39358743151749,28.932934207112076],[77.3937557367662,28.932182337393076],[77.39145599962771,28.929143228110973],[77.39166983035734,28.92803994408644],[77.38992913151246,28.92833020189163],[77.38601927467046,28.930245201854305],[77.38576028004397,28.92987205381378],[77.38276290463276,28.930996943135415],[77.38229962019437,28.93036891487796],[77.38124981330105,28.930435599267128],[77.38050106659756,28.929786127830372],[77.37942539352441,28.931076525738902],[77.37905085238478,28.93256284913581],[77.38145866496252,28.93588896399654],[77.38227418114693,28.93608675185718],[77.38329106948567,28.938484558433476],[77.38401415318604,28.93854667590094],[77.38730166248,28.94175287797315],[77.39098637613398,28.946021889589673],[77.39248454975127,28.94820944014453],[77.39383517680648,28.947443292048725],[77.3965049947801,28.94649735330087],[77.39766248473879,28.94493990474084],[77.39920911923343,28.94209756747551]]]}},{"type":"Feature","id":"64444","properties":{"name":"Basetikri","source_code":"119481","source_subdistrict":"Baghpat","lgd_id":null,"lgd_name":null,"subdistrict":"Baghpat","status":"unlinked"},"geometry":{"type":"Polygon","coordinates":[[[77.32165462759285,28.944911237552432],[77.3214324234523,28.943725314584164],[77.32153799540323,28.94236879690216],[77.32219353537175,28.94202760881382],[77.32055654580374,28.93926688808263],[77.31922327727239,28.937450289520452],[77.31882309836189,28.93744359215998],[77.31847082439612,28.936984929590007],[77.31840729225281,28.936396947379404],[77.31708334713903,28.93503324556647],[77.31773849778634,28.934708833298522],[77.31358789692577,28.930078039489242],[77.31232896896627,28.930995999374407],[77.30860547328133,28.933046403351955],[77.30727802186168,28.934483014886233],[77.30577565094534,28.935195596190525],[77.30302085961318,28.937396303655266],[77.3057513075122,28.939823464265807],[77.30753581816016,28.9410440712637],[77.30872668940621,28.942388834193913],[77.30949114685521,28.942301062175844],[77.30995556348047,28.94286223761492],[77.31052872630889,28.942804785602796],[77.3124771553285,28.94614096297664],[77.31377032070431,28.94716878295397],[77.31472175803273,28.946371445764033],[77.3155170900323,28.946619540365003],[77.3184922419452,28.946568755387727],[77.32044408429353,28.946232501253476],[77.32165462759285,28.944911237552432]]]}},{"type":"Feature","id":"64445","properties":{"name":"Pilana","source_code":"119475","source_subdistrict":"Baghpat","lgd_id":null,"lgd_name":null,"subdistrict":"Baghpat","status":"unlinked"},"geometry":{"type":"Polygon","coordinates":[[[77.36907133714467,28.954140012391157],[77.37394567435486,28.951293874674253],[77.37729173301948,28.949034621847513],[77.37605530242554,28.947102746488635],[77.37519058598265,28.944724189916922],[77.37424671519832,28.943383986592437],[77.37502923875174,28.94244098962173],[77.374362716119,28.94150777962467],[77.37679723491748,28.939971391515627],[77.37645041534161,28.9392446495229],[77.37749507527285,28.938523922565704],[77.37700396492436,28.93740913077529],[77.3806785018524,28.93492037385245],[77.37905085238478,28.93256284913581],[77.37942539352441,28.931076525738902],[77.37861709294204,28.929637920369885],[77.37931103840684,28.92746928006147],[77.37811236201661,28.927365816111763],[77.3772740510309,28.92644654972531],[77.37616402382803,28.925757597457004],[77.37333343271935,28.925308737683785],[77.37199216189754,28.925638890258888],[77.36984114368846,28.925502965246512],[77.36788850500865,28.925001346243178],[77.36597630351592,28.925288527186947],[77.36489963696874,28.925723588438693],[77.36408901306739,28.926196559614446],[77.36348335006686,28.926890900610125],[77.36182324664932,28.927869721375764],[77.35727557562919,28.930175982073393],[77.35882620110657,28.932549244208978],[77.35880477005207,28.933555039137136],[77.35749254800758,28.934304773975295],[77.35765809149947,28.93548134058712],[77.3570354344157,28.936074754452033],[77.35740011564467,28.936852145942932],[77.35523936094562,28.938057391098035],[77.35530199334085,28.9386956468902],[77.35441466489104,28.93918406269489],[77.35490889613901,28.94103680822241],[77.35454870099049,28.941835766921997],[77.35296885218943,28.942614575034806],[77.35036419862915,28.943175191564265],[77.35110512523056,28.945971070128575],[77.35235448431223,28.948171661824702],[77.35257832599689,28.950187603016662],[77.35230737068855,28.952161823064145],[77.35258513085611,28.953885193008983],[77.35786321661499,28.953133899345215],[77.36041243486369,28.953393912838138],[77.363003191925,28.952598150075698],[77.36595798420188,28.95261322224253],[77.36736333426701,28.95287108221735],[77.36907133714467,28.954140012391157]]]}},{"type":"Feature","id":"64446","properties":{"name":"Dolcha","source_code":"119470","source_subdistrict":"Baghpat","lgd_id":null,"lgd_name":null,"subdistrict":"Baghpat","status":"unlinked"},"geometry":{"type":"Polygon","coordinates":[[[77.45823921943213,28.942558793605407],[77.46274041931672,28.94198455869125],[77.46220765192162,28.939142210833225],[77.46293948742091,28.93598450631063],[77.46458376087458,28.93388089710061],[77.46496359399309,28.931153577257895],[77.46462985232144,28.930695533197387],[77.45986447277184,28.927903450675412],[77.45869684581933,28.92535279568876],[77.45532086658585,28.926389185737488],[77.44997587868562,28.9267737122708],[77.44471334706775,28.927779831622868],[77.44373173801844,28.925466798591465],[77.44112820192018,28.926012143871592],[77.44046719951851,28.927099960736978],[77.44044400850535,28.92822311962167],[77.4400417912683,28.929239604820353],[77.43908176733704,28.93049870498548],[77.43849867139181,28.930120462601995],[77.43728605217592,28.93161027607214],[77.4366832090365,28.93126525084575],[77.42754880187857,28.934204301108792],[77.42245878852937,28.93697319028679],[77.42079181889903,28.937382348796387],[77.41705855409826,28.93906615351887],[77.41513978745287,28.94057793193785],[77.41600766604074,28.94101115508192],[77.41934912281714,28.946246547966886],[77.41849696558212,28.94688679460465],[77.41892342665092,28.947463797821342],[77.41477282808424,28.949945691812694],[77.41151836751492,28.9515029180549],[77.41260416415297,28.95245949283976],[77.4136219566069,28.95393478062411],[77.4146341769423,28.953850508133716],[77.41587530531596,28.956503167674295],[77.41688351014496,28.955697777236676],[77.42149677973555,28.953894034638207],[77.42547809952704,28.953136411098654],[77.43660367141898,28.94801597923018],[77.4379217975054,28.94696387899697],[77.43873124092713,28.947463110254787],[77.44043744061207,28.947004092265445],[77.44394988572279,28.944930566184734],[77.444459947346,28.94515669505584],[77.45106817781237,28.942713147704662],[77.4511538119639,28.94318403286051],[77.45224869580163,28.942782234234496],[77.45304634692363,28.942929067955056],[77.45305575786587,28.943398738724714],[77.4551000610322,28.943179699571456],[77.45696307109839,28.94250500290512],[77.45823921943213,28.942558793605407]]]}},{"type":"Feature","id":"64447","properties":{"name":"Khera Viran","source_code":"119477","source_subdistrict":"Baghpat","lgd_id":null,"lgd_name":null,"subdistrict":"Baghpat","status":"unlinked"},"geometry":{"type":"Polygon","coordinates":[[[77.40895129126237,28.95027085464703],[77.40410758443498,28.943048998423038],[77.4016249570679,28.944165791271644],[77.40085266992904,28.942811763323768],[77.39978195219634,28.942962073687358],[77.39920911923343,28.94209756747551],[77.39766248473879,28.94493990474084],[77.3965049947801,28.94649735330087],[77.39383517680648,28.947443292048725],[77.39248454975127,28.94820944014453],[77.38876255653153,28.951133623730698],[77.38922912903226,28.951610747065473],[77.38778031015516,28.952509398601727],[77.38560083551987,28.95460344561769],[77.38577657374852,28.955310587291823],[77.38851926518846,28.9581556397522],[77.39044109601078,28.959243359189564],[77.39189526604923,28.958093255068377],[77.39238128978118,28.958553910839996],[77.39629475845025,28.956504745829466],[77.39767265686856,28.956258838489006],[77.39916378745285,28.955159569742815],[77.40020218951707,28.95564593989162],[77.4015602290033,28.954527719001476],[77.40135050163414,28.953618821445527],[77.403880313428,28.952989098743036],[77.40493019467297,28.952016768760423],[77.40455815042583,28.951574760497653],[77.40502468123637,28.951146336368055],[77.40559970246417,28.95191023225467],[77.40663482801656,28.951641928332673],[77.40895129126237,28.95027085464703]]]}},{"type":"Feature","id":"64448","properties":{"name":"Kansa Poothi","source_code":"119459","source_subdistrict":"Baghpat","lgd_id":null,"lgd_name":null,"subdistrict":"Baghpat","status":"unlinked"},"geometry":{"type":"Polygon","coordinates":[[[77.44146930260605,29.010223853867835],[77.44035306415047,29.007131524793373],[77.44038375275173,29.00690814425453],[77.44108687762002,29.006578888464414],[77.44073518513794,29.00373902859514],[77.44039654768275,29.00355861226934],[77.44030154733018,29.002645102671877],[77.4397986156679,29.002613509762693],[77.4387056383276,29.003026374552896],[77.43303268446157,29.004255573215424],[77.43249374077337,29.004778844233027],[77.42558353757747,29.00899646835444],[77.42773603766321,29.012271733430243],[77.42764618163775,29.013243876049998],[77.42787448864351,29.014046849899426],[77.42931413686904,29.01342437156734],[77.43027117533748,29.01368833715748],[77.43323244752101,29.01242080231933],[77.43369694309733,29.011978758382213],[77.43513131794825,29.01182991760359],[77.43788983640661,29.01048781805346],[77.43923432704483,29.01022620962277],[77.43960134688021,29.01051259792643],[77.44146930260605,29.010223853867835]]]}},{"type":"Feature","id":"64449","properties":{"name":"Bilochpura","source_code":"119443","source_subdistrict":"Baghpat","lgd_id":null,"lgd_name":null,"subdistrict":"Baghpat","status":"unlinked"},"geometry":{"type":"Polygon","coordinates":[[[77.35238963997715,29.010939067107103],[77.35163762248352,29.010537755653324],[77.35102643019373,29.00921843196647],[77.3494321316892,29.006909153346648],[77.34966287162298,29.006365568508404],[77.34794784620824,29.00352171501445],[77.34891262013689,29.00256866858341],[77.34666161545945,28.999915733830367],[77.34511505055954,28.997324726448166],[77.34407940907703,28.997592612085285],[77.34225342493626,28.994695121915754],[77.33805963297623,28.989276686427964],[77.33639060080715,28.989735214931287],[77.33573056270949,28.98938889291937],[77.33444167352766,28.99079270365862],[77.33151283894779,28.992185971213907],[77.32839690626255,28.99340838903906],[77.32733217276815,28.993256496511666],[77.32537732254157,28.994582050864484],[77.32295866074362,28.99530458843726],[77.32618141073172,28.997974100497302],[77.3261683869394,28.998577508702223],[77.3267244385471,28.999324546321162],[77.32733743313771,28.999200631238214],[77.32849275326765,29.000460672795356],[77.32899262514297,29.002045125759004],[77.32810129596578,29.00260298550888],[77.32884540328828,29.00319616411538],[77.32808088833279,29.003737610453882],[77.32808097663218,29.004400713185227],[77.32726511325951,29.00492415499745],[77.32729607203065,29.005727119927073],[77.32647505407645,29.006194089636857],[77.3271039552095,29.007612824228367],[77.32627256100474,29.007782037044663],[77.32585700094096,29.00831673010504],[77.32656024723573,29.00955270728916],[77.32630877769509,29.009843711033653],[77.32641151184876,29.01008497447098],[77.32722234860938,29.010134526060497],[77.32819496208286,29.011072727766688],[77.32848485823564,29.011016320035864],[77.33026353247584,29.013431818530297],[77.33167987049829,29.012718878113166],[77.33608286305537,29.01115047111048],[77.33958012947122,29.010439300291065],[77.33984189313821,29.010910641848607],[77.34252334841996,29.010754440384417],[77.34466309726382,29.009849487803265],[77.34585143858874,29.01095662939891],[77.3467756285651,29.012219544865992],[77.34846900474167,29.01149958224873],[77.34919028780953,29.0123475025893],[77.35238963997715,29.010939067107103]]]}},{"type":"Feature","id":"64450","properties":{"name":"Barsia","source_code":"119451","source_subdistrict":"Baghpat","lgd_id":null,"lgd_name":null,"subdistrict":"Baghpat","status":"unlinked"},"geometry":{"type":"Polygon","coordinates":[[[77.41085161858602,29.01261687755871],[77.41106211289404,29.01225605279505],[77.4118961720848,29.01196974401991],[77.41230171134052,29.01126828555914],[77.41419062409605,29.009525036874823],[77.41450895714256,29.00896343457457],[77.41451435626058,29.007605625137938],[77.41503544064014,29.00700796126488],[77.41599260913385,29.006487092255504],[77.414912564455,29.005395145054393],[77.41344533336691,29.00334909986076],[77.4131736284058,29.002442345375005],[77.41265788533435,29.002390383271432],[77.41197300802557,29.00173383166706],[77.41059556381478,29.000071214458153],[77.40995320401964,28.998570064860235],[77.40888398591076,28.997714423672512],[77.40779899822505,28.99761304383251],[77.40534512444513,29.000038111133904],[77.4036938891999,29.000002011092768],[77.4028393710035,29.000322054148363],[77.40111259195577,29.00049987837772],[77.40021187757223,29.000898825975117],[77.3991236287417,29.00180077985206],[77.39922865044618,29.00224739085146],[77.39562816080443,29.004231296435346],[77.3929946289372,29.0065807739835],[77.39299694263515,29.0071447108646],[77.39424873826034,29.008040569580825],[77.39531118204489,29.0074972401931],[77.39567553045397,29.007657542269776],[77.39683650688148,29.011079579346223],[77.39812132520683,29.01306265272893],[77.40072232331303,29.015952813768866],[77.40111449528317,29.01720924348906],[77.40278025365491,29.01619243703238],[77.40479233703084,29.01534027414574],[77.40881886808056,29.01406228631267],[77.41085161858602,29.01261687755871]]]}},{"type":"Feature","id":"64451","properties":{"name":"Khindora","source_code":"119448","source_subdistrict":"Baghpat","lgd_id":null,"lgd_name":null,"subdistrict":"Baghpat","status":"unlinked"},"geometry":{"type":"Polygon","coordinates":[[[77.36836076139018,29.018403491140525],[77.37241975225771,29.015381845490445],[77.37425113421597,29.014650584860977],[77.37482064725747,29.014932828992972],[77.37657629292791,29.01413741303468],[77.37755146761528,29.014022823922534],[77.37840579433033,29.014296055146982],[77.38248947170827,29.01231962650885],[77.38334205876858,29.011041107884616],[77.38496929625617,29.01018235249496],[77.38605275833422,29.00901658376403],[77.38724879346331,29.00819376695315],[77.38733624849453,29.007889269364625],[77.38381036255339,29.00335649281161],[77.3832264857106,29.001292392792983],[77.38270859560933,29.00051852569538],[77.38289007320283,28.99945505321398],[77.38263873511276,28.99871319169975],[77.38075428049629,28.99583197269245],[77.37802262780686,28.99603881726765],[77.37602986060554,28.99377614825466],[77.3760408665697,28.99325653889252],[77.37345316958346,28.989374406498197],[77.37208467457809,28.990056206716726],[77.37096450146397,28.989819857918704],[77.36972766016228,28.99058763515248],[77.36749944595265,28.991339121473448],[77.36572002823813,28.991611696616122],[77.36461801500488,28.99231457847366],[77.36416723891385,28.991988584369516],[77.3610908335975,28.993161981971713],[77.36091052624576,28.99714964511856],[77.36040531760989,28.998482708341477],[77.35972766033842,28.99895779766488],[77.35958897183552,29.000095685413378],[77.35798791423963,29.00362394337001],[77.35802167910006,29.004465958220198],[77.35417667745696,29.00746269849076],[77.35442602106528,29.0085813220286],[77.35425944233188,29.009100209724064],[77.35238963997715,29.010939067107103],[77.35237697383893,29.011541351330994],[77.35293173784406,29.01263283586971],[77.35460834875565,29.015084134516353],[77.35528617859086,29.015977141360874],[77.35599683229492,29.015728781536207],[77.3567056202481,29.016838278219357],[77.35889142015347,29.015788691767217],[77.36074416654631,29.015718180276636],[77.36423981094633,29.017022838906094],[77.36516141781243,29.017663027691892],[77.36652429050825,29.01814746169237],[77.36720977659549,29.018783208193828],[77.36836076139018,29.018403491140525]]]}},{"type":"Feature","id":"64452","properties":{"name":"Mavi Khurd","source_code":"119457","source_subdistrict":"Baghpat","lgd_id":null,"lgd_name":null,"subdistrict":"Baghpat","status":"unlinked"},"geometry":{"type":"Polygon","coordinates":[[[77.45557379646839,29.021049427328784],[77.45187068144618,29.020359715180966],[77.45153176621676,29.019601874937727],[77.45178317391685,29.018925196708025],[77.45356388782405,29.017294202843445],[77.4575661922507,29.0128703823208],[77.45760455691048,29.012261357432507],[77.45683703896411,29.010876632584342],[77.45644924510611,29.009466939745465],[77.456595348251,29.008273634832733],[77.45711084760885,29.007267611970256],[77.45601515570812,29.00690461081765],[77.4534466859469,29.006848516505954],[77.45060376342768,29.007277469998904],[77.44688080845864,29.008461970095905],[77.44505392729377,29.010047716390716],[77.4447613931118,29.0100680806127],[77.44418405137485,29.009607927793002],[77.43960134688021,29.01051259792643],[77.43923432704483,29.01022620962277],[77.43788983640661,29.01048781805346],[77.43513131794825,29.01182991760359],[77.43369694309733,29.011978758382213],[77.43323244752101,29.01242080231933],[77.43027117533748,29.01368833715748],[77.42931413686904,29.01342437156734],[77.42787448864351,29.014046849899426],[77.4281694733018,29.015948323232124],[77.42871594595572,29.017306255152498],[77.42862596829795,29.018379870535963],[77.4290005822661,29.018968649188032],[77.43015536173039,29.019431048305627],[77.43137688655295,29.0186619575933],[77.43184394855217,29.018801816649436],[77.43565736808355,29.016907278630104],[77.4442486031921,29.015107133789172],[77.44673529183662,29.016755728854136],[77.44723320678675,29.017362471355394],[77.44854971955678,29.018061631307663],[77.44968667253093,29.019306588008945],[77.45029764065994,29.021115484647773],[77.45058503790472,29.02123950494231],[77.45094946469328,29.02103646853783],[77.45126269837377,29.021825894466577],[77.451832370837,29.022252154343693],[77.45557379646839,29.021049427328784]]]}},{"type":"Feature","id":"64453","properties":{"name":"Dilavar Nagar","source_code":"119456","source_subdistrict":"Baghpat","lgd_id":null,"lgd_name":null,"subdistrict":"Baghpat","status":"unlinked"},"geometry":{"type":"Polygon","coordinates":[[[77.4290005822661,29.018968649188032],[77.42855164130337,29.018152061123228],[77.42871594595572,29.017306255152498],[77.4281694733018,29.015948323232124],[77.42764618163775,29.013243876049998],[77.42773603766321,29.012271733430243],[77.42470361057393,29.007654233520764],[77.4215423287209,29.007965255471557],[77.42115491013212,29.007674186797466],[77.42028250631529,29.008021441884576],[77.41954111913041,29.00706048330635],[77.41811952386783,29.007378349683073],[77.41774750364733,29.00692938031755],[77.41652360643998,29.00707357435099],[77.41599260913385,29.006487092255504],[77.41503544064014,29.00700796126488],[77.41451435626058,29.007605625137938],[77.41450895714256,29.00896343457457],[77.41419062409605,29.009525036874823],[77.41230171134052,29.01126828555914],[77.4118961720848,29.01196974401991],[77.41088501109657,29.01236650262144],[77.41085161858602,29.01261687755871],[77.41236770751483,29.014139688791076],[77.41420959397966,29.01710381444235],[77.41557697522836,29.018755185420105],[77.4174319162538,29.020650088248924],[77.4184122103147,29.02106080697935],[77.41918433927185,29.02266230339867],[77.4290005822661,29.018968649188032]]]}},{"type":"Feature","id":"64454","properties":{"name":"Tilpani","source_code":"119450","source_subdistrict":"Baghpat","lgd_id":null,"lgd_name":null,"subdistrict":"Baghpat","status":"unlinked"},"geometry":{"type":"Polygon","coordinates":[[[77.40162201547177,29.018923617424],[77.40072232331303,29.015952813768866],[77.39812132520683,29.01306265272893],[77.39683650688148,29.011079579346223],[77.39623438288405,29.00891405198921],[77.3955165218491,29.007497367868716],[77.39440522644529,29.008092435349283],[77.39299694263515,29.0071447108646],[77.39289954889641,29.006846921356374],[77.39069520235209,29.007412355927954],[77.39023603771894,29.007188892252636],[77.38946099658,29.007529131614287],[77.38884521207734,29.007443285701715],[77.38700505715302,29.008263592870307],[77.38496929625617,29.01018235249496],[77.38396829394745,29.010766126916767],[77.38419617043873,29.011654970972845],[77.3853860840716,29.01316438088474],[77.38693688158746,29.016557341306545],[77.38774127026306,29.01949669307135],[77.3890798100862,29.021664767285902],[77.39039568872478,29.02303443581223],[77.394092135416,29.020723702405526],[77.39436151747199,29.02086357447314],[77.39512382102991,29.020532278358626],[77.39537779436777,29.020735336416646],[77.39679455578974,29.020052369442894],[77.39708440005289,29.02057347399455],[77.40162201547177,29.018923617424]]]}},{"type":"Feature","id":"64455","properties":{"name":"Hazipur Viran","source_code":"119516","source_subdistrict":"Khekada","lgd_id":null,"lgd_name":null,"subdistrict":"Khekada","status":"unlinked"},"geometry":{"type":"MultiPolygon","coordinates":[[[[77.28226622712599,28.83630451873122],[77.28134729806479,28.834343353567785],[77.27788447097907,28.835039226354596],[77.27381132461574,28.834902796722684],[77.27276128500411,28.834146932806927],[77.27133917480711,28.83385433622172],[77.26774790422463,28.833893688111203],[77.2685035110403,28.836774609865074],[77.2719104232552,28.83602767108428],[77.27282141494358,28.836177376374554],[77.27587746016837,28.835793358218233],[77.2765189451304,28.83607262924358],[77.2774496294813,28.837061242446897],[77.28226622712599,28.83630451873122]]],[[[77.26663368879696,28.83389143110474],[77.26511713412843,28.8335636208157],[77.26315453211491,28.83359715344633],[77.26146794421952,28.832343932455878],[77.26045513082798,28.832494317510054],[77.25890897871335,28.83350771162551],[77.25837266858711,28.83450485073411],[77.25791459308218,28.834547318197252],[77.25791610527408,28.835771705894967],[77.25880544482895,28.83603852476183],[77.25934317301038,28.836701844811614],[77.26040499927886,28.836921292037502],[77.26205335955642,28.839046003875946],[77.26422475743263,28.839049596179695],[77.26594471745788,28.838793868870606],[77.26670060720787,28.838202989387757],[77.26680278950701,28.836158548973025],[77.26615262981478,28.835409473596084],[77.26600158694691,28.834484428539405],[77.26663368879696,28.83389143110474]]]]}},{"type":"Feature","id":"64456","properties":{"name":"Nagla Vahan","source_code":"119535","source_subdistrict":"Khekada","lgd_id":null,"lgd_name":null,"subdistrict":"Khekada","status":"unlinked"},"geometry":{"type":"Polygon","coordinates":[[[77.36827477443146,28.838563937738922],[77.36841711409562,28.837241309128096],[77.36894097573978,28.835891408351237],[77.37002644373578,28.835003572652095],[77.36611122212182,28.829219950119878],[77.35898446837969,28.830276521524983],[77.35742821877132,28.827332493438686],[77.35611644047823,28.82543234745154],[77.35621724500642,28.824276735152864],[77.35379189309018,28.82547778110291],[77.3546876316771,28.82723689230129],[77.35475559186975,28.831196215281597],[77.3576367954284,28.834531116744955],[77.35892690522131,28.834770448132453],[77.36046852324453,28.837512920670967],[77.36333042940744,28.841769804703926],[77.36827477443146,28.838563937738922]]]}},{"type":"Feature","id":"64457","properties":{"name":"Sheikhpuri","source_code":"119534","source_subdistrict":"Khekada","lgd_id":null,"lgd_name":null,"subdistrict":"Khekada","status":"unlinked"},"geometry":{"type":"Polygon","coordinates":[[[77.36333042940744,28.841769804703926],[77.36046852324453,28.837512920670967],[77.35892690522131,28.834770448132453],[77.3576367954284,28.834531116744955],[77.35364563656708,28.835907542961685],[77.35334813959501,28.835567185190598],[77.3498344127357,28.837773230031434],[77.3495947604337,28.8374002815059],[77.34908931018332,28.837878291779734],[77.3489488044872,28.837322493768497],[77.34829281623976,28.83771414823388],[77.34804416233925,28.83687143758523],[77.34748302011114,28.837281432551293],[77.34734718207349,28.836507676299572],[77.34417496302294,28.837880666211575],[77.34170539963957,28.839349122395927],[77.34422141991256,28.842829102821597],[77.3452070044128,28.845730176402274],[77.34522968825326,28.847340623547073],[77.34684107850691,28.846813884567673],[77.34947428658378,28.84660594373424],[77.35093552792316,28.846864939737916],[77.35246221224207,28.84762815050794],[77.35396298656406,28.84782068587404],[77.3611039209001,28.843460584182495],[77.36333042940744,28.841769804703926]]]}},{"type":"Feature","id":"64458","properties":{"name":"Fakharpur Viran","source_code":"119511","source_subdistrict":"Khekada","lgd_id":null,"lgd_name":null,"subdistrict":"Khekada","status":"unlinked"},"geometry":{"type":"Polygon","coordinates":[[[77.23491276239723,28.845295482971977],[77.23221893737698,28.8447072457793],[77.23036044871166,28.84459384144726],[77.22894388953753,28.844664111436934],[77.22867617429502,28.844943852996245],[77.22828279057013,28.844652663420067],[77.2275989161267,28.84290746722384],[77.22711021479721,28.84344067318721],[77.22543617565586,28.8440210385126],[77.22521494712443,28.84359740740052],[77.22478053207712,28.843765917898693],[77.22452522606157,28.84349065404545],[77.22399341496973,28.843887683890642],[77.2230353622139,28.84408773087549],[77.22210722925107,28.843638284946685],[77.22088505237726,28.84189725229668],[77.22015396241649,28.840205362481314],[77.21956180755525,28.8378049276225],[77.21664896220823,28.841505396463212],[77.21684681479499,28.846397430574196],[77.21720324394677,28.847649469748305],[77.21907835404058,28.84770914693686],[77.21966856415648,28.84813919487704],[77.22057628374635,28.8481278788586],[77.22080893728987,28.848727754343386],[77.22159114995573,28.84951321093755],[77.2245825374841,28.850553656391536],[77.22663808539902,28.852864281913288],[77.22821398812493,28.851862420934722],[77.22917576589963,28.850809287093448],[77.2333394786697,28.848944864844633],[77.23455142632653,28.84701580922144],[77.23491276239723,28.845295482971977]]]}},{"type":"Feature","id":"64459","properties":{"name":"Qutubpur Viran","source_code":"119510","source_subdistrict":"Khekada","lgd_id":null,"lgd_name":null,"subdistrict":"Khekada","status":"unlinked"},"geometry":{"type":"Polygon","coordinates":[[[77.23984878494032,28.84810934478527],[77.23729354758936,28.84681941933403],[77.23491276239723,28.845295482971977],[77.23455142632653,28.84701580922144],[77.2333394786697,28.848944864844633],[77.22917576589963,28.850809287093448],[77.22821398812493,28.851862420934722],[77.22663808539902,28.852864281913288],[77.22692622676091,28.85373593658545],[77.22798527097058,28.854526151371388],[77.22802378434814,28.855555975848322],[77.22762093629979,28.85637503043101],[77.22860015183565,28.85660865320727],[77.22855095156481,28.85743383212456],[77.22904298238004,28.857442351038856],[77.22920637272641,28.857702467737642],[77.22874620900825,28.859021564276322],[77.2290133031817,28.859459515553585],[77.23056838018967,28.86008225319035],[77.23502335761523,28.856205170268048],[77.23711025079818,28.85504955653547],[77.23738399439043,28.852427220754652],[77.23984878494032,28.84810934478527]]]}},{"type":"Feature","id":"64460","properties":{"name":"Ukaoli","source_code":"119491","source_subdistrict":"Baghpat","lgd_id":null,"lgd_name":null,"subdistrict":"Baghpat","status":"unlinked"},"geometry":{"type":"Polygon","coordinates":[[[77.34458253107418,28.900711381407017],[77.34986395252595,28.897025605384446],[77.35096061525304,28.897429466305717],[77.35374202232192,28.891220165091205],[77.35216143083568,28.88849400655302],[77.35228968264613,28.887842081785948],[77.35155459154542,28.88657214128135],[77.35054825017495,28.886404557085044],[77.34506478529913,28.884418652750263],[77.34378820740845,28.88441424853119],[77.34266725522541,28.88515032009374],[77.34169148788835,28.885335366919218],[77.34084366296126,28.88577409138459],[77.33956777653114,28.886624958613393],[77.33699795153584,28.889164883184808],[77.33542754029699,28.892190962193734],[77.33486322300321,28.89273499043564],[77.33548924320338,28.894640451514938],[77.33473513929839,28.89514777853026],[77.33863444613792,28.900813871338723],[77.33998127106614,28.901993384628078],[77.34271414061874,28.90074746687967],[77.3431235539339,28.90120705245572],[77.34458253107418,28.900711381407017]]]}},{"type":"Feature","id":"64461","properties":{"name":"Muzaffarpur Urf Ladpur","source_code":"119489","source_subdistrict":"Baghpat","lgd_id":null,"lgd_name":null,"subdistrict":"Baghpat","status":"unlinked"},"geometry":{"type":"Polygon","coordinates":[[[77.3821957187024,28.91452854308776],[77.38248864829382,28.913292378993926],[77.38324449046988,28.9117954632317],[77.38272942719115,28.910915022590725],[77.38312391727646,28.910284220139662],[77.38400738899018,28.90996326088708],[77.38412948366147,28.909596322015627],[77.38539257140097,28.909348634123912],[77.38595076905032,28.90818386393359],[77.38690265348629,28.90823293958098],[77.388037285617,28.90865392445334],[77.38711436752723,28.907230206667865],[77.38752436645565,28.905861772561952],[77.38728449360127,28.90458335077402],[77.3850048720724,28.900621976811276],[77.38487014609706,28.899781276522102],[77.38386653202103,28.898574211908805],[77.3833747609742,28.898398475449465],[77.37977638296556,28.89823901136386],[77.37868520245165,28.8984727012916],[77.37626216382613,28.899506298235373],[77.37815647361046,28.904551544381064],[77.37696313989107,28.906007749419782],[77.37697783456647,28.907114799277934],[77.37646217113188,28.908967798189938],[77.37546213443838,28.91029299117206],[77.37454739907395,28.91208912559078],[77.37872156321211,28.91658468104235],[77.3821957187024,28.91452854308776]]]}},{"type":"Feature","id":"64462","properties":{"name":"Kalyanpur","source_code":"119484","source_subdistrict":"Baghpat","lgd_id":null,"lgd_name":null,"subdistrict":"Baghpat","status":"unlinked"},"geometry":{"type":"Polygon","coordinates":[[[77.3537872535348,28.915889534942185],[77.3502015373817,28.91333156459264],[77.34884045767019,28.91191715075513],[77.34838377011985,28.909209654560357],[77.3460071812615,28.905380290972182],[77.3464762513681,28.904834657072726],[77.34494526036175,28.90246148122522],[77.34408186891211,28.90273225308517],[77.34185040854723,28.90459023440515],[77.3427401309576,28.91109494116015],[77.34240833878906,28.911458370872094],[77.34270887217026,28.912553391908872],[77.34449196080301,28.915618283923934],[77.34759985990618,28.918235538291373],[77.3489623737731,28.918694107642715],[77.34999633088738,28.91936523113974],[77.35161716032778,28.917547391392645],[77.35205645550498,28.917504347375335],[77.3537872535348,28.915889534942185]]]}},{"type":"Feature","id":"64463","properties":{"name":"Sultanpur","source_code":"119494","source_subdistrict":"Baghpat","lgd_id":null,"lgd_name":null,"subdistrict":"Baghpat","status":"unlinked"},"geometry":{"type":"Polygon","coordinates":[[[77.40410758443498,28.943048998423038],[77.40578801642047,28.942003021297428],[77.4103787287147,28.940350115203408],[77.41140289552338,28.94060143183017],[77.41279035820394,28.941713819070486],[77.41513978745287,28.94057793193785],[77.41705855409826,28.93906615351887],[77.41742202742138,28.93900493774162],[77.41718405295303,28.937617671857044],[77.41557052151872,28.933634178850852],[77.41468766033475,28.932093951787337],[77.413663388881,28.930937119772818],[77.41232582220651,28.932005505640312],[77.4097951160845,28.92950793004255],[77.40867673356165,28.931032597310413],[77.40787314045316,28.93163166485497],[77.40739599241337,28.931204715510464],[77.40604089157286,28.93219730419547],[77.4024256060389,28.933706619468257],[77.40120076533967,28.933938286209166],[77.40012594088896,28.934742525613604],[77.39967256558351,28.93590899428565],[77.39862219330513,28.936000936671963],[77.39846441009972,28.93534438430672],[77.39654650858964,28.936352899384044],[77.39776369117946,28.93739558256821],[77.39717123270734,28.938375323215975],[77.39763919763158,28.938785379372376],[77.39752913279024,28.939487882829088],[77.39978195219634,28.942962073687358],[77.40085266992904,28.942811763323768],[77.4016249570679,28.944165791271644],[77.40410758443498,28.943048998423038]]]}},{"type":"Feature","id":"64464","properties":{"name":"Mukarmatpur Chakbandi","source_code":"119471","source_subdistrict":"Baghpat","lgd_id":null,"lgd_name":null,"subdistrict":"Baghpat","status":"unlinked"},"geometry":{"type":"Polygon","coordinates":[[[77.41513978745287,28.94057793193785],[77.41279035820394,28.941713819070486],[77.41140289552338,28.94060143183017],[77.4103787287147,28.940350115203408],[77.40578801642047,28.942003021297428],[77.40410758443498,28.943048998423038],[77.40963542837457,28.951288030153627],[77.41151836751492,28.9515029180549],[77.41477282808424,28.949945691812694],[77.41892342665092,28.947463797821342],[77.41849696558212,28.94688679460465],[77.41934912281714,28.946246547966886],[77.41600766604074,28.94101115508192],[77.41513978745287,28.94057793193785]]]}},{"type":"Feature","id":"64465","properties":{"name":"Jaibabad","source_code":"119348","source_subdistrict":"Baraut","lgd_id":null,"lgd_name":null,"subdistrict":"Baraut","status":"unlinked"},"geometry":{"type":"Polygon","coordinates":[[[77.45131605135089,29.165971466401935],[77.44933437952254,29.16271463599973],[77.4481596933136,29.15956599930705],[77.44819302555004,29.15936746256808],[77.45046196309745,29.158435768951236],[77.45031273029514,29.15760120429798],[77.44933864750985,29.156006665211905],[77.44849280994524,29.1525710911388],[77.44680734633802,29.15247246763254],[77.44579747296838,29.151730422951097],[77.44462572615333,29.15185007771205],[77.44345915623693,29.150835147739137],[77.4428399575267,29.150832891684747],[77.44158354129581,29.15211855281293],[77.44085120929493,29.15215921281716],[77.43950737279575,29.1528494626131],[77.4388471031663,29.154013360298897],[77.43937892717749,29.1545501276429],[77.43891644607044,29.1558380663202],[77.43905005537681,29.156313945270565],[77.44296626076324,29.15848591843078],[77.44319238621593,29.1588513594103],[77.44305373296824,29.15946706356806],[77.44170214726918,29.16028138836646],[77.44143997204618,29.16066938403323],[77.44178176160374,29.16142490266685],[77.44335200162503,29.163075893669983],[77.44219315242775,29.16406614034767],[77.4417897016009,29.164988679440352],[77.44213661273464,29.165487193848787],[77.44298724435225,29.165981083766095],[77.44298992570396,29.16736146710062],[77.4450793111037,29.16889283896996],[77.44707088926903,29.167460508073578],[77.45131605135089,29.165971466401935]]]}},{"type":"Feature","id":"64466","properties":{"name":"Khwaja Nagla","source_code":"119261","source_subdistrict":"Baraut","lgd_id":null,"lgd_name":null,"subdistrict":"Baraut","status":"unlinked"},"geometry":{"type":"Polygon","coordinates":[[[77.19971281878662,29.166700489972047],[77.2041060897302,29.16527743516334],[77.20648997175051,29.164098847564745],[77.20736826812579,29.1633405740453],[77.21133981378138,29.161800269838245],[77.21199697349621,29.160992482862508],[77.21244421922185,29.161177141743185],[77.21265475104671,29.16086578391711],[77.21320975463368,29.160874503230026],[77.21369313500948,29.16123511926442],[77.21556796146952,29.159984496368093],[77.21519222122218,29.15910515751322],[77.21266160829121,29.156025644476674],[77.21275382073082,29.155705354818984],[77.2116271361332,29.15392867285467],[77.2113282560134,29.15264333495115],[77.21212828471843,29.15041442715632],[77.21114554005528,29.148646732404895],[77.2104102012907,29.147812625523958],[77.20859606591797,29.14761967980772],[77.20766133115391,29.148251703520494],[77.20611976172201,29.148347237597203],[77.2034533075026,29.14909747531018],[77.20252843818686,29.149106930375076],[77.19753961749478,29.150503260911197],[77.19533072297473,29.15172668526445],[77.19244306158683,29.152422644972976],[77.19091750217747,29.153460806039174],[77.18794823905039,29.154562096340772],[77.18732629844058,29.155113337150592],[77.18816015668223,29.157864575856244],[77.19149812992028,29.16289726572571],[77.19512384120736,29.167433431603747],[77.19571497389384,29.16759553562526],[77.19971281878662,29.166700489972047]]]}},{"type":"Feature","id":"64467","properties":{"name":"Rajpur","source_code":"119265","source_subdistrict":"Baraut","lgd_id":null,"lgd_name":null,"subdistrict":"Baraut","status":"unlinked"},"geometry":{"type":"Polygon","coordinates":[[[77.25913838816207,29.188728578065515],[77.25743260432552,29.186912207094725],[77.25693896500542,29.18728640981366],[77.25257019291064,29.185804994140884],[77.25147763837293,29.186011937187377],[77.25082500599896,29.185682374393195],[77.24951914185016,29.1815857243957],[77.24878129687634,29.181867279300345],[77.24792479297489,29.181825747515482],[77.24694544570235,29.178980357202814],[77.2468934658777,29.177904887672415],[77.24491445452995,29.178246684519628],[77.24384081892384,29.178811338423987],[77.24182355970176,29.181686135864656],[77.24027243066789,29.182932226494582],[77.23882367960563,29.1837406911354],[77.23564124394967,29.1886820180994],[77.23561518894543,29.189104780629997],[77.23771663303849,29.192875375116774],[77.23930654707947,29.194520582513444],[77.23932236227168,29.194953616246924],[77.23998549110374,29.194921482756946],[77.241814699877,29.19403157415322],[77.24305766427366,29.192957173576065],[77.2460049577063,29.194817704857225],[77.24666317817416,29.195029242436142],[77.24715640292348,29.194807845865117],[77.24810362217727,29.196160213902743],[77.24841712148748,29.196092359722194],[77.24904827355243,29.19718917437851],[77.25051247441985,29.19675456883165],[77.251520587631,29.19605138489289],[77.25344228127308,29.193444807169374],[77.2540309217425,29.193483376673075],[77.25913838816207,29.188728578065515]]]}},{"type":"Feature","id":"64468","properties":{"name":"Tilwara Patti","source_code":"119252","source_subdistrict":"Baraut","lgd_id":null,"lgd_name":null,"subdistrict":"Baraut","status":"unlinked"},"geometry":{"type":"Polygon","coordinates":[[[77.1782241408614,29.21568755179659],[77.178679824954,29.21617648459563],[77.17782905169373,29.21644051287069],[77.17782100868847,29.216183647957457],[77.17665296078519,29.216402855083246],[77.17655056129517,29.217318515749326],[77.17576912234465,29.217616461718798],[77.17463335622303,29.21872188811767],[77.17301923044305,29.219583908687646],[77.17299361751891,29.2198815786049],[77.17223794373714,29.22012533989093],[77.17232550890179,29.220558345018798],[77.17111752829497,29.22140210780883],[77.17133882583882,29.221875683865107],[77.17004336676752,29.222660801809997],[77.17053956016305,29.22939904126388],[77.16840048730288,29.229530521684488],[77.16834401467881,29.229728942223023],[77.1683423048428,29.23021990867696],[77.1718304085741,29.230169856342734],[77.17600190155765,29.23326709187517],[77.17664461551185,29.23307292629286],[77.1768042641208,29.233717780626158],[77.1792006249028,29.233264797715208],[77.17866929623486,29.230041305760242],[77.17987244332572,29.229923593012458],[77.17904298861338,29.226257040726733],[77.1796330776197,29.223550711253708],[77.18139633381386,29.2228013120669],[77.18074807342583,29.221913082701377],[77.18106157594104,29.22156117187181],[77.18099449635284,29.22124088828825],[77.18038235633176,29.22053749406328],[77.18032041500686,29.21996921827757],[77.17989363240933,29.219924335104814],[77.18006283148087,29.218895934738452],[77.18390357623827,29.218894403191893],[77.18466951490491,29.21852878705752],[77.1867979829312,29.218266402386103],[77.18717883291927,29.21918182223855],[77.18887027277066,29.218829275753052],[77.18916869646979,29.219212532976627],[77.18956959662654,29.219077041397608],[77.18970873761458,29.219537057139572],[77.1920268198091,29.21831830926159],[77.1944069370508,29.21760456507754],[77.19519411841543,29.218506259252525],[77.19636114555766,29.218275711626447],[77.19671120394312,29.219100941837958],[77.19697338732391,29.219024136281295],[77.19733931039168,29.22044927076663],[77.19706165570368,29.220512517424687],[77.19760203721547,29.221260966147188],[77.19936490536979,29.220236337345927],[77.20257051522147,29.223996268526047],[77.2050479799415,29.222587848985693],[77.20570163152013,29.223647444265094],[77.20833855827155,29.222554529233744],[77.20790609146708,29.2217338550539],[77.20508659935943,29.218726998951293],[77.20272983057316,29.215724285914185],[77.20197270898095,29.213649904219714],[77.20167967714983,29.213641041533563],[77.20104182362775,29.213064016299604],[77.1999818797681,29.211756544648264],[77.19828344593822,29.208694817262803],[77.19922934572415,29.208486873803707],[77.19881214301442,29.207264732591717],[77.19416063093331,29.209310097324295],[77.18640865907508,29.211027381168684],[77.1836122866877,29.211894462021487],[77.17995786425375,29.214150992881706],[77.17892460807094,29.214516750410304],[77.17893528551704,29.21520235511802],[77.1782241408614,29.21568755179659]]]}},{"type":"Feature","id":"64469","properties":{"name":"Baghpat (Rural) Hamedabad Mill","source_code":"119439","source_subdistrict":"Baghpat","lgd_id":null,"lgd_name":null,"subdistrict":"Baghpat","status":"unlinked"},"geometry":{"type":"Polygon","coordinates":[[[77.25326292804525,28.94055023578086],[77.25080325110184,28.937992660122603],[77.25030389450352,28.93644131696385],[77.24571829075526,28.932887273115476],[77.24421398033518,28.92993680451103],[77.24232030840643,28.92719623969937],[77.24073149188307,28.928048967728675],[77.23448109132009,28.92674965392261],[77.23268930583367,28.92497205272105],[77.23184195732851,28.92501156919686],[77.23051051085217,28.923986594215386],[77.22992621216103,28.923962949238543],[77.22884875839699,28.923280850264362],[77.22726915681137,28.92207622668471],[77.22568858855581,28.922584889174114],[77.22398313021282,28.923880732685127],[77.2229251480375,28.925964347323443],[77.22252016725322,28.927442539755212],[77.22392619380479,28.9283340110281],[77.22394968934859,28.928659375862473],[77.22442267733359,28.928843591020538],[77.22467452288971,28.929281231939928],[77.22500154408817,28.929110879502208],[77.2260213629215,28.930306513762943],[77.22718910935522,28.93039443325467],[77.22757337867196,28.931105156130155],[77.22826959123242,28.93163171887006],[77.2277406394185,28.933260879386445],[77.22797651480262,28.933725314510514],[77.22770103789148,28.934343375034093],[77.22787143731298,28.934982692118965],[77.22743125516395,28.93539480530474],[77.22754308525096,28.936588235148445],[77.22713815465333,28.93748838524566],[77.22664005229115,28.9377370152458],[77.22649219012219,28.93815418521746],[77.2264637213681,28.939426419176524],[77.22682148143345,28.93994711930208],[77.22622711311278,28.940370095747436],[77.22750133925547,28.941895051355278],[77.22706355421356,28.942198883452242],[77.22682615273001,28.941802126063774],[77.22582536619687,28.94250239415237],[77.22597449937003,28.944779619600038],[77.22549175215708,28.945028509485144],[77.22536519285687,28.946556280815905],[77.22477624300157,28.94673563085873],[77.22453149534005,28.947354206562817],[77.22415933094359,28.948850636201787],[77.2244483562416,28.949004577457824],[77.22349449282486,28.950355528417624],[77.22344719045175,28.952466849698865],[77.22505866199796,28.952684322016303],[77.22659677464785,28.953428541953986],[77.22970970538498,28.9525888064057],[77.2303798487669,28.952221292450073],[77.23452278946513,28.95143988706096],[77.23554470466613,28.9518637046204],[77.23642331276412,28.951811167240916],[77.23891162449436,28.954128675287805],[77.23964332823795,28.955143190035184],[77.24095613897582,28.95494917659864],[77.24183991236067,28.95535703275612],[77.24289350180469,28.954359724468585],[77.24706013021007,28.95181829663753],[77.24704192711191,28.95055882627497],[77.24764295408221,28.947062452534496],[77.25326292804525,28.94055023578086]]]}},{"type":"Feature","id":"64470","properties":{"name":"Tanda Khadar","source_code":"648033","source_subdistrict":"Baraut","lgd_id":null,"lgd_name":null,"subdistrict":"Baraut","status":"unlinked"},"geometry":{"type":"Polygon","coordinates":[[[77.1590269268601,29.294361750434277],[77.15893284463613,29.29340691140956],[77.1576039764306,29.28979780722915],[77.15767546904556,29.287767551954246],[77.15740746989201,29.286486259266937],[77.1565063918544,29.284722395838113],[77.15658853788453,29.28393276892621],[77.15628448485865,29.282583842378667],[77.15730331895242,29.28215505452752],[77.15803376200076,29.281035915210417],[77.15786363615419,29.279957659787996],[77.15863618107028,29.279514764700888],[77.15758026222693,29.275123946286378],[77.15572911538688,29.269949869043636],[77.15571682486247,29.26508498301186],[77.15610403202982,29.26500050883495],[77.15791080518538,29.26225290278835],[77.15629968200881,29.262095575301238],[77.1546634518134,29.26233052781403],[77.15243579817849,29.26339127261997],[77.15176168292012,29.263021387665557],[77.15013583517293,29.263851850468175],[77.14839672108032,29.263910710737992],[77.1463230317491,29.263356051226435],[77.1431120747257,29.26184048110449],[77.14016475288905,29.261105934072344],[77.13983894867297,29.261919518241335],[77.1403349014511,29.262759671993813],[77.13882822372304,29.26625287541091],[77.13931314834251,29.269033002411195],[77.14040860296053,29.27024699913967],[77.14127461612736,29.270819569562057],[77.14179937911443,29.272791550735885],[77.14238397446768,29.273684403466465],[77.14305502279453,29.275514184941795],[77.14385524261712,29.276629128420343],[77.1449999228845,29.28019259313749],[77.14501865048005,29.283304974396923],[77.14948261614663,29.288100705923032],[77.15049859039199,29.292627046912855],[77.1499195941892,29.292992748748592],[77.15066067894814,29.294713083759653],[77.15133373639321,29.295396952569103],[77.15272029863297,29.29814790847103],[77.1590269268601,29.294361750434277]]]}},{"type":"Feature","id":"64471","properties":{"name":"Shabga","source_code":"119291","source_subdistrict":"Baraut","lgd_id":null,"lgd_name":null,"subdistrict":"Baraut","status":"unlinked"},"geometry":{"type":"Polygon","coordinates":[[[77.17289214587407,29.164019699608566],[77.18030030473945,29.163993286151687],[77.1814925435296,29.16378985450006],[77.18311103678225,29.16303599835043],[77.18457052989248,29.162963256808744],[77.1850948167178,29.16317500623857],[77.1871550696011,29.162109715218154],[77.18745847809996,29.162515558917196],[77.19100947632471,29.162040367607744],[77.18816015668223,29.157864575856244],[77.18732629844058,29.155113337150592],[77.18794823905039,29.154562096340772],[77.18706274829287,29.15226712939763],[77.18661814936466,29.147043655858496],[77.18668878968147,29.1443325928503],[77.18567524808364,29.141788848382895],[77.18513047649925,29.141554459357234],[77.18473809029925,29.13767513670991],[77.18231294194713,29.137955762870245],[77.17954391182928,29.138931216715616],[77.17941032976736,29.138782399931653],[77.17635854578566,29.139460074701837],[77.17604995649488,29.138882791923844],[77.17280148597892,29.13605092690671],[77.17186661180092,29.136538484421123],[77.1709978929737,29.13577185024378],[77.16963125663553,29.136015854235474],[77.16807944027195,29.135556218405824],[77.16537183778266,29.136044161450336],[77.16049912242197,29.135915605874953],[77.15995764567128,29.137964156238105],[77.15899755648027,29.139386617666094],[77.1560833385994,29.14172411879665],[77.1538913517723,29.157076189167366],[77.15124053385306,29.158951222999228],[77.15144305843403,29.160267183048408],[77.15094708900152,29.160856723648656],[77.1488428450267,29.16161590450374],[77.14928377068759,29.163060765108025],[77.14985028258296,29.163744442703862],[77.15245567338074,29.16307641794749],[77.15345782535731,29.163103265594035],[77.15802677572482,29.163851093209722],[77.1655148516417,29.16456191116569],[77.16739046142075,29.16388928306214],[77.1675756105381,29.164335788521935],[77.16785831228034,29.16443490449008],[77.17289214587407,29.164019699608566]]]}},{"type":"Feature","id":"64472","properties":{"name":"Kheri Pradhan","source_code":"119304","source_subdistrict":"Baraut","lgd_id":null,"lgd_name":null,"subdistrict":"Baraut","status":"unlinked"},"geometry":{"type":"Polygon","coordinates":[[[77.17685889028311,29.082039794234625],[77.17800825498965,29.080922256891853],[77.17800816569766,29.080651562327287],[77.1745198626227,29.077981943018983],[77.17315808207712,29.075848492152776],[77.17170404257811,29.074233792929718],[77.17115589628396,29.072891366381597],[77.16614879289817,29.080941151263353],[77.16123538682227,29.08298648209949],[77.15787723340254,29.085678533841758],[77.16059475704083,29.087568144608156],[77.16268514830283,29.087924039441475],[77.16443114866563,29.08680028583822],[77.17052681579904,29.084759356030617],[77.17426514116453,29.083183689520556],[77.17536399675885,29.08248410107038],[77.17685889028311,29.082039794234625]]]}},{"type":"Feature","id":"64473","properties":{"name":"Sultanpur Hatana","source_code":"119390","source_subdistrict":"Baghpat","lgd_id":null,"lgd_name":null,"subdistrict":"Baghpat","status":"unlinked"},"geometry":{"type":"Polygon","coordinates":[[[77.17024166701403,29.063578061603852],[77.17028177995012,29.06103355037546],[77.16994751910919,29.05959447805139],[77.1697769505243,29.056513072834438],[77.16993547273562,29.05470389969167],[77.17062326471157,29.054072045807214],[77.17321142230048,29.054833643036048],[77.17283615135099,29.05332890426011],[77.17342901296482,29.048865736289088],[77.17372288910143,29.048076785975926],[77.17448007479062,29.04713383229688],[77.17632732291733,29.04574569867622],[77.17760388416062,29.050003188675642],[77.17800920289575,29.050179814352333],[77.17861193929481,29.051163059463885],[77.17909728756932,29.051461882968717],[77.18040251925207,29.051092216086634],[77.18058940014468,29.050201991222156],[77.1800963176075,29.04896908490602],[77.18196451812994,29.04777355101398],[77.18236256049792,29.047141639091898],[77.18310800203614,29.047052937748116],[77.18472907098675,29.047316398283954],[77.18672481866265,29.0457757684357],[77.18813998644629,29.04545062249839],[77.1889363295485,29.046257832749678],[77.18908103061653,29.04678414194328],[77.19008041858571,29.046602504885747],[77.19180948176668,29.046686872914588],[77.19320335685148,29.048125079980444],[77.19455740544144,29.04855358405669],[77.19513829840866,29.049313971919357],[77.1959023781009,29.048807186814543],[77.19685120195017,29.0488634575734],[77.19958206331908,29.049531060222602],[77.20303473609111,29.050009044617052],[77.20447655576707,29.051436195559422],[77.20505153459973,29.052441810367924],[77.20556553857485,29.05270677844825],[77.21069739357404,29.053672650640458],[77.2134080394134,29.054581872934016],[77.21454987917335,29.054292162318816],[77.21577275438416,29.05446160287132],[77.21922081108676,29.05440024921808],[77.22027011263845,29.053670229497065],[77.21953699548266,29.04836946752215],[77.21581972569601,29.048056928345947],[77.21441737178114,29.047673195020288],[77.21313385631373,29.047678393783944],[77.21083266075874,29.046317207125472],[77.20705266848712,29.044658973201003],[77.20570662266749,29.04340536835829],[77.20432316759809,29.039688486083637],[77.20343947567123,29.03870537291183],[77.20126165308348,29.03714990091538],[77.19973679083567,29.03702426838694],[77.19952768602569,29.036796109986632],[77.19606248934775,29.03734243628869],[77.19419609153793,29.036817958569337],[77.19365034325189,29.03721938588693],[77.19011286199007,29.036348945856453],[77.18833863438769,29.036156145731123],[77.186001634184,29.03643853918812],[77.1823804447075,29.035875439615282],[77.18230512500816,29.033102030084226],[77.183972120926,29.032696296415157],[77.18468846459317,29.031593587104812],[77.18286479471861,29.0315644502702],[77.18004081427965,29.03003185252651],[77.17907045161293,29.029698434234295],[77.17775643338871,29.029635843236527],[77.17665832137342,29.030317430621203],[77.17386125233345,29.03101326274336],[77.17211633572975,29.031807779630658],[77.16821576756556,29.032900827401807],[77.16697390155247,29.033816988246684],[77.16670210246346,29.034340438347698],[77.16647179303156,29.03595548049315],[77.16690353358388,29.037371811196692],[77.16708335036036,29.037732693665404],[77.16783806734854,29.038003093433073],[77.16994345937759,29.039743711507935],[77.17158291965782,29.043798692218814],[77.17167119518778,29.046081299009092],[77.17213857415113,29.046478124522658],[77.17086134316975,29.04888297087694],[77.1699633035308,29.049794593724663],[77.17014330302513,29.0504125189992],[77.1687578743704,29.052136277370415],[77.16786078621442,29.055353022871188],[77.16789805064602,29.058542399726008],[77.16701588325051,29.060757676712736],[77.16690842381152,29.061673475811443],[77.16902453353707,29.0637589093108],[77.1697441223902,29.06381203230891],[77.17024166701403,29.063578061603852]]]}},{"type":"Feature","id":"64474","properties":{"name":"Faizullapur","source_code":"119398","source_subdistrict":"Baghpat","lgd_id":null,"lgd_name":null,"subdistrict":"Baghpat","status":"unlinked"},"geometry":{"type":"Polygon","coordinates":[[[77.20950282158873,29.023831233188446],[77.21266515874008,29.023996349724552],[77.21379427753504,29.023675402867177],[77.21781766774903,29.02209383414362],[77.22110672179186,29.019987520602115],[77.22106943073109,29.018522984526385],[77.22067860882613,29.017589268636236],[77.22032383336328,29.016894627343824],[77.21946698389304,29.01732375622154],[77.21904551674224,29.01671046333901],[77.21987667486353,29.016078284842585],[77.21769264144315,29.012858010604006],[77.21730761206722,29.012750023645374],[77.21686645346234,29.013093121135324],[77.21412080734727,29.013875379707322],[77.20632985423232,29.015273819630092],[77.20413301659315,29.015469019296226],[77.20313234248891,29.015992915210873],[77.20048889123058,29.01600773595274],[77.19788608189992,29.015530735141056],[77.19336878982986,29.01527568629399],[77.19311328173859,29.017414140011166],[77.19164825651868,29.01768765517655],[77.19143436351918,29.01970059269107],[77.190378436124,29.020963617738232],[77.19161664060236,29.02133590569336],[77.19439902277352,29.021519664523012],[77.19578516131158,29.021839389862986],[77.19706908846952,29.02279978089523],[77.19777286154589,29.02371087428439],[77.20186937983163,29.023754008452457],[77.20384031657116,29.023324335332383],[77.20512970182023,29.02477650142318],[77.20950282158873,29.023831233188446]]]}},{"type":"Feature","id":"64475","properties":{"name":"Luhari","source_code":"119303","source_subdistrict":"Baraut","lgd_id":null,"lgd_name":null,"subdistrict":"Baraut","status":"unlinked"},"geometry":{"type":"Polygon","coordinates":[[[77.19349503574479,29.094314820547122],[77.19723233108327,29.091060424115252],[77.19864240424833,29.087143898982728],[77.20227276286073,29.08579771125921],[77.20452669773118,29.084483742055628],[77.20627716368078,29.08315198711223],[77.20805354309388,29.082307411216927],[77.20697841276777,29.079605612348427],[77.20749684074875,29.07924439619302],[77.20751169021696,29.078382710620183],[77.20799420172592,29.078003541756928],[77.20846966868426,29.07481812793181],[77.20797532119565,29.072914568204872],[77.20702437677885,29.071570659005488],[77.20512920623514,29.071305449918572],[77.20351116235904,29.070611551234926],[77.20018234004795,29.0687589718129],[77.19829163008482,29.0672710792228],[77.1951018140952,29.06577923706725],[77.18987395622403,29.06539813634755],[77.1867880862335,29.06592723584654],[77.18614546385618,29.0646507416366],[77.18394155194683,29.062612375552018],[77.17980238682937,29.06182443195225],[77.17831852164612,29.06221295375897],[77.17542236614251,29.062065075702865],[77.17316816150918,29.062476373580484],[77.17196689902775,29.063153444709968],[77.1697441223902,29.06381203230891],[77.16902453353707,29.0637589093108],[77.16757172553551,29.06223762755543],[77.16699581871228,29.061948602517724],[77.16622111742254,29.06355934859656],[77.165731200781,29.06836653484338],[77.16701372803615,29.06961543870952],[77.16850376392296,29.07167230600041],[77.16956678450627,29.071852406216735],[77.1710513437496,29.07271369785761],[77.17170404257811,29.074233792929718],[77.17315808207712,29.075848492152776],[77.1745198626227,29.077981943018983],[77.17800816569766,29.080651562327287],[77.17800825498965,29.080922256891853],[77.17706868503507,29.081662434464135],[77.17693033913167,29.08239782568273],[77.18126240724074,29.08788662996701],[77.1826350417727,29.09070122894522],[77.18357023680493,29.091548963679486],[77.18557890068821,29.092337704480283],[77.18532754334294,29.093009965213362],[77.1857384802476,29.093149630799225],[77.18748991730976,29.09289178532186],[77.18890361039857,29.096180540190726],[77.1921702768864,29.095131929005774],[77.19349503574479,29.094314820547122]]]}},{"type":"Feature","id":"64476","properties":{"name":"Kotana","source_code":"119297","source_subdistrict":"Baraut","lgd_id":null,"lgd_name":null,"subdistrict":"Baraut","status":"unlinked"},"geometry":{"type":"Polygon","coordinates":[[[77.17488544428629,29.126285289562038],[77.17384513886691,29.12470082019198],[77.17357228172563,29.123356675026322],[77.17069296334967,29.117046505306053],[77.17052829366034,29.11645559365034],[77.17071296839609,29.115756264102366],[77.17179664042366,29.11489431720827],[77.17511451048227,29.113102296600964],[77.18287520922401,29.109946241313757],[77.18361495035988,29.109982051454946],[77.184817327813,29.110635714409927],[77.1863641382346,29.11173125987833],[77.18656982922793,29.11215073766039],[77.18887625550721,29.11160673089794],[77.1900336486552,29.105003559650378],[77.18975548417637,29.103514936084192],[77.19034431846222,29.10003653512391],[77.18971133404276,29.0978713448689],[77.18716391863491,29.098391259652477],[77.18693341030405,29.09952816028829],[77.1863376767518,29.0998081038472],[77.18444741714902,29.099759266925364],[77.17544330187998,29.100633220430137],[77.17488811678678,29.099478469791958],[77.17444545606692,29.097313263670497],[77.1741422446526,29.096880216540374],[77.17349497972535,29.09659620296066],[77.16490717636773,29.097667930356558],[77.16328396309486,29.09727587833871],[77.16273437783163,29.09735278235788],[77.16151722326214,29.09830042082656],[77.16120977743755,29.100560647085285],[77.15973575751627,29.10114751499494],[77.15867241493632,29.10107102996982],[77.15291890386759,29.098857174629526],[77.15108542109802,29.09854133414993],[77.15103138471434,29.09892002871988],[77.15070868981694,29.098820220809632],[77.15111646187137,29.102665588301804],[77.15294047721326,29.10708902261882],[77.15440915349214,29.10893247607757],[77.15696425104551,29.109748282775136],[77.15928630134908,29.111847692097395],[77.15824908948304,29.113505368006397],[77.1573532875895,29.118257172264602],[77.15514623195968,29.122346542355153],[77.15875546617578,29.122927730914636],[77.16152454428023,29.12264730815357],[77.16612775390703,29.12252435706741],[77.16713984574005,29.122695484165888],[77.16881516388061,29.123831758863442],[77.16959092775272,29.12399393393519],[77.17087601105102,29.12566711856801],[77.17275183676644,29.127168753160717],[77.17488544428629,29.126285289562038]]]}},{"type":"Feature","id":"64477","properties":{"name":"Kherae Islampur","source_code":"119389","source_subdistrict":"Baghpat","lgd_id":null,"lgd_name":null,"subdistrict":"Baghpat","status":"unlinked"},"geometry":{"type":"Polygon","coordinates":[[[77.22119437271428,29.06026111202692],[77.22027011263845,29.053670229497065],[77.21922081108676,29.05440024921808],[77.21577275438416,29.05446160287132],[77.21454987917335,29.054292162318816],[77.2134080394134,29.054581872934016],[77.21069739357404,29.053672650640458],[77.2055689251917,29.05270788252325],[77.20505153459973,29.052441810367924],[77.20447655576707,29.051436195559422],[77.20303473609111,29.050009044617052],[77.19958206331908,29.049531060222602],[77.19685120195017,29.0488634575734],[77.1959023781009,29.048807186814543],[77.19513829840866,29.049313971919357],[77.19455740544144,29.04855358405669],[77.19320335685148,29.048125079980444],[77.19180948176668,29.046686872914588],[77.19008041858571,29.046602504885747],[77.18908103061653,29.04678414194328],[77.1889363295485,29.046257832749678],[77.18814179360206,29.045450793536723],[77.18672481866265,29.0457757684357],[77.18472907098675,29.047316398283954],[77.18310800203614,29.047052937748116],[77.18236256049792,29.047141639091898],[77.18196451812994,29.04777355101398],[77.18009711916156,29.048967650590104],[77.18058940014468,29.050201991222156],[77.18049592625297,29.050928950057273],[77.17942727989491,29.051407887855728],[77.1790955408109,29.051461438796654],[77.17861364444052,29.051164734057124],[77.17800941037262,29.050180049016813],[77.17760461868542,29.05000465001888],[77.17633446096214,29.045745824399187],[77.17448007479062,29.04713383229688],[77.17372288910143,29.048076785975926],[77.17342880862645,29.0488663698062],[77.17283615135099,29.05332890426011],[77.17321142230048,29.054833643036048],[77.17701106527251,29.05479185484762],[77.18077949157893,29.053797882333495],[77.1824330293309,29.054077022448432],[77.18379915447997,29.05466296418215],[77.18793747245903,29.054169609684593],[77.19067952110372,29.054443640833064],[77.19264137063709,29.055142061639092],[77.19330884817677,29.0550560248234],[77.19384825292029,29.055529502275444],[77.19476210754205,29.055321540046936],[77.19743283437984,29.0564572848938],[77.20194770512003,29.058764998165923],[77.20321167477456,29.06003660161448],[77.21172681475636,29.062035230645574],[77.2140061878245,29.06120829091812],[77.22119437271428,29.06026111202692]]]}},{"type":"Feature","id":"64478","properties":{"name":"Koori","source_code":"119242","source_subdistrict":"Baraut","lgd_id":null,"lgd_name":null,"subdistrict":"Baraut","status":"unlinked"},"geometry":{"type":"Polygon","coordinates":[[[77.18429314325482,29.257268855152414],[77.1924201627795,29.253110090908798],[77.19508916934114,29.251056060398067],[77.1947749792014,29.250442546630214],[77.1972641695064,29.249986643787864],[77.19673837304975,29.247885152434954],[77.1953127575265,29.246126899425757],[77.19368614690684,29.243241145557295],[77.19111489213006,29.24336858707575],[77.18995678454637,29.241334984132255],[77.18949276526433,29.239161292415506],[77.18898330029225,29.238453429036838],[77.18650895162122,29.236627774012177],[77.18586063357718,29.235870360851848],[77.18446021547446,29.232298806315132],[77.18213624198185,29.232899555723886],[77.18079930641014,29.23294510549504],[77.1768042641208,29.233717780626158],[77.17664461551185,29.23307292629286],[77.17600190155765,29.23326709187517],[77.1718304085741,29.230169856342734],[77.16397409178772,29.23031321169455],[77.16335574507606,29.239080223188466],[77.16354975445873,29.245713340440226],[77.16259108385964,29.24930956862189],[77.16227948886835,29.252264650401983],[77.16244531580726,29.25254246214043],[77.16460615196728,29.25260965843395],[77.16606710479427,29.25194593776162],[77.16803257831309,29.252252303646255],[77.16993110525016,29.25225175789479],[77.17030701465244,29.253172115957824],[77.17086771806764,29.253018504526565],[77.17116117135123,29.253492224303336],[77.17212841277711,29.253469387176455],[77.17223157077295,29.253911529765304],[77.17272036438312,29.254082791403945],[77.1744591620795,29.253450643132282],[77.17547781186215,29.253409629129767],[77.17657971629448,29.255304390828766],[77.17743890060022,29.255231879527887],[77.17795359339867,29.25563322626995],[77.1803251800492,29.255127136871053],[77.18131891401201,29.25672854892164],[77.18238954373277,29.257616977395255],[77.18395332557367,29.256768143199455],[77.18429314325482,29.257268855152414]]]}},{"type":"Feature","id":"64479","properties":{"name":"Vazidpur","source_code":"119309","source_subdistrict":"Baraut","lgd_id":null,"lgd_name":null,"subdistrict":"Baraut","status":"unlinked"},"geometry":{"type":"Polygon","coordinates":[[[77.28367374913401,29.11024153904862],[77.28282188996533,29.107011455063418],[77.28140193991098,29.105930726072813],[77.28107857341529,29.105238149563505],[77.2806087265502,29.101086234765148],[77.28124983371042,29.101231832107036],[77.28288450463084,29.100841860160774],[77.28860463016682,29.101060146528933],[77.28951384186045,29.100900160231543],[77.29169677414549,29.101173422291613],[77.29204083914811,29.101394544507595],[77.29524606859854,29.101214507948814],[77.2979451350479,29.101859917141816],[77.29912137277044,29.101902913387132],[77.30147394384116,29.101429376321995],[77.30224691760083,29.10222791970705],[77.30369008947693,29.104830902186933],[77.304144447134,29.10782862245682],[77.30373858150095,29.10886609673053],[77.30364852208906,29.110235279895715],[77.30536680926427,29.110391004432316],[77.30841557639478,29.108809974051887],[77.31047293010526,29.108309265221983],[77.31085814564547,29.108622786647636],[77.3121500600108,29.108379167668186],[77.31478777235053,29.107341642132518],[77.31598462816665,29.106552117395125],[77.316631776161,29.103667266373108],[77.31622067305055,29.100144055346245],[77.31647734728527,29.09815469273382],[77.31522648851933,29.092369170951855],[77.31680829451686,29.090582713910894],[77.31637684392841,29.089409808711633],[77.31710867500416,29.088814318026554],[77.31695201486657,29.08808351812198],[77.3151903994675,29.085936324496902],[77.31496441094426,29.085713005345784],[77.31217317431567,29.086191222830003],[77.31132064409043,29.087303216218338],[77.30762784832298,29.090298551649624],[77.30428435182806,29.091575010045272],[77.30160323996925,29.09220192065674],[77.30012417970262,29.091678476373527],[77.29916368475472,29.09186332713221],[77.2968216379606,29.092756373713048],[77.29483372342156,29.094353008087687],[77.29299223992741,29.095088068351412],[77.29110213431295,29.0954735061811],[77.2905037906115,29.095155413706998],[77.28823088976874,29.095768551893443],[77.28796639560399,29.09577975526737],[77.28786881366398,29.095522640386484],[77.2871369149354,29.095565354440822],[77.28337448326671,29.096507416101584],[77.28278137802788,29.096060688046922],[77.27932436782542,29.097088399197865],[77.27792231138311,29.096837657634122],[77.27659954919245,29.09711934628824],[77.27355746298193,29.098058139850004],[77.27223338798862,29.09669117430675],[77.27143700308255,29.096488265685107],[77.2705431035149,29.096715516800884],[77.26911376618796,29.097499507363132],[77.265729083468,29.098034253400233],[77.2635660080596,29.09951778772483],[77.26263159769307,29.09930244737465],[77.26118986145197,29.099979825792428],[77.26088703704261,29.100551816148784],[77.26089008050204,29.101579730438235],[77.26008491563695,29.10237224537697],[77.26074446748785,29.10281249758737],[77.2617264409875,29.102831040920464],[77.26274184276143,29.103920769732216],[77.26311103473675,29.103721474024777],[77.26375765458343,29.10396891272671],[77.2648959175611,29.103800139213465],[77.2678316321918,29.104065884062095],[77.26830335599018,29.10509668848992],[77.26921360063989,29.105489737834414],[77.27307281437831,29.106039064497693],[77.27637505374516,29.107765505928068],[77.27726626904602,29.10787623584193],[77.27868918903823,29.107644273723928],[77.27898438667235,29.108307501214924],[77.27970335321915,29.10897534566678],[77.28078714640267,29.108991333680034],[77.28148294352773,29.10991625272044],[77.28257462692197,29.10962557327523],[77.28281841871164,29.110354190944552],[77.28367374913401,29.11024153904862]]]}},{"type":"Feature","id":"64480","properties":{"name":"Chhaprauli Dehat","source_code":"119256","source_subdistrict":"Baraut","lgd_id":null,"lgd_name":null,"subdistrict":"Baraut","status":"unlinked"},"geometry":{"type":"Polygon","coordinates":[[[77.1683423048428,29.23021990867696],[77.16840048730288,29.229530521684488],[77.17053956016305,29.22939904126388],[77.17004336676752,29.222660801809997],[77.17133882583882,29.221875683865107],[77.17111752829497,29.22140210780883],[77.17232550890179,29.220558345018798],[77.17223794373714,29.22012533989093],[77.17299361751891,29.2198815786049],[77.17301923044305,29.219583908687646],[77.17463335622303,29.21872188811767],[77.17576912234465,29.217616461718798],[77.17655056129517,29.217318515749326],[77.17665296078519,29.216402855083246],[77.17714073453055,29.216116853460935],[77.17709640285182,29.21575738141686],[77.17605859449674,29.21634515371065],[77.17543791963455,29.215888972452024],[77.17508023409651,29.21432745675415],[77.1735659159032,29.215057992793025],[77.17365581073258,29.215248212266125],[77.17325426061866,29.21525844602891],[77.17328063975957,29.21541961042632],[77.17236909270319,29.215452866370548],[77.17158188745964,29.21694509185745],[77.17037059356198,29.21559164758836],[77.16909877554285,29.2123194216992],[77.17005385438624,29.212149229062156],[77.16987921912785,29.21177882078104],[77.16960694015376,29.211809961621896],[77.1694580854184,29.211467724454973],[77.16815821334514,29.211701116950273],[77.16770413433399,29.209609743325835],[77.16633154486148,29.20950861103307],[77.16621805321846,29.209112537936],[77.16781752970344,29.208636650586268],[77.16722997248475,29.20760933841801],[77.16754334514064,29.20702828013549],[77.1667793608516,29.2065113162476],[77.16823254175955,29.205211339599074],[77.1680865254952,29.204850218234544],[77.17123228458006,29.20413020625049],[77.17421993514039,29.203030062878014],[77.1740260566361,29.20269432100355],[77.17533342619755,29.201723064133446],[77.18126054811513,29.20322040541516],[77.18213358635758,29.205400809506152],[77.18194309325814,29.20543347073064],[77.18304681528797,29.208737028361956],[77.17990904073012,29.209341719263705],[77.18057429307936,29.21142802340942],[77.18137328026287,29.21233594997746],[77.18044352413287,29.2131957046767],[77.17816449416011,29.21465045753382],[77.17833627118428,29.214837865491567],[77.17783934400143,29.215367960599238],[77.1782241408614,29.21568755179659],[77.17893528551704,29.21520235511802],[77.17892460807094,29.214516750410304],[77.17995786425375,29.214150992881706],[77.1836122866877,29.211894462021487],[77.18640865907508,29.211027381168684],[77.19416063093331,29.209310097324295],[77.19881214301442,29.207264732591717],[77.19812228444418,29.205569149642063],[77.19813191740025,29.204558819009883],[77.19718475765033,29.202547592560368],[77.19530868279581,29.20313024999715],[77.19433156573163,29.20239549176775],[77.1939048969549,29.202472352845284],[77.19267495610988,29.200222171585082],[77.18857026253386,29.195591692979978],[77.18755629685309,29.19313388134688],[77.18619326873929,29.191357306213053],[77.18506725725894,29.190897653533817],[77.18348931796272,29.191281673067873],[77.182260025496,29.189694367289228],[77.17774788123019,29.19194228732648],[77.17755750348854,29.19171229244461],[77.1754809968137,29.192082886123575],[77.17477137837002,29.191393022523023],[77.17038764393847,29.194145869159282],[77.16678450897241,29.195229414814275],[77.16396783182846,29.19633978489292],[77.16044672247008,29.197125494751198],[77.15514654792891,29.197622052822908],[77.15604633876083,29.203575777992455],[77.15533229666465,29.2034917779649],[77.15469843810949,29.215587212684483],[77.15707905121872,29.222710305232837],[77.16234495023714,29.229410529127207],[77.16214048732054,29.230136142688334],[77.16297087659049,29.230361875283428],[77.16352613592721,29.23012268579855],[77.16422548540791,29.230420134986844],[77.1683423048428,29.23021990867696]]]}},{"type":"Feature","id":"64481","properties":{"name":"Kakor Kalan","source_code":"119259","source_subdistrict":"Baraut","lgd_id":null,"lgd_name":null,"subdistrict":"Baraut","status":"unlinked"},"geometry":{"type":"Polygon","coordinates":[[[77.18519510326766,29.179102305169312],[77.18243808607791,29.17456567436167],[77.1790662901278,29.17433232616627],[77.17616182423221,29.173056884617],[77.1759302924578,29.172366793963903],[77.17644924677623,29.172159163183718],[77.1765981034813,29.171640370821763],[77.17532225006153,29.168510347351262],[77.17420114881958,29.16688228740984],[77.17289214587407,29.164019699608566],[77.16785831228034,29.16443490449008],[77.1675756105381,29.164335788521935],[77.16739046142075,29.16388928306214],[77.1655148516417,29.16456191116569],[77.15848159526466,29.163845358455813],[77.15908801825812,29.18146159271206],[77.16037618548653,29.184220796538604],[77.16186669463954,29.183859559030356],[77.16227809024313,29.18439171411951],[77.16275611117287,29.184369091892354],[77.16286925955306,29.184549443358442],[77.16393304717619,29.183845570687712],[77.16511526988778,29.184097775102074],[77.16755640699111,29.182996505276435],[77.17080487552639,29.182891831815965],[77.17195643435493,29.18327936350153],[77.17306657105765,29.18306703607843],[77.17704970087101,29.182091380829632],[77.17878662921417,29.181166082124456],[77.17953719903774,29.181386858242213],[77.18023613159994,29.181179172238796],[77.18519510326766,29.179102305169312]]]}},{"type":"Feature","id":"64482","properties":{"name":"Akbarpur Thasaka","source_code":"119298","source_subdistrict":"Baraut","lgd_id":null,"lgd_name":null,"subdistrict":"Baraut","status":"unlinked"},"geometry":{"type":"Polygon","coordinates":[[[77.18971133404276,29.0978713448689],[77.18748991730976,29.09289178532186],[77.1857384802476,29.093149630799225],[77.18532754334294,29.093009965213362],[77.18557890068821,29.092337704480283],[77.18357023680493,29.091548963679486],[77.1826350417727,29.09070122894522],[77.18126240724074,29.08788662996701],[77.17716160973215,29.082781213597524],[77.17685832278916,29.08203694991272],[77.17536399675885,29.08248410107038],[77.17426514116453,29.083183689520556],[77.17052681579904,29.084759356030617],[77.16443114866563,29.08680028583822],[77.16268514830283,29.087924039441475],[77.1610724492034,29.08778009842106],[77.16019728984094,29.087236961742004],[77.1564427196864,29.09427174726104],[77.1554157321027,29.09973214531348],[77.15867241493632,29.10107102996982],[77.1601466564026,29.101088699729008],[77.16120977743755,29.100560647085285],[77.16151722326214,29.09830042082656],[77.16273437783163,29.09735278235788],[77.16328396309486,29.09727587833871],[77.16490717636773,29.097667930356558],[77.17296071477652,29.09656029808999],[77.1741422446526,29.096880216540374],[77.17444545606692,29.097313263670497],[77.17488811678678,29.099478469791958],[77.17544330187998,29.100633220430137],[77.18444741714902,29.099759266925364],[77.1863376767518,29.0998081038472],[77.18693341030405,29.09952816028829],[77.18716391863491,29.098391259652477],[77.18971133404276,29.0978713448689]]]}},{"type":"Feature","id":"64483","properties":{"name":"Nethla","source_code":"119399","source_subdistrict":"Baghpat","lgd_id":null,"lgd_name":null,"subdistrict":"Baghpat","status":"unlinked"},"geometry":{"type":"Polygon","coordinates":[[[77.19311328173859,29.017414140011166],[77.19336878982986,29.01527568629399],[77.19788608189992,29.015530735141056],[77.20048889123058,29.01600773595274],[77.20313234248891,29.015992915210873],[77.20413301659315,29.015469019296226],[77.20632985423232,29.015273819630092],[77.21512672390236,29.01365816567267],[77.21686645346234,29.013093121135324],[77.21730761206722,29.012750023645374],[77.21769641082821,29.012863341051386],[77.2203093738575,29.011520915556986],[77.22530226541747,29.009712998650922],[77.2308227898595,29.006880279393084],[77.22919323482712,29.003935100741163],[77.23124489678604,29.002408628049885],[77.23216754149777,29.00092799982913],[77.23321885882756,28.999997824950587],[77.23153250367842,28.999850370755446],[77.23114799839097,28.99913973990652],[77.23366960043543,28.996556854715024],[77.23610838799512,28.994920178530396],[77.23964208758206,28.991826638383973],[77.23962274864532,28.990621385269026],[77.23875775063674,28.990741868053465],[77.23737332886763,28.991367853427583],[77.23466418948661,28.993392506911164],[77.23132357396632,28.994729283322194],[77.23023430142578,28.99454800217505],[77.22999800014314,28.99409715121328],[77.22891807337055,28.99418678937134],[77.22852784803491,28.993733275702834],[77.22752670526238,28.99374303607342],[77.22712109365277,28.99328925138634],[77.22102620960558,28.993840295003057],[77.2200597987638,28.993674612238383],[77.21891343620182,28.993979645389178],[77.21839342033364,28.993821697854564],[77.21614332642365,28.99390447439437],[77.21548873321159,28.99356818111694],[77.21390161956427,28.99429874880312],[77.2129282115197,28.99444428495097],[77.21176444132111,28.99415327391901],[77.210732202289,28.99417592764435],[77.20543290374455,28.99495006977354],[77.19683184034152,28.99470970043638],[77.19495861439074,28.997687424170227],[77.19407570207198,28.999858206472062],[77.19374209467377,29.000001447964536],[77.19315164375502,29.001190387181758],[77.19280929992689,29.003373902775582],[77.19095845344336,29.005919193482228],[77.19067192503326,29.0072727194394],[77.1909239209475,29.00806655607336],[77.19074509659256,29.00939288216591],[77.1912490554762,29.0110121310513],[77.19177309269843,29.01185096860288],[77.19310312830773,29.013163044963964],[77.19164825651868,29.01768765517655],[77.19311328173859,29.017414140011166]]]}},{"type":"Feature","id":"64484","properties":{"name":"Katha","source_code":"119502","source_subdistrict":"Khekada","lgd_id":null,"lgd_name":null,"subdistrict":"Khekada","status":"unlinked"},"geometry":{"type":"Polygon","coordinates":[[[77.26494346821111,28.920928668492348],[77.26374088459279,28.919281464394928],[77.26343290097985,28.916827815500312],[77.26367235782969,28.915909568312383],[77.26493685527275,28.91474889612864],[77.26515299268483,28.914023097815516],[77.26476166928967,28.912322654617697],[77.26338918488582,28.910605440765817],[77.26358821374673,28.910223131768333],[77.26174728665522,28.90641840457034],[77.26157750879104,28.905476375037523],[77.25992144895947,28.902798358200428],[77.25967659925948,28.90180472618886],[77.25984668823433,28.898420040524936],[77.26025324632613,28.897269844551047],[77.26186049321669,28.89525135171175],[77.26207763992477,28.89404759449829],[77.26192086260538,28.89079143890378],[77.26298112708051,28.890239370346162],[77.26209272410037,28.88732286822435],[77.26299243447615,28.88713700353149],[77.26274130033782,28.886428342824154],[77.26605951662582,28.88371787927086],[77.26383648287278,28.881700951813336],[77.26247412582015,28.882130472576645],[77.2624641332909,28.882583112068385],[77.26159810956756,28.882970799073117],[77.26076165853304,28.883744714600834],[77.25936005992821,28.88422384834294],[77.25578799335229,28.886342850067695],[77.25441578741757,28.886352865193185],[77.25375355820114,28.88614025862784],[77.25140861203444,28.887911249345645],[77.24802223931582,28.88873151732843],[77.24460618362758,28.890135161443673],[77.24158416737993,28.89042164254091],[77.24064809022322,28.890310727192],[77.24017885653684,28.890654697614682],[77.23873323496386,28.89094621247329],[77.23996066815778,28.89598339814269],[77.24116907892827,28.903052455643508],[77.24149656069655,28.911114399106395],[77.2433499913688,28.911345013242496],[77.24342904652188,28.911942144238118],[77.24417163006136,28.911765361999425],[77.24427603970008,28.912606652702397],[77.24884511282502,28.913362223413497],[77.25021492563465,28.914672867397904],[77.25364756510935,28.91630813923679],[77.25487460624828,28.91770430191136],[77.2554167561391,28.9207656892371],[77.25717837986177,28.923847947042283],[77.25968481428644,28.923421303378117],[77.26207229499082,28.922338570986902],[77.2626568600329,28.921761624270424],[77.26377417833358,28.921227319176097],[77.26494346821111,28.920928668492348]]]}},{"type":"Feature","id":"64485","properties":{"name":"Badarkha","source_code":"119257","source_subdistrict":"Baraut","lgd_id":null,"lgd_name":null,"subdistrict":"Baraut","status":"unlinked"},"geometry":{"type":"Polygon","coordinates":[[[77.15675257715853,29.185496800652135],[77.15547593670401,29.19763177016996],[77.16044672247008,29.197125494751198],[77.16396783182846,29.19633978489292],[77.16678450897241,29.195229414814275],[77.17038764393847,29.194145869159282],[77.17477137837002,29.191393022523023],[77.1754809968137,29.192082886123575],[77.17755750348854,29.19171229244461],[77.17774788123019,29.19194228732648],[77.182260025496,29.189694367289228],[77.18348931796272,29.191281673067873],[77.18506725725894,29.190897653533817],[77.18605136819748,29.19127955878492],[77.18808429279775,29.19012063065974],[77.18841806006515,29.1895160895154],[77.18819159151438,29.188934273220735],[77.18936301986226,29.187887339143952],[77.18930106089597,29.187337088242476],[77.19024650997922,29.18666910220895],[77.18982988576518,29.18617762507536],[77.19099114272433,29.185365211284378],[77.1910629674783,29.185053940780065],[77.19047133753638,29.184161089420392],[77.19191533755044,29.183456812716877],[77.1938343207476,29.182086963956827],[77.19336384269617,29.181674515666213],[77.19307602596894,29.181706144490857],[77.19224881093888,29.182279436340057],[77.191775829563,29.18209922776806],[77.19002331142129,29.182514904944714],[77.18925702643284,29.181743908078964],[77.18804390869873,29.181595547309627],[77.1871235243003,29.180910374798447],[77.18559683677314,29.180613250176],[77.18519510326766,29.179102305169312],[77.18023613159994,29.181179172238796],[77.17953719903774,29.181386858242213],[77.17878662921417,29.181166082124456],[77.17704970087101,29.182091380829632],[77.17444404125771,29.182759874061993],[77.17195643435493,29.18327936350153],[77.17080487552639,29.182891831815965],[77.16755640699111,29.182996505276435],[77.16511526988778,29.184097775102074],[77.16393304717619,29.183845570687712],[77.16286925955306,29.184549443358442],[77.16158908958322,29.183859692614764],[77.16037618548653,29.184220796538604],[77.15935351274894,29.184879638645295],[77.15675257715853,29.185496800652135]]]}},{"type":"Feature","id":"64486","properties":{"name":"Pali","source_code":"119429","source_subdistrict":"Baghpat","lgd_id":null,"lgd_name":null,"subdistrict":"Baghpat","status":"unlinked"},"geometry":{"type":"Polygon","coordinates":[[[77.24232030840643,28.92719623969937],[77.24703397097093,28.926315999504382],[77.24808042060918,28.926320443104068],[77.24883132462588,28.927159276890816],[77.25717837986177,28.923847947042283],[77.2554167561391,28.9207656892371],[77.25487460624828,28.91770430191136],[77.25364756510935,28.91630813923679],[77.25021492563465,28.914672867397904],[77.24884511282502,28.913362223413497],[77.24427603970008,28.912606652702397],[77.24417163006136,28.911765361999425],[77.24342904652188,28.911942144238118],[77.2433499913688,28.911345013242496],[77.24224785705121,28.911082312299285],[77.23725664472963,28.91132124553664],[77.23436309040488,28.911128328880444],[77.23263048107027,28.91799931183292],[77.23123365184324,28.92053070307242],[77.23047057884018,28.921292210609405],[77.22726915681137,28.92207622668471],[77.22884875839699,28.923280850264362],[77.22992621216103,28.923962949238543],[77.23051051085217,28.923986594215386],[77.23184195732851,28.92501156919686],[77.23268930583367,28.92497205272105],[77.23448109132009,28.92674965392261],[77.24073149188307,28.928048967728675],[77.24232030840643,28.92719623969937]]]}},{"type":"Feature","id":"64487","properties":{"name":"Faizpur Ninana","source_code":"119392","source_subdistrict":"Baghpat","lgd_id":null,"lgd_name":null,"subdistrict":"Baghpat","status":"unlinked"},"geometry":{"type":"Polygon","coordinates":[[[77.22214007301758,29.04173562968643],[77.22379078515641,29.03867108718228],[77.22292796304205,29.038360315783393],[77.22187839113248,29.03542380300242],[77.22154586610641,29.0304295081802],[77.22272108607001,29.029896340306955],[77.22299214425631,29.02862831800885],[77.2236489436829,29.028276020293482],[77.22384286679481,29.026805063616827],[77.22421741803385,29.026628841712977],[77.22429414118395,29.026263286113515],[77.22413950089617,29.025442225731833],[77.22282518868207,29.02523107040644],[77.22125778638737,29.023106927549176],[77.22110672179186,29.019987520602115],[77.21781766774903,29.02209383414362],[77.21379427753504,29.023675402867177],[77.21266515874008,29.023996349724552],[77.20950282158873,29.023831233188446],[77.20512970182023,29.02477650142318],[77.20404571893499,29.02337393960552],[77.20186937983163,29.023754008452457],[77.19777286154589,29.02371087428439],[77.19706908846952,29.02279978089523],[77.19578516131158,29.021839389862986],[77.19439902277352,29.021519664523012],[77.19161664060236,29.02133590569336],[77.190378436124,29.020963617738232],[77.18902961976572,29.023549800255868],[77.18890269120286,29.025751355144997],[77.18928297206797,29.0265901961572],[77.18911940721614,29.02766842678454],[77.18802749561688,29.029870460693704],[77.18653405855987,29.030218511958104],[77.18570816584298,29.031076006024893],[77.18468846459317,29.031593587104812],[77.183972120926,29.032696296415157],[77.18252220919629,29.032995692788667],[77.18223889657024,29.033353037001397],[77.1823804447075,29.035875439615282],[77.186001634184,29.03643853918812],[77.18833863438769,29.036156145731123],[77.19011286199007,29.036348945856453],[77.19365034325189,29.03721938588693],[77.19419609153793,29.036817958569337],[77.19606248934775,29.03734243628869],[77.19816582848652,29.037124341522308],[77.20003428521683,29.036582004951395],[77.20001865958127,29.036212011815167],[77.19907385816397,29.035982367947753],[77.19889341838626,29.034782321520076],[77.20185015906836,29.034063522337398],[77.20280031318256,29.03476692438562],[77.20442203522266,29.03388626203009],[77.20489946070006,29.033849940542503],[77.20487429069838,29.03455374160157],[77.20577343779597,29.035600012560487],[77.20654466033928,29.03730510453829],[77.20743311852446,29.037836978766926],[77.20778270431116,29.038418867313837],[77.2081379055763,29.03986688830251],[77.21269824027698,29.03444123969375],[77.21518918711719,29.035793351380317],[77.21571800959795,29.03586524015638],[77.21738093610215,29.0352641287535],[77.21946865054386,29.03957617571506],[77.22214007301758,29.04173562968643]]]}},{"type":"Feature","id":"64488","properties":{"name":"Jagos","source_code":"119294","source_subdistrict":"Baraut","lgd_id":null,"lgd_name":null,"subdistrict":"Baraut","status":"unlinked"},"geometry":{"type":"Polygon","coordinates":[[[77.17280148597892,29.13605092690671],[77.17245704713133,29.13561351549169],[77.17340202663313,29.134381681526442],[77.17375091346513,29.1332763734168],[77.17378642258419,29.131923105705255],[77.17467943535975,29.12952287903659],[77.17641001007489,29.127627664427823],[77.17877810482025,29.126512661218598],[77.17488544428629,29.126285289562038],[77.17275183676644,29.127168753160717],[77.17087601105102,29.12566711856801],[77.16959092775272,29.12399393393519],[77.16881516388061,29.123831758863442],[77.16713984574005,29.122695484165888],[77.16612775390703,29.12252435706741],[77.16152454428023,29.12264730815357],[77.1597676275026,29.122950048447244],[77.1569033322876,29.122546935967765],[77.15500331216977,29.127285686003233],[77.15485140720213,29.128864427387995],[77.15573861118756,29.13105025406847],[77.15875020578562,29.133971828875236],[77.15999994867175,29.13589891375597],[77.16537183778266,29.136044161450336],[77.16807944027195,29.135556218405824],[77.16963125663553,29.136015854235474],[77.1709978929737,29.13577185024378],[77.17186661180092,29.136538484421123],[77.17280148597892,29.13605092690671]]]}},{"type":"Feature","id":"64489","properties":{"name":"Nangal","source_code":"119241","source_subdistrict":"Baraut","lgd_id":null,"lgd_name":null,"subdistrict":"Baraut","status":"unlinked"},"geometry":{"type":"Polygon","coordinates":[[[77.1729862566269,29.262790745460517],[77.17501839696965,29.2620772534698],[77.17512163584995,29.262736019774728],[77.17646415869596,29.26179256157232],[77.18145387923713,29.25926866064448],[77.18429314325482,29.257268855152414],[77.18395332557367,29.256768143199455],[77.18238954373277,29.257616977395255],[77.18131891401201,29.25672854892164],[77.1803251800492,29.255127136871053],[77.17795359339867,29.25563322626995],[77.17743890060022,29.255231879527887],[77.17657971629448,29.255304390828766],[77.17547781186215,29.253409629129767],[77.1744591620795,29.253450643132282],[77.17272036438312,29.254082791403945],[77.17223157077295,29.253911529765304],[77.17212841277711,29.253469387176455],[77.17116117135123,29.253492224303336],[77.17086771806764,29.253018504526565],[77.17030701465244,29.253172115957824],[77.16993110525016,29.25225175789479],[77.16803257831309,29.252252303646255],[77.16606710479427,29.25194593776162],[77.16502809644012,29.252510252913975],[77.16425640102472,29.25264133373448],[77.16244531580726,29.25254246214043],[77.1620865107246,29.252275492207968],[77.16158781338328,29.253719567169103],[77.15836266876389,29.259614366976443],[77.15767628815313,29.2622895602841],[77.1586253777648,29.262113165833263],[77.15943857409889,29.262893545373153],[77.15984501240047,29.262943065762403],[77.1642595784347,29.262278856879732],[77.16398193706598,29.262942181143693],[77.16726444241267,29.2621833120419],[77.16928618445218,29.261167577955653],[77.16947170466516,29.262078886731295],[77.1707578742795,29.26170859447756],[77.17157578578203,29.261094723531542],[77.1729862566269,29.262790745460517]]]}},{"type":"Feature","id":"64490","properties":{"name":"Biharipur","source_code":"119391","source_subdistrict":"Baghpat","lgd_id":null,"lgd_name":null,"subdistrict":"Baghpat","status":"unlinked"},"geometry":{"type":"Polygon","coordinates":[[[77.22637143549144,29.044205828601292],[77.22278546232415,29.04076583566653],[77.22214007301758,29.04173562968643],[77.21946865054386,29.03957617571506],[77.21738093610215,29.0352641287535],[77.21571800959795,29.03586524015638],[77.21518918711719,29.035793351380317],[77.21269824027698,29.03444123969375],[77.2081379055763,29.03986688830251],[77.20778270431116,29.038418867313837],[77.20743311852446,29.037836978766926],[77.20654466033928,29.03730510453829],[77.20577343779597,29.035600012560487],[77.20487429069838,29.03455374160157],[77.20489946070006,29.033849940542503],[77.20442203522266,29.03388626203009],[77.20280031318256,29.03476692438562],[77.20185015906836,29.034063522337398],[77.19889341838626,29.034782321520076],[77.19907385816397,29.035982367947753],[77.200070015418,29.036279738844804],[77.20003428521683,29.036582004951395],[77.19952768602569,29.036796109986632],[77.19973679083567,29.03702426838694],[77.20126165308348,29.03714990091538],[77.20186768354947,29.037451909114594],[77.20432316759809,29.039688486083637],[77.20570662266749,29.04340536835829],[77.20647729486295,29.04423064905737],[77.2088195011092,29.045582901394695],[77.21083266075874,29.046317207125472],[77.21313385631373,29.047678393783944],[77.22116977641629,29.04847670015106],[77.22329007865874,29.04813702714529],[77.22390060165286,29.047550082135796],[77.22673339926054,29.045883463903706],[77.22637143549144,29.044205828601292]]]}},{"type":"Feature","id":"64491","properties":{"name":"Sarora","source_code":"119341","source_subdistrict":"Baraut","lgd_id":null,"lgd_name":null,"subdistrict":"Baraut","status":"unlinked"},"geometry":{"type":"Polygon","coordinates":[[[77.47986980645061,29.192432554095692],[77.48211828864719,29.192521178647926],[77.48239742993749,29.193325511690134],[77.48145072931652,29.19398766489432],[77.48151798972036,29.194806021056504],[77.4807825654333,29.19507759632914],[77.48050132952581,29.195875032595453],[77.48065855806864,29.196142309728383],[77.48010263193333,29.196298500128226],[77.47994954913358,29.203477148345794],[77.48041187322804,29.202788911950147],[77.48034143270884,29.200346228318285],[77.48085468507936,29.198347636020696],[77.48274734597113,29.199862776707786],[77.48411772535498,29.200252477718628],[77.4844959436072,29.20110940830765],[77.4858050096624,29.202178039204714],[77.48829854361304,29.202107175134387],[77.49231244445468,29.19909671181208],[77.4937644501782,29.198392455814865],[77.49957814616407,29.194342765650497],[77.50040358150581,29.19458043478635],[77.5016939924366,29.19399640484505],[77.50450218700834,29.191307180981813],[77.50340653222298,29.187118875530096],[77.50257767838403,29.185955284242215],[77.50151246311792,29.185133219674572],[77.49876364665948,29.184831024672597],[77.49464154838606,29.185154289873893],[77.48989712876455,29.18628408257572],[77.48739703314297,29.18805563566523],[77.4843029667189,29.189382981697996],[77.48167700067947,29.191855937571987],[77.4808315426886,29.192291556176503],[77.47986980645061,29.192432554095692]]]}},{"type":"Feature","id":"64492","properties":{"name":"Qasamabad Urf Dudba","source_code":"119438","source_subdistrict":"Baghpat","lgd_id":null,"lgd_name":null,"subdistrict":"Baghpat","status":"unlinked"},"geometry":{"type":"Polygon","coordinates":[[[77.2606461350014,28.93943575245296],[77.25369204056518,28.92529268736925],[77.24883132462588,28.927159276890816],[77.24808042060918,28.926320443104068],[77.24703397097093,28.926315999504382],[77.24232030840643,28.92719623969937],[77.24421398033518,28.92993680451103],[77.24571829075526,28.932887273115476],[77.25030389450352,28.93644131696385],[77.25080325110184,28.937992660122603],[77.25326292804525,28.94055023578086],[77.25466567821799,28.940909666703742],[77.25948793330626,28.940086707000948],[77.2606461350014,28.93943575245296]]]}},{"type":"Feature","id":"64493","properties":{"name":"Tanda","source_code":"119238","source_subdistrict":"Baraut","lgd_id":null,"lgd_name":null,"subdistrict":"Baraut","status":"unlinked"},"geometry":{"type":"Polygon","coordinates":[[[77.1772199535766,29.274311486726997],[77.17636600193131,29.272896326160133],[77.1729862566269,29.262790745460517],[77.17157578578203,29.261094723531542],[77.1707578742795,29.26170859447756],[77.16947170466516,29.262078886731295],[77.16928618445218,29.261167577955653],[77.16726444241267,29.2621833120419],[77.16398193706598,29.262942181143693],[77.1642595784347,29.262278856879732],[77.15984501240047,29.262943065762403],[77.15943857409889,29.262893545373153],[77.1586253777648,29.262113165833263],[77.15810055848917,29.26219900504352],[77.15610403202982,29.26500050883495],[77.15571682486247,29.26508498301186],[77.15572911538688,29.269949869043636],[77.15758026222693,29.275123946286378],[77.15863618107028,29.279514764700888],[77.15956675850842,29.278996276442843],[77.15976762858115,29.27948805963399],[77.16111556335203,29.278499671246458],[77.16265928829698,29.278278234272122],[77.16561280620824,29.277244287555554],[77.16573627168007,29.277366049473823],[77.16674474971386,29.27677931197274],[77.16876171626649,29.276174141993156],[77.16917376167952,29.27713954209685],[77.17019816946434,29.278005576703567],[77.1722405274209,29.276601749235606],[77.17514736227662,29.275044298159536],[77.1772199535766,29.274311486726997]]]}},{"type":"Feature","id":"64494","properties":{"name":"Garhi Kanmaran","source_code":"119339","source_subdistrict":"Baraut","lgd_id":null,"lgd_name":null,"subdistrict":"Baraut","status":"unlinked"},"geometry":{"type":"Polygon","coordinates":[[[77.43395803832904,29.195886412757833],[77.42904158471053,29.189851349078186],[77.42565503751307,29.186808562832326],[77.42486417844641,29.188054452190407],[77.42254046995585,29.19053669897606],[77.42274344821288,29.192327679870676],[77.42341308179702,29.193828834896184],[77.42590512653287,29.196299228775022],[77.42872509671004,29.19693646868038],[77.43327039780588,29.197145038913874],[77.43395803832904,29.195886412757833]]]}},{"type":"Feature","id":"64495","properties":{"name":"Nagla Bahlolpur","source_code":"119501","source_subdistrict":"Khekada","lgd_id":null,"lgd_name":null,"subdistrict":"Khekada","status":"unlinked"},"geometry":{"type":"Polygon","coordinates":[[[77.24149656069655,28.911114399106395],[77.24116907892827,28.903052455643508],[77.23996066815778,28.89598339814269],[77.23873323496386,28.89094621247329],[77.23768939218428,28.891207557121216],[77.23747828980336,28.89032376858933],[77.23395055623999,28.889138977741418],[77.23194485423991,28.88869809002487],[77.23155374090875,28.888298644466513],[77.22957333405884,28.888792477563126],[77.22802117891288,28.88871144879484],[77.22741693516124,28.8883950574603],[77.22766465723642,28.891487955315014],[77.22749869074354,28.893317746699264],[77.22795679924388,28.89436579491774],[77.23053813923677,28.895938082378297],[77.23247278955151,28.897949605078217],[77.23287740659381,28.89889025091842],[77.23292609792325,28.900445812159955],[77.23249662921901,28.90241531052834],[77.23261948801506,28.903843327216705],[77.23338654448513,28.904949385547944],[77.2343488390367,28.907270225392626],[77.23474616458597,28.909063601923368],[77.23436309040488,28.911128328880444],[77.23725664472963,28.91132124553664],[77.24149656069655,28.911114399106395]]]}},{"type":"Feature","id":"64496","properties":{"name":"Kakor Khadar","source_code":"648029","source_subdistrict":"Baraut","lgd_id":null,"lgd_name":null,"subdistrict":"Baraut","status":"unlinked"},"geometry":{"type":"Polygon","coordinates":[[[77.15675257715853,29.185496800652135],[77.15935351274894,29.184879638645295],[77.16037618548653,29.184220796538604],[77.15908801825812,29.18146159271206],[77.15848159526466,29.163845358455813],[77.15554955873627,29.163328325419943],[77.15245567338074,29.16307641794749],[77.1485037643103,29.163992743669663],[77.14300393881048,29.164724899460623],[77.14299531918587,29.16556533612086],[77.14368456179984,29.168285382590536],[77.14356141479648,29.169309412911556],[77.14434809748573,29.17072127034706],[77.14544890477113,29.175223130010487],[77.14727982064296,29.17959407824313],[77.1470096683484,29.18066593300797],[77.1540230051229,29.183947097928332],[77.15546245985921,29.185006793166977],[77.15608440168356,29.18495704609467],[77.15675257715853,29.185496800652135]]]}},{"type":"Feature","id":"64497","properties":{"name":"Kurdi Khadar","source_code":"648030","source_subdistrict":"Baraut","lgd_id":null,"lgd_name":null,"subdistrict":"Baraut","status":"unlinked"},"geometry":{"type":"Polygon","coordinates":[[[77.16123119721033,29.25282250982854],[77.16227948886835,29.252264650401983],[77.16259108385964,29.24930956862189],[77.16354975445873,29.245713340440226],[77.16335574507606,29.239080223188466],[77.16397409178772,29.23031321169455],[77.16352613592721,29.23012268579855],[77.16297087659049,29.230361875283428],[77.16227144048806,29.2301229780092],[77.16003479276698,29.230421248216757],[77.15950501245477,29.230046957640607],[77.1548465266669,29.230422364767666],[77.1514014714691,29.23100941169107],[77.14979733943453,29.23159148457173],[77.14915581620396,29.231965705681777],[77.150002010932,29.23276079841971],[77.15022353672452,29.23397425495533],[77.14925203945069,29.23637880348744],[77.14874882407402,29.23960875801637],[77.14953612936695,29.24121009987041],[77.14973365031105,29.24371494165835],[77.14947024718654,29.24535122106231],[77.14978471687505,29.250001546004654],[77.14896580391714,29.25037338264143],[77.14830333971841,29.251789451960846],[77.14966505721046,29.251728285362375],[77.15245337773149,29.250825404584717],[77.15465041427733,29.25150186686684],[77.1550004751949,29.252219190266647],[77.15724363946768,29.25223680896755],[77.15816483485474,29.253148057710707],[77.16123119721033,29.25282250982854]]]}},{"type":"Feature","id":"64498","properties":{"name":"Chhaprauli Khadar","source_code":"648031","source_subdistrict":"Baraut","lgd_id":null,"lgd_name":null,"subdistrict":"Baraut","status":"unlinked"},"geometry":{"type":"Polygon","coordinates":[[[77.16214048732054,29.230136142688334],[77.16234495023714,29.229410529127207],[77.15707905121872,29.222710305232837],[77.15469843810949,29.215587212684483],[77.15533229666465,29.2034917779649],[77.15604633876083,29.203575777992455],[77.15514654792891,29.197622052822908],[77.15260746515492,29.197609802961022],[77.14551866793936,29.198553767537106],[77.14325165346565,29.199221622332583],[77.14257536929657,29.198947437106497],[77.14219511995937,29.20407640097363],[77.14043698307286,29.205705111224052],[77.13917755405407,29.20733376623651],[77.1358150166367,29.208714416543906],[77.13433423728256,29.210009216179657],[77.1319179113647,29.2138437386912],[77.13141416538453,29.217488691070823],[77.13204168046657,29.21895023967012],[77.13198007658771,29.22057876866675],[77.13254592649892,29.22242826680395],[77.133487026069,29.223474737703704],[77.13472271112799,29.22341513826347],[77.13546707878427,29.224773749399457],[77.13776596922791,29.22620811207434],[77.14025002022177,29.226789743588828],[77.1435520094072,29.228358254057884],[77.1457841457269,29.22989702887903],[77.14784764493297,29.23039585120349],[77.14915581620396,29.231965705681777],[77.1514014714691,29.23100941169107],[77.1548465266669,29.230422364767666],[77.15950501245477,29.230046957640607],[77.16003479276698,29.230421248216757],[77.16214048732054,29.230136142688334]]]}},{"type":"Feature","id":"64499","properties":{"name":"Kirthal II","source_code":"648032","source_subdistrict":"Baraut","lgd_id":null,"lgd_name":null,"subdistrict":"Baraut","status":"unlinked"},"geometry":{"type":"Polygon","coordinates":[[[77.26364880965495,29.266937455677787],[77.26381204792543,29.264323380506283],[77.2643768776124,29.261242552704584],[77.26552711062473,29.26010173184257],[77.26635098175127,29.258473520220935],[77.26589463204061,29.255205107295264],[77.26805704833241,29.250539199912332],[77.2680755603019,29.249380468743436],[77.26886867586228,29.24722898197958],[77.26912140146676,29.245523931191407],[77.26865133103898,29.244123111550582],[77.26919678358294,29.24370149407311],[77.2675769509727,29.242654368700176],[77.268894159609,29.24166011260835],[77.27028829338641,29.24099971381028],[77.2683319327796,29.239205959608128],[77.26713452975174,29.236853065877835],[77.26492920983543,29.234614867371327],[77.2630893587525,29.231733940728034],[77.2610873103886,29.229661788962673],[77.25872591237128,29.230044745957656],[77.25280394009484,29.233993291617203],[77.25185490242734,29.24186878965855],[77.25052155207328,29.243542613612615],[77.24739672835466,29.246227694595145],[77.23803563116442,29.25005349835267],[77.23376548398164,29.253421178134644],[77.23515062777047,29.254760305869667],[77.23545476029382,29.25533763620766],[77.2352954313971,29.25551368091071],[77.23569726700674,29.256081969736034],[77.23654591847422,29.255810657339794],[77.23798789588298,29.2573165957023],[77.23954222214832,29.25777125397079],[77.24091240908909,29.259462225721496],[77.2443624514058,29.26218037375275],[77.2450429530568,29.263578599231558],[77.24559919346676,29.264115045262887],[77.24794615171842,29.26471790612663],[77.2492343196707,29.265336882081886],[77.25369692929699,29.270540056488027],[77.25458430223942,29.270786323741582],[77.25580365824314,29.270757484258937],[77.25759481145757,29.269400423536755],[77.26001867689745,29.26799392506821],[77.26364880965495,29.266937455677787]]]}},{"type":"Feature","id":"64500","properties":{"name":"Badarkha Khadar","source_code":"648035","source_subdistrict":"Baraut","lgd_id":null,"lgd_name":null,"subdistrict":"Baraut","status":"unlinked"},"geometry":{"type":"Polygon","coordinates":[[[77.15260746515492,29.197609802961022],[77.15547593670401,29.19763177016996],[77.15675257715853,29.185496800652135],[77.15608440168356,29.18495704609467],[77.15546245985921,29.185006793166977],[77.1540230051229,29.183947097928332],[77.1470096683484,29.18066593300797],[77.14376451658376,29.18312684320952],[77.1425364042123,29.18580206815301],[77.14228488174147,29.18787267262836],[77.14018290722998,29.192126887583502],[77.14074850150395,29.192600447465487],[77.14074871644925,29.19356583960078],[77.14244526724697,29.19384075559969],[77.14329360377442,29.19433684374647],[77.14257536929657,29.198947437106497],[77.14325165346565,29.199221622332583],[77.14551866793936,29.198553767537106],[77.15260746515492,29.197609802961022]]]}},{"type":"Feature","id":"64501","properties":{"name":"Akbarpur Thasaka Khadar","source_code":"648036","source_subdistrict":"Baraut","lgd_id":null,"lgd_name":null,"subdistrict":"Baraut","status":"unlinked"},"geometry":{"type":"Polygon","coordinates":[[[77.16019728984094,29.087236961742004],[77.15787723340254,29.085678533841758],[77.15714248758228,29.084627573005314],[77.15520577611225,29.08281893337787],[77.15325358047866,29.080279399819144],[77.15302965456002,29.079573338710546],[77.15093448400143,29.079667979145245],[77.1501796918038,29.08017334080489],[77.1494608422319,29.080317852334062],[77.14818207122285,29.080128656988723],[77.14676473595408,29.080552938108305],[77.14345792566463,29.08266917890181],[77.13989464094932,29.087270984550408],[77.13949943083595,29.08886795831845],[77.13692659687025,29.091209540456727],[77.13408170488471,29.09514796997394],[77.13397386569639,29.096000601404686],[77.13462640891159,29.098107256246468],[77.13501795959782,29.09858064539178],[77.14520879898373,29.097924694267284],[77.1466315506602,29.098001154512097],[77.15291890386759,29.098857174629526],[77.1554157321027,29.09973214531348],[77.1564427196864,29.09427174726104],[77.16019728984094,29.087236961742004]]]}},{"type":"Feature","id":"64502","properties":{"name":"Kotana Khadar","source_code":"648037","source_subdistrict":"Baraut","lgd_id":null,"lgd_name":null,"subdistrict":"Baraut","status":"unlinked"},"geometry":{"type":"Polygon","coordinates":[[[77.15514623195968,29.122346542355153],[77.1573532875895,29.118257172264602],[77.15824908948304,29.113505368006397],[77.15928630134908,29.111847692097395],[77.15696425104551,29.109748282775136],[77.15440915349214,29.10893247607757],[77.15294047721326,29.10708902261882],[77.15111646187137,29.102665588301804],[77.15070868981694,29.098820220809632],[77.15103138471434,29.09892002871988],[77.15108542109802,29.09854133414993],[77.14520879898373,29.097924694267284],[77.13501795959782,29.09858064539178],[77.13602875296087,29.099658899518463],[77.13630141858309,29.102952011078816],[77.13896285499763,29.108008727222526],[77.1404937750863,29.10928966361772],[77.14401245992258,29.109005073167125],[77.14468031409638,29.109334266354907],[77.14608299371677,29.1105159550642],[77.146966741493,29.111860133330516],[77.14815373814614,29.11298317912652],[77.14908458289808,29.117647478432303],[77.1484940208032,29.11856334174485],[77.14853032421561,29.1199437365259],[77.14810344183394,29.12164314493889],[77.15334036413091,29.121999571402664],[77.15514623195968,29.122346542355153]]]}},{"type":"Feature","id":"64503","properties":{"name":"Joagos Khadar","source_code":"648038","source_subdistrict":"Baraut","lgd_id":null,"lgd_name":null,"subdistrict":"Baraut","status":"unlinked"},"geometry":{"type":"Polygon","coordinates":[[[77.15999994867175,29.13589891375597],[77.15875020578562,29.133971828875236],[77.15573861118756,29.13105025406847],[77.15485140720213,29.128864427387995],[77.15500331216977,29.127285686003233],[77.1569033322876,29.122546935967765],[77.15334036413091,29.121999571402664],[77.14810344183394,29.12164314493889],[77.14807931804494,29.124820287997707],[77.14742727477245,29.126606804619062],[77.14713998149186,29.128609788778295],[77.14780885448971,29.13274189931518],[77.14683810370379,29.13442020303488],[77.14546548721984,29.13580020478732],[77.1509131840835,29.135564759146177],[77.15999994867175,29.13589891375597]]]}},{"type":"Feature","id":"64504","properties":{"name":"Khadi Pardhan Khadar","source_code":"648039","source_subdistrict":"Baraut","lgd_id":null,"lgd_name":null,"subdistrict":"Baraut","status":"unlinked"},"geometry":{"type":"Polygon","coordinates":[[[77.17115589628396,29.072891366381597],[77.17010099273172,29.07207780411685],[77.16850376392296,29.07167230600041],[77.16701372803615,29.06961543870952],[77.165731200781,29.06836653484338],[77.16590101287287,29.071945650125382],[77.16531128693613,29.073894634570813],[77.16543477074512,29.07465242107963],[77.16509664413124,29.076551779258345],[77.16430112516562,29.077801594418716],[77.1637625825614,29.079425750372607],[77.16225841842082,29.080901267226235],[77.1603891343957,29.08066269890743],[77.15959796456961,29.080013372652424],[77.15851945884923,29.079774493995867],[77.15813934799523,29.079445335566582],[77.15669116903675,29.079224660518534],[77.15302756382138,29.07957340884529],[77.15325358047866,29.080279399819144],[77.15520577611225,29.08281893337787],[77.15714248758228,29.084627573005314],[77.15787723340254,29.085678533841758],[77.16123538682227,29.08298648209949],[77.16614879289817,29.080941151263353],[77.17115589628396,29.072891366381597]]]}},{"type":"Feature","id":"64505","properties":{"name":"Shabga Khadar","source_code":"648040","source_subdistrict":"Baraut","lgd_id":null,"lgd_name":null,"subdistrict":"Baraut","status":"unlinked"},"geometry":{"type":"Polygon","coordinates":[[[77.14985028258296,29.163744442703862],[77.14928377068759,29.163060765108025],[77.1488428450267,29.16161590450374],[77.15094708900152,29.160856723648656],[77.15144305843403,29.160267183048408],[77.15124053385306,29.158951222999228],[77.1538913517723,29.157076189167366],[77.1560833385994,29.14172411879665],[77.15899755648027,29.139386617666094],[77.15995764567128,29.137964156238105],[77.16049912242197,29.135915605874953],[77.1509131840835,29.135564759146177],[77.14546548721984,29.13580020478732],[77.14442877379032,29.13657238478226],[77.14294909154638,29.136951453744768],[77.13595649329707,29.141964124233972],[77.13628064033924,29.145406073383274],[77.13620915349428,29.149520187912962],[77.13919000081114,29.1516536050794],[77.14167251757473,29.15422014750872],[77.14289600737793,29.156231885162097],[77.1434978255099,29.158938450514476],[77.14352914137062,29.161618056738842],[77.14302562435803,29.16261055162886],[77.14300393881048,29.164724899460623],[77.14985028258296,29.163744442703862]]]}},{"type":"Feature","id":"66254","properties":{"name":"Khekhra Rural","source_code":"119507","source_subdistrict":"Khekada","lgd_id":null,"lgd_name":null,"subdistrict":"Khekada","status":"unlinked"},"geometry":{"type":"Polygon","coordinates":[[[77.26424827381352,28.854764431277317],[77.26478107923816,28.854977038860028],[77.26506282792789,28.85584768988859],[77.26858040151525,28.854810756362276],[77.26676283291714,28.851137109767116],[77.27169617487733,28.849471111412115],[77.27038975375345,28.845809343294295],[77.27151345955293,28.84529079507574],[77.27137642282662,28.84499310960859],[77.27180580657944,28.844788249291494],[77.27193553396178,28.84506513011559],[77.27377731525623,28.843848770773494],[77.27401667405987,28.844312908865614],[77.27448376705094,28.84413423376571],[77.2746050203808,28.844373727121326],[77.2769609836662,28.843285522802148],[77.27898165795705,28.842713230881422],[77.27970236322878,28.84258901521832],[77.28008860020422,28.843303253703326],[77.2838436936436,28.842175506858474],[77.28457325413841,28.84416785115965],[77.28382223647992,28.84437460189519],[77.28410118560703,28.84597220677215],[77.28577488410646,28.84897939519439],[77.28307121812121,28.850088274680594],[77.28377932045966,28.852663083090803],[77.2854769598579,28.85610025759961],[77.28707002470384,28.854660618312824],[77.29143755448138,28.85157655154713],[77.2919513440466,28.850676950868092],[77.29233104113777,28.850940457270735],[77.29287737319777,28.85050410127788],[77.29316705180509,28.850682646822648],[77.29439014005627,28.85253387407366],[77.2947441905924,28.85241171295744],[77.29533421618255,28.853191416479053],[77.2951243167236,28.85332703791405],[77.29655755169888,28.855139595733256],[77.29686166348111,28.855038265539505],[77.29787310195807,28.85614097260716],[77.29743968818889,28.856394875756834],[77.29897119652833,28.858587932440383],[77.29966021825567,28.858347971568705],[77.3007342558074,28.85978611977392],[77.30010739760864,28.860054238122164],[77.30108732151236,28.86260938751846],[77.30057484674848,28.862786327224978],[77.30098268569489,28.863951845326223],[77.29864640859945,28.86485655112497],[77.2993710142438,28.866834058515355],[77.29884434158899,28.866936638766337],[77.29949680358557,28.869505094265094],[77.29867025873209,28.86950145219408],[77.29903233258469,28.870252218674327],[77.30145309500692,28.87323264671348],[77.30092613763829,28.873690835505002],[77.30455989497516,28.87710021196472],[77.30100446034817,28.87780486624382],[77.2957267423355,28.878446873027585],[77.29084179774638,28.878643041316266],[77.28580847386144,28.878436682312337],[77.2849269145131,28.877269858310637],[77.28364676275581,28.874808783503028],[77.28500255897082,28.874197326914754],[77.2840675326115,28.872804458016724],[77.28140292423615,28.87366736987559],[77.27850480099508,28.875689535532064],[77.27624556362233,28.87290418668338],[77.27638910831939,28.872271831819756],[77.27498598563996,28.870688597846314],[77.27438317926705,28.869606108902307],[77.27354681016976,28.86982373588246],[77.27338005161138,28.86952537319126],[77.27252898467162,28.8699291717835],[77.27227993720685,28.869645413342038],[77.27243525809587,28.86952581191276],[77.27136003704588,28.86775738054561],[77.27162063025729,28.867692331387357],[77.27157134905698,28.867354776382502],[77.27114893721865,28.86743800944585],[77.27084092793285,28.866394514160973],[77.26457929700143,28.868581889645448],[77.26457099214669,28.86892697639485],[77.26243115021656,28.869753814897116],[77.26050623756979,28.87113007426485],[77.26061686874225,28.87159813244113],[77.25821864860794,28.87233620614987],[77.25725176974129,28.87303406940246],[77.25610468814801,28.874398041679118],[77.25570781351807,28.874075933123883],[77.25493907907263,28.874665851570054],[77.25680198928454,28.876683473964572],[77.25773935300585,28.876515053513536],[77.25846957011252,28.877097772514634],[77.26005541905434,28.877762218288858],[77.26132839018793,28.87879025400899],[77.26267164971519,28.880087812253684],[77.26383648287278,28.881700951813336],[77.26605951662582,28.88371787927086],[77.27009627431988,28.889908041706025],[77.27268517238123,28.894362797539358],[77.27377227791615,28.8943226148123],[77.27623269437366,28.893358265469885],[77.27730018787257,28.893342880709113],[77.28202525523282,28.891645495219738],[77.28528120176331,28.89089575303705],[77.28623807809917,28.889838662740047],[77.28690373098914,28.888156121763004],[77.28834924253526,28.886537094564],[77.28985075655757,28.886713455671572],[77.29912075208816,28.88279484864219],[77.30044307115368,28.882448196550882],[77.30058625801718,28.881997803286595],[77.30287706986809,28.881801623804932],[77.30498687141709,28.881166326711625],[77.30866058921863,28.879584598469847],[77.31080856213124,28.879821942928444],[77.31231599379194,28.88060194007749],[77.31429820541535,28.879696046804455],[77.3153563488053,28.875705579765228],[77.31601319010124,28.87088657495998],[77.31683034033767,28.869223175384942],[77.31032923773014,28.869415949123685],[77.30978091468823,28.869222254273453],[77.30959236852573,28.86737426946822],[77.30974954893668,28.86539792116907],[77.30934265579312,28.863076660970435],[77.30759151486671,28.856858609927617],[77.30509361619482,28.85170127811858],[77.30919481952482,28.847057470634947],[77.31039797305291,28.846037853102565],[77.30947204913153,28.844814727900587],[77.30876531784894,28.84490347492973],[77.30720181906405,28.845849933010154],[77.30323388073072,28.846990678199],[77.29794542762211,28.849283049756846],[77.29662637952374,28.849495576293933],[77.29605615831905,28.84856350452521],[77.29479789623558,28.848609327253335],[77.29037200094521,28.84628704880393],[77.28904491892672,28.84599622681159],[77.28788667277999,28.844953526264238],[77.28681307022443,28.84265436628347],[77.28496094737679,28.841985625478163],[77.28419709079931,28.842073295072186],[77.28351458497677,28.8410553998557],[77.28242850142695,28.8410705030679],[77.27686064266459,28.842200201036064],[77.27658422378691,28.84177619940999],[77.27606826657212,28.841851277315797],[77.27004967748759,28.84441544197914],[77.26616559949724,28.847787350306447],[77.26539393263509,28.848227002847064],[77.26495817796634,28.848118926209107],[77.26466736806483,28.848348759176456],[77.26578960820721,28.851017860952368],[77.26560844215251,28.852322951217904],[77.26424827381352,28.854764431277317]]]}},{"type":"Feature","id":"66256","properties":{"name":"Baghpat (NPP)","source_code":"800724","source_subdistrict":"Baghpat","lgd_id":null,"lgd_name":null,"subdistrict":"Baghpat","status":"unlinked"},"geometry":{"type":"Polygon","coordinates":[[[77.20772521907999,28.96088580718409],[77.20827162722001,28.95849889023207],[77.20783500099613,28.95601359541186],[77.20836842022639,28.954885589369603],[77.20809968738634,28.953147871381425],[77.2088180482141,28.95200954195882],[77.21048814041119,28.951673067912715],[77.21181100796288,28.951032668196145],[77.21215761448063,28.95136364621792],[77.21275803436295,28.95136055456382],[77.21412309556463,28.950896880807406],[77.21440389806004,28.95141626037557],[77.21499045157906,28.951345222419956],[77.21516537157102,28.95178152209816],[77.22090071690278,28.952070671490414],[77.22344719045175,28.952466849698865],[77.22349449282486,28.950355528417624],[77.2244483562416,28.949004577457824],[77.22415933094359,28.948850636201787],[77.22453149534005,28.947354206562817],[77.22477624300157,28.94673563085873],[77.22536519285687,28.946556280815905],[77.22549175215708,28.945028509485144],[77.22597449937003,28.944779619600038],[77.22582536619687,28.94250239415237],[77.22682615273001,28.941802126063774],[77.22706355421356,28.942198883452242],[77.22750133925547,28.941895051355278],[77.22622711311278,28.940370095747436],[77.22682148143345,28.93994711930208],[77.2264637213681,28.939426419176524],[77.22649219012219,28.93815418521746],[77.22664005229115,28.9377370152458],[77.22713815465333,28.93748838524566],[77.22754308525096,28.936588235148445],[77.22743125516395,28.93539480530474],[77.22787143731298,28.934982692118965],[77.22770103789148,28.934343375034093],[77.22797651480262,28.933725314510514],[77.2277406394185,28.933260879386445],[77.22826959123242,28.93163171887006],[77.22757337867196,28.931105156130155],[77.22718910935522,28.93039443325467],[77.2260213629215,28.930306513762943],[77.22500154408817,28.929110879502208],[77.22467452288971,28.929281231939928],[77.22442267733359,28.928843591020538],[77.22394968934859,28.928659375862473],[77.22392619380479,28.9283340110281],[77.22252016725322,28.927442539755212],[77.22198230556684,28.92815883509654],[77.22068541795842,28.928902036345264],[77.21597318412347,28.930603755418954],[77.2153854512582,28.930938241241783],[77.21399904587753,28.932539987405793],[77.21034740160285,28.934210529535594],[77.20677704325338,28.93488266067046],[77.2045288693025,28.933818771011193],[77.20290680203762,28.93350248223016],[77.2014079393135,28.933919490237315],[77.1979246821712,28.936534311485623],[77.19644716807282,28.938209556093884],[77.1959015109863,28.9393282312026],[77.19561810565412,28.941453144193463],[77.19616204936538,28.94414199227221],[77.1971871939425,28.946543280298247],[77.19697218547455,28.947291146756612],[77.19616594644206,28.94821558318372],[77.19614054895246,28.949199449445047],[77.19470331410947,28.951577777137793],[77.19442018025492,28.95444703801467],[77.19296047170445,28.958440742048694],[77.1929807085705,28.958914092297512],[77.19318317328549,28.95951529754679],[77.19464568683999,28.961246311059988],[77.19532977941586,28.966923815267293],[77.1959233460244,28.967581785752976],[77.19730788694393,28.96828547494007],[77.19823463090624,28.96917257307037],[77.1997133050035,28.970686717366846],[77.2008833891585,28.972328968846647],[77.20560963067587,28.972835405499836],[77.20908620726976,28.97359559723039],[77.21096348690565,28.969539526798442],[77.21187818724691,28.969257588550303],[77.21159796310835,28.968711151933046],[77.21217663163561,28.966257120346306],[77.20829519600154,28.962236117974594],[77.20772521907999,28.96088580718409]]]}},{"type":"Feature","id":"66257","properties":{"name":"Doghat (NP)","source_code":"800722","source_subdistrict":"Baraut","lgd_id":null,"lgd_name":null,"subdistrict":"Baraut","status":"unlinked"},"geometry":{"type":"Polygon","coordinates":[[[77.37110571726173,29.200876355872],[77.3724155969474,29.200563521278546],[77.37280821952335,29.20098378617235],[77.37235013074813,29.201336335339143],[77.3731214947157,29.202020832088674],[77.37504068844198,29.201264090335673],[77.37483831472821,29.200905173164568],[77.37606861847313,29.20047615267106],[77.3760043731275,29.200268653656828],[77.37663397893574,29.200002265751444],[77.37630311536137,29.19925357678276],[77.37592792104579,29.19942462608832],[77.37582815125303,29.199150205766735],[77.37542629143807,29.199300798192528],[77.37532555378658,29.19908185386635],[77.37469029238265,29.199286441576533],[77.37394780493211,29.196714151576224],[77.37310976100783,29.19653005180375],[77.37298088604099,29.19691714922028],[77.37224249477421,29.197043949760683],[77.37216008026631,29.196495050178225],[77.37156373594401,29.195717900690124],[77.37200671823014,29.19516660528531],[77.37127507344465,29.19506530139022],[77.37094992395005,29.19475969709866],[77.3706895490519,29.194148422908412],[77.37090051674028,29.19289497181542],[77.37060670180414,29.192834146795043],[77.37096177401403,29.192449226700784],[77.37130823236683,29.19240577067783],[77.3712884255557,29.191695760891452],[77.37078504221105,29.191438083354555],[77.37094520909757,29.191002626650132],[77.37054708136853,29.190738954914007],[77.37064318027839,29.19029750338803],[77.37023132309385,29.190305493583445],[77.37132732232205,29.18929599118347],[77.37053877810445,29.188117275249294],[77.37053710291806,29.187680955514338],[77.36985666786583,29.188510707794954],[77.36242362013628,29.194734564601813],[77.36353927271725,29.200199273069597],[77.36644878446063,29.20147469417668],[77.36896454519216,29.203528038315827],[77.37034856524447,29.20281628754267],[77.37019607032853,29.202396243061976],[77.37143637707186,29.20183189148638],[77.3710613553027,29.201239403884255],[77.37110571726173,29.200876355872]]]}},{"type":"Feature","id":"66258","properties":{"name":"Khekada (NPP)","source_code":"800727","source_subdistrict":"Khekada","lgd_id":null,"lgd_name":null,"subdistrict":"Khekada","status":"unlinked"},"geometry":{"type":"Polygon","coordinates":[[[77.29741421551782,28.87828127615109],[77.30455989497516,28.87710021196472],[77.30092613763829,28.873690835505002],[77.30145309500692,28.87323264671348],[77.29903233258469,28.870252218674327],[77.29867025873209,28.86950145219408],[77.29949680358557,28.869505094265094],[77.29884434158899,28.866936638766337],[77.2993710142438,28.866834058515355],[77.29864640859945,28.86485655112497],[77.30098268569489,28.863951845326223],[77.30057484674848,28.862786327224978],[77.30108732151236,28.86260938751846],[77.30010739760864,28.860054238122164],[77.3007342558074,28.85978611977392],[77.29966021825567,28.858347971568705],[77.29897119652833,28.858587932440383],[77.29743968818889,28.856394875756834],[77.29787310195807,28.85614097260716],[77.29686166348111,28.855038265539505],[77.29655755169888,28.855139595733256],[77.2951243167236,28.85332703791405],[77.29533421618255,28.853191416479053],[77.2947441905924,28.85241171295744],[77.29439014005627,28.85253387407366],[77.29287737319777,28.85050410127788],[77.29233104113777,28.850940457270735],[77.29194726451344,28.850679321989947],[77.29143755448138,28.85157655154713],[77.28707002470384,28.854660618312824],[77.2854769598579,28.85610025759961],[77.28377932045966,28.852663083090803],[77.28307121812121,28.850088274680594],[77.28577488410646,28.84897939519439],[77.28410118560703,28.84597220677215],[77.28382223647992,28.84437460189519],[77.28457325413841,28.84416785115965],[77.2838436936436,28.842175506858474],[77.28008860020422,28.843303253703326],[77.27970236322878,28.84258901521832],[77.27898165795705,28.842713230881422],[77.2769609836662,28.843285522802148],[77.2746050203808,28.844373727121326],[77.27448376705094,28.84413423376571],[77.27401667405987,28.844312908865614],[77.27377731525623,28.843848770773494],[77.27193553396178,28.84506513011559],[77.27180580657944,28.844788249291494],[77.27137642282662,28.84499310960859],[77.27151345955293,28.84529079507574],[77.27038975375345,28.845809343294295],[77.27169617487733,28.849471111412115],[77.26676283291714,28.851137109767116],[77.26858040151525,28.854810756362276],[77.26506282792789,28.85584768988859],[77.26478107923816,28.854977038860028],[77.2630041200446,28.85432515264077],[77.26189131437742,28.855684322768116],[77.25838508539583,28.856852587441313],[77.25073764573585,28.874168839684696],[77.25227986802624,28.874715983534312],[77.25387846299459,28.874494431002862],[77.2543383401092,28.875049718251496],[77.25570781351807,28.874075933123883],[77.25610468814801,28.874398041679118],[77.25777481564056,28.87258251792742],[77.2588854762775,28.87201237068368],[77.26061686874225,28.87159813244113],[77.26050623756979,28.87113007426485],[77.26243115021656,28.869753814897116],[77.26457099214669,28.86892697639485],[77.26457929700143,28.868581889645448],[77.27084092793285,28.866394514160973],[77.27114893721865,28.86743800944585],[77.27157134905698,28.867354776382502],[77.27162063025729,28.867692331387357],[77.27136003704588,28.86775738054561],[77.27243525809587,28.86952581191276],[77.27227993720685,28.869645413342038],[77.27252898467162,28.8699291717835],[77.27338005161138,28.86952537319126],[77.27354681016976,28.86982373588246],[77.27438317926705,28.869606108902307],[77.27498598563996,28.870688597846314],[77.27638910831939,28.872271831819756],[77.27624556362233,28.87290418668338],[77.27850480099508,28.875689535532064],[77.28140292423615,28.87366736987559],[77.2840675326115,28.872804458016724],[77.28500255897082,28.874197326914754],[77.28364676275581,28.874808783503028],[77.2849269145131,28.877269858310637],[77.28580847386144,28.878436682312337],[77.29084179774638,28.878643041316266],[77.29741421551782,28.87828127615109]]]}},{"type":"Feature","id":"66264","properties":{"name":"Tikri (NP)","source_code":"800721","source_subdistrict":"Baraut","lgd_id":null,"lgd_name":null,"subdistrict":"Baraut","status":"unlinked"},"geometry":{"type":"Polygon","coordinates":[[[77.35212247587795,29.236607391080984],[77.35338676083063,29.236434658862738],[77.36363820295323,29.23112765920327],[77.36474256206071,29.230776570322146],[77.36498017410314,29.23115357884365],[77.36694152582278,29.230604518953292],[77.3642355050469,29.22324276463748],[77.35891652370427,29.22569471729561],[77.35708981154498,29.22302514728205],[77.35751896559792,29.222744247810965],[77.35696106618055,29.222041993648308],[77.3570576251437,29.221601911682693],[77.34761534398025,29.225917361431765],[77.34738668134833,29.225711011545453],[77.34679124010407,29.226071155946077],[77.34610585932381,29.225743990630694],[77.34429361914869,29.226607178216312],[77.3477711168103,29.231772888508424],[77.346989281732,29.232146857993474],[77.34829336032844,29.234024577878806],[77.34957192417728,29.233141647959034],[77.35093057553699,29.235399958888593],[77.35114113857156,29.235280885301723],[77.35144303881546,29.23572763723899],[77.35169097378747,29.235632442917183],[77.35212247587795,29.236607391080984]]]}},{"type":"Feature","id":"66265","properties":{"name":"Chhaprauli (NP)","source_code":"800720","source_subdistrict":"Baraut","lgd_id":null,"lgd_name":null,"subdistrict":"Baraut","status":"unlinked"},"geometry":{"type":"Polygon","coordinates":[[[77.17228308143486,29.215600977427705],[77.17328063975957,29.21541961042632],[77.17325426061866,29.21525844602891],[77.17365581073258,29.215248212266125],[77.1735659159032,29.215057992793025],[77.17508023409651,29.21432745675415],[77.17527961075818,29.214691486082437],[77.17505345283375,29.214840624228795],[77.17519919824016,29.215492004818127],[77.17605859449674,29.21634515371065],[77.17709640285182,29.21575738141686],[77.1771000783764,29.21634588483272],[77.17782100868847,29.216183647957457],[77.17782905169373,29.21644051287069],[77.178679824954,29.21617648459563],[77.17783934400143,29.215367960599238],[77.17833627118428,29.214837865491567],[77.17816449416011,29.21465045753382],[77.18044352413287,29.2131957046767],[77.18137328026287,29.21233594997746],[77.18057429307936,29.21142802340942],[77.17990904073012,29.209341719263705],[77.18304681528797,29.208737028361956],[77.18194309325814,29.20543347073064],[77.18213358635758,29.205400809506152],[77.18126054811513,29.20322040541516],[77.17533342619755,29.201723064133446],[77.1740260566361,29.20269432100355],[77.17421993514039,29.203030062878014],[77.17123228458006,29.20413020625049],[77.1680865254952,29.204850218234544],[77.16823254175955,29.205211339599074],[77.1667793608516,29.2065113162476],[77.16754334514064,29.20702828013549],[77.16722997248475,29.20760933841801],[77.16781752970344,29.208636650586268],[77.16621805321846,29.209112537936],[77.16633154486148,29.20950861103307],[77.16770413433399,29.209609743325835],[77.16815821334514,29.211701116950273],[77.1694580854184,29.211467724454973],[77.16960694015376,29.211809961621896],[77.16987921912785,29.21177882078104],[77.17005385438624,29.212149229062156],[77.16909877554285,29.2123194216992],[77.17037059356198,29.21559164758836],[77.17158188745964,29.21694509185745],[77.17228308143486,29.215600977427705]]]}},{"type":"Feature","id":"66266","properties":{"name":"Agarwal Mandi (Tatiri) (NP)","source_code":"800725","source_subdistrict":"Baghpat","lgd_id":null,"lgd_name":null,"subdistrict":"Baghpat","status":"unlinked"},"geometry":{"type":"Polygon","coordinates":[[[77.27169545279945,28.961464909865526],[77.27208794653208,28.96127185648664],[77.27336108563267,28.95536920368234],[77.27420780829497,28.95513347020822],[77.2741240743276,28.953823908299167],[77.27644078011868,28.953438245728847],[77.27632510140775,28.95306025450088],[77.27825395747418,28.952723112295892],[77.27734519019631,28.950688132656126],[77.27566146646862,28.950965892278802],[77.27542508713691,28.95032274647787],[77.27372241775964,28.950497269052406],[77.27383905187529,28.9498265889282],[77.27317579111931,28.949724843698924],[77.27007077325246,28.946706597310747],[77.26838441020955,28.949271528623836],[77.26668862273665,28.94948365878792],[77.26617132496095,28.94874401907446],[77.26528922309556,28.949171155047598],[77.26564183619948,28.94991004685773],[77.25979974623034,28.94894758554232],[77.25959265178514,28.95045807849444],[77.26046864089479,28.951223531692055],[77.26015417993979,28.95158613914029],[77.26072905626982,28.953648432417392],[77.26086246431151,28.955848472932075],[77.2613888637571,28.955746678607667],[77.26208581661317,28.955997399375253],[77.26288686167817,28.957192128157534],[77.26267682783451,28.95737590196432],[77.26355773006047,28.95851087923944],[77.26421275964196,28.957985742715607],[77.26493457256649,28.95922640083407],[77.2662369377226,28.95830142488005],[77.26728563153247,28.95988511602831],[77.26803026484554,28.959501145166644],[77.26936218454564,28.96169307957435],[77.27082691336105,28.961302237757614],[77.27169545279945,28.961464909865526]]]}},{"type":"Feature","id":"66267","properties":{"name":"Aminagar Sarai (NP)","source_code":"800726","source_subdistrict":"Baghpat","lgd_id":null,"lgd_name":null,"subdistrict":"Baghpat","status":"unlinked"},"geometry":{"type":"Polygon","coordinates":[[[77.39379169446032,28.990702017051348],[77.39397992939023,28.99057299957921],[77.395924747063,28.99089807087801],[77.39782958106957,28.989605688406094],[77.39840078596343,28.98948646279846],[77.4001437856473,28.987965197636314],[77.40108320172997,28.987728922066047],[77.40079435384492,28.986952932973235],[77.39944925711376,28.986528691445656],[77.39935457786744,28.985588172170367],[77.3984080789497,28.985254226645896],[77.39769809374215,28.984555227524794],[77.39736994685849,28.984569458203104],[77.39654672311524,28.983619971066517],[77.39615262057046,28.983924441193142],[77.39553015950749,28.98335255085327],[77.39444177306133,28.98218621033109],[77.39393322119295,28.980709651669386],[77.39360965267382,28.981625028697838],[77.39132849949061,28.982645813647842],[77.3901694405664,28.983458093076077],[77.38966819283722,28.983367659022964],[77.38938937437452,28.983584153514034],[77.39079697817647,28.985888494519997],[77.38959613965301,28.986642437823072],[77.38979037209539,28.986965798904535],[77.38917634422737,28.987297380131896],[77.38857171579936,28.987470021860137],[77.38843073892531,28.987119258389825],[77.3878232151932,28.987293605807814],[77.38806863298691,28.988098042095704],[77.38721167144213,28.988513624386943],[77.38711091941836,28.989592407037527],[77.3871110490608,28.98980202373387],[77.38854038815538,28.98966500643892],[77.38907883593946,28.989027034229434],[77.39040537859147,28.99023446933714],[77.39092383246691,28.989765828887336],[77.39135768274483,28.990012381451468],[77.39126558957854,28.990143889087346],[77.3927873722428,28.991668774790107],[77.3936714578866,28.991651020630393],[77.39394028559946,28.991319814497405],[77.39379169446032,28.990702017051348]]]}},{"type":"Feature","id":"66290","properties":{"name":"Nangal Khadar","source_code":"648034","source_subdistrict":"Baraut","lgd_id":null,"lgd_name":null,"subdistrict":"Baraut","status":"unlinked"},"geometry":{"type":"Polygon","coordinates":[[[77.15767628815313,29.2622895602841],[77.15836266876389,29.259614366976443],[77.16158781338328,29.253719567169103],[77.1620865107246,29.252275492207968],[77.16123119721033,29.25282250982854],[77.15816483485474,29.253148057710707],[77.15724363946768,29.25223680896755],[77.1550004751949,29.252219190266647],[77.15465041427733,29.25150186686684],[77.15245337773149,29.250825404584717],[77.14966505721046,29.251728285362375],[77.14830333971841,29.251789451960846],[77.1460119742133,29.25672292055909],[77.14539161347591,29.25756293212473],[77.14267552681595,29.258310251952178],[77.14016475288905,29.261105934072344],[77.1431120747257,29.26184048110449],[77.1463230317491,29.263356051226435],[77.14839672108032,29.263910710737992],[77.15013583517293,29.263851850468175],[77.15176168292012,29.263021387665557],[77.15243579817849,29.26339127261997],[77.1546634518134,29.26233052781403],[77.15629968200881,29.262095575301238],[77.15767628815313,29.2622895602841]]]}}],"metadata":{"source":"https://surveyofindia.gov.in/documents/UTTAR_PRADESH.zip","sha256":"e087410793d3bee408284988c86d4c92166dccd049b2da0083ccfd71b0caa6d4","output_crs":"EPSG:4326","simplification_metres":15,"source_edition":"Unverified","statuses":{"unlinked":333},"linked_directory_villages":0,"directory_villages_without_shape":null,"rejected":[],"note":"Source place coverage, not a certified district outline. Accepted Census/LGD links pending; no population assigned."}}